archivo,sumatoria_campos,campos_sin_informacion
muestras\XSHOO.2026-09-04\XSHOO.2026-09-04T01_43_37.983.fits,440,1
muestras\XSHOO.2026-09-04\XSHOO.2026-09-04T01_43_39.203.fits,440,1
muestras\XSHOO.2026-09-04\XSHOO.2026-09-04T01_43_39.392.fits,552,1
muestras\XSHOO.2026-09-04\XSHOO.2026-09-04T01_44_07.216.fits,440,1
muestras\XSHOO.2026-09-04\XSHOO.2026-09-04T01_44_08.436.fits,440,1
muestras\XSHOO.2026-09-04\XSHOO.2026-09-04T01_44_08.605.fits,552,1
muestras\XSHOO.2026-09-04\XSHOO.2026-09-04T01_44_23.958.fits,440,1
muestras\XSHOO.2026-09-04\XSHOO.2026-09-04T01_44_24.995.fits,552,1
muestras\XSHOO.2026-09-04\XSHOO.2026-09-04T01_44_25.178.fits,440,1
muestras\XSHOO.2026-09-04\XSHOO.2026-09-04T02_41_56.567.fits,438,1
muestras\XSHOO.2026-09-04\XSHOO.2026-09-04T02_41_57.787.fits,438,1
muestras\XSHOO.2026-09-04\XSHOO.2026-09-04T02_41_58.022.fits,550,1
muestras\XSHOO.2026-09-04\XSHOO.2026-09-04T02_42_25.169.fits,438,1
muestras\XSHOO.2026-09-04\XSHOO.2026-09-04T02_42_26.389.fits,438,1
muestras\XSHOO.2026-09-04\XSHOO.2026-09-04T02_42_26.570.fits,550,1
muestras\XSHOO.2026-09-04\XSHOO.2026-09-04T02_42_41.981.fits,438,1
muestras\XSHOO.2026-09-04\XSHOO.2026-09-04T02_42_42.958.fits,550,1
muestras\XSHOO.2026-09-04\XSHOO.2026-09-04T02_42_43.201.fits,438,1
muestras\XSHOO.2026-09-04\XSHOO.2026-09-04T03_15_25.840.fits,438,1
muestras\XSHOO.2026-09-04\XSHOO.2026-09-04T03_15_27.060.fits,438,1
muestras\XSHOO.2026-09-04\XSHOO.2026-09-04T03_15_27.285.fits,550,1
muestras\XSHOO.2026-09-04\XSHOO.2026-09-04T03_15_55.202.fits,438,1
muestras\XSHOO.2026-09-04\XSHOO.2026-09-04T03_15_56.422.fits,438,1
muestras\XSHOO.2026-09-04\XSHOO.2026-09-04T03_15_56.501.fits,550,1
muestras\XSHOO.2026-09-04\XSHOO.2026-09-04T03_16_12.934.fits,438,1
muestras\XSHOO.2026-09-04\XSHOO.2026-09-04T03_16_14.154.fits,438,1
muestras\XSHOO.2026-09-04\XSHOO.2026-09-04T03_16_14.220.fits,550,1
muestras\XSHOO.2026-09-04\XSHOO.2026-09-04T04_15_29.093.fits,440,1
muestras\XSHOO.2026-09-04\XSHOO.2026-09-04T04_15_30.312.fits,440,1
muestras\XSHOO.2026-09-04\XSHOO.2026-09-04T04_15_30.534.fits,552,1
muestras\XSHOO.2026-09-04\XSHOO.2026-09-04T04_15_59.195.fits,440,1
muestras\XSHOO.2026-09-04\XSHOO.2026-09-04T04_16_00.415.fits,440,1
muestras\XSHOO.2026-09-04\XSHOO.2026-09-04T04_16_00.468.fits,552,1
muestras\XSHOO.2026-09-04\XSHOO.2026-09-04T04_16_16.976.fits,440,1
muestras\XSHOO.2026-09-04\XSHOO.2026-09-04T04_16_18.191.fits,552,1
muestras\XSHOO.2026-09-04\XSHOO.2026-09-04T04_16_18.196.fits,440,1
muestras\XSHOO.2026-09-04\XSHOO.2026-09-04T04_36_24.854.fits,440,1
muestras\XSHOO.2026-09-04\XSHOO.2026-09-04T04_36_26.074.fits,440,1
muestras\XSHOO.2026-09-04\XSHOO.2026-09-04T04_36_26.260.fits,552,1
muestras\XSHOO.2026-09-04\XSHOO.2026-09-04T04_36_53.197.fits,440,1
muestras\XSHOO.2026-09-04\XSHOO.2026-09-04T04_36_54.139.fits,552,1
muestras\XSHOO.2026-09-04\XSHOO.2026-09-04T04_36_54.417.fits,440,1
muestras\XSHOO.2026-09-04\XSHOO.2026-09-04T04_37_09.958.fits,440,1
muestras\XSHOO.2026-09-04\XSHOO.2026-09-04T04_37_11.178.fits,440,1
muestras\XSHOO.2026-09-04\XSHOO.2026-09-04T04_37_11.193.fits,552,1
muestras\XSHOO.2026-09-04\XSHOO.2026-09-04T10_04_58.818.fits,321,0
muestras\XSHOO.2026-09-04\XSHOO.2026-09-04T10_05_03.848.fits,321,0
muestras\XSHOO.2026-09-04\XSHOO.2026-09-04T10_05_05.978.fits,321,0
muestras\XSHOO.2026-09-04\XSHOO.2026-09-04T10_05_07.978.fits,321,0
muestras\XSHOO.2026-09-04\XSHOO.2026-09-04T10_05_09.978.fits,321,0
muestras\XSHOO.2026-09-04\XSHOO.2026-09-04T10_05_14.069.fits,321,0
muestras\XSHOO.2026-09-04\XSHOO.2026-09-04T10_05_15.998.fits,321,0
muestras\XSHOO.2026-09-04\XSHOO.2026-09-04T10_05_17.978.fits,321,0
muestras\XSHOO.2026-09-04\XSHOO.2026-09-04T10_05_19.978.fits,321,0
muestras\XSHOO.2026-09-04\XSHOO.2026-09-04T10_05_23.979.fits,321,0
muestras\XSHOO.2026-09-04\XSHOO.2026-09-04T10_05_32.070.fits,348,1
muestras\XSHOO.2026-09-04\XSHOO.2026-09-04T10_06_47.276.fits,348,1
muestras\XSHOO.2026-09-04\XSHOO.2026-09-04T10_08_21.204.fits,348,1
muestras\XSHOO.2026-09-04\XSHOO.2026-09-04T10_09_36.070.fits,348,1
muestras\XSHOO.2026-09-04\XSHOO.2026-09-04T10_11_12.258.fits,348,1
muestras\XSHOO.2026-09-04\XSHOO.2026-09-04T10_12_27.384.fits,348,1
muestras\XSHOO.2026-09-04\XSHOO.2026-09-04T10_14_04.252.fits,348,1
muestras\XSHOO.2026-09-04\XSHOO.2026-09-04T10_15_19.257.fits,348,1
muestras\XSHOO.2026-09-04\XSHOO.2026-09-04T10_15_46.668.fits,461,2
muestras\XSHOO.2026-09-04\XSHOO.2026-09-04T10_16_02.724.fits,461,2
muestras\XSHOO.2026-09-04\XSHOO.2026-09-04T10_16_18.778.fits,461,2
muestras\XSHOO.2026-09-04\XSHOO.2026-09-04T10_16_53.005.fits,348,1
muestras\XSHOO.2026-09-04\XSHOO.2026-09-04T10_18_08.251.fits,348,1
muestras\XSHOO.2026-09-04\XSHOO.2026-09-04T10_19_45.339.fits,348,1
muestras\XSHOO.2026-09-04\XSHOO.2026-09-04T10_20_28.372.fits,348,1
muestras\XSHOO.2026-09-04\XSHOO.2026-09-04T10_21_21.247.fits,348,1
muestras\XSHOO.2026-09-04\XSHOO.2026-09-04T10_22_05.130.fits,348,1
muestras\XSHOO.2026-09-04\XSHOO.2026-09-04T10_22_58.334.fits,348,1
muestras\XSHOO.2026-09-04\XSHOO.2026-09-04T10_23_41.248.fits,348,1
muestras\XSHOO.2026-09-04\XSHOO.2026-09-04T10_24_34.232.fits,348,1
muestras\XSHOO.2026-09-04\XSHOO.2026-09-04T10_25_18.146.fits,348,1
muestras\XSHOO.2026-09-04\XSHOO.2026-09-04T10_26_11.330.fits,348,1
muestras\XSHOO.2026-09-04\XSHOO.2026-09-04T10_26_54.244.fits,348,1
muestras\XSHOO.2026-09-04\XSHOO.2026-09-04T10_27_47.318.fits,348,1
muestras\XSHOO.2026-09-04\XSHOO.2026-09-04T10_28_14.240.fits,348,1
muestras\XSHOO.2026-09-04\XSHOO.2026-09-04T10_28_46.252.fits,348,1
muestras\XSHOO.2026-09-04\XSHOO.2026-09-04T10_29_12.225.fits,348,1
muestras\XSHOO.2026-09-04\XSHOO.2026-09-04T10_29_40.988.fits,348,1
muestras\XSHOO.2026-09-04\XSHOO.2026-09-04T10_30_07.239.fits,348,1
muestras\XSHOO.2026-09-04\XSHOO.2026-09-04T10_30_39.242.fits,348,1
muestras\XSHOO.2026-09-04\XSHOO.2026-09-04T10_31_05.224.fits,348,1
muestras\XSHOO.2026-09-04\XSHOO.2026-09-04T10_31_37.347.fits,348,1
muestras\XSHOO.2026-09-04\XSHOO.2026-09-04T10_32_04.349.fits,348,1
muestras\XSHOO.2026-09-04\XSHOO.2026-09-04T10_32_37.271.fits,348,1
muestras\XSHOO.2026-09-04\XSHOO.2026-09-04T10_33_01.424.fits,348,1
muestras\XSHOO.2026-09-04\XSHOO.2026-09-04T10_33_30.406.fits,348,1
muestras\XSHOO.2026-09-04\XSHOO.2026-09-04T10_33_51.307.fits,348,1
muestras\XSHOO.2026-09-04\XSHOO.2026-09-04T10_34_20.420.fits,348,1
muestras\XSHOO.2026-09-04\XSHOO.2026-09-04T10_34_44.342.fits,348,1
muestras\XSHOO.2026-09-04\XSHOO.2026-09-04T10_35_13.334.fits,348,1
muestras\XSHOO.2026-09-04\XSHOO.2026-09-04T10_35_37.326.fits,348,1
muestras\XSHOO.2026-09-04\XSHOO.2026-09-04T10_36_03.058.fits,348,1
muestras\XSHOO.2026-09-04\XSHOO.2026-09-04T10_36_26.330.fits,348,1
muestras\XSHOO.2026-09-04\XSHOO.2026-09-04T10_36_55.293.fits,348,1
muestras\XSHOO.2026-09-04\XSHOO.2026-09-04T10_37_08.053.fits,348,1
muestras\XSHOO.2026-09-04\XSHOO.2026-09-04T10_37_27.295.fits,348,1
muestras\XSHOO.2026-09-04\XSHOO.2026-09-04T10_37_43.406.fits,348,1
muestras\XSHOO.2026-09-04\XSHOO.2026-09-04T10_38_03.198.fits,348,1
muestras\XSHOO.2026-09-04\XSHOO.2026-09-04T10_38_19.289.fits,348,1
muestras\XSHOO.2026-09-04\XSHOO.2026-09-04T10_38_38.301.fits,348,1
muestras\XSHOO.2026-09-04\XSHOO.2026-09-04T10_38_54.292.fits,348,1
muestras\XSHOO.2026-09-04\XSHOO.2026-09-04T10_39_10.274.fits,348,1
muestras\XSHOO.2026-09-04\XSHOO.2026-09-04T10_39_26.295.fits,348,1
muestras\XSHOO.2026-09-04\XSHOO.2026-09-04T10_39_45.276.fits,348,1
muestras\XSHOO.2026-09-04\XSHOO.2026-09-04T10_39_58.287.fits,348,1
muestras\XSHOO.2026-09-04\XSHOO.2026-09-04T10_40_12.279.fits,348,1
muestras\XSHOO.2026-09-04\XSHOO.2026-09-04T10_40_25.290.fits,348,1
muestras\XSHOO.2026-09-04\XSHOO.2026-09-04T10_40_39.381.fits,348,1
muestras\XSHOO.2026-09-04\XSHOO.2026-09-04T10_40_52.302.fits,348,1
muestras\XSHOO.2026-09-04\XSHOO.2026-09-04T10_41_06.283.fits,348,1
muestras\XSHOO.2026-09-04\XSHOO.2026-09-04T10_41_16.264.fits,348,1
muestras\XSHOO.2026-09-04\XSHOO.2026-09-04T10_41_30.285.fits,348,1
muestras\XSHOO.2026-09-04\XSHOO.2026-09-04T10_41_43.375.fits,348,1
muestras\XSHOO.2026-09-04\XSHOO.2026-09-04T10_41_56.991.fits,461,2
muestras\XSHOO.2026-09-04\XSHOO.2026-09-04T10_42_12.553.fits,461,2
muestras\XSHOO.2026-09-04\XSHOO.2026-09-04T10_42_24.114.fits,461,2
muestras\XSHOO.2026-09-04\XSHOO.2026-09-04T10_42_39.815.fits,461,2
muestras\XSHOO.2026-09-04\XSHOO.2026-09-04T10_42_52.708.fits,461,2
muestras\XSHOO.2026-09-04\XSHOO.2026-09-04T10_43_05.601.fits,461,2
muestras\XSHOO.2026-09-04\XSHOO.2026-09-04T10_43_19.301.fits,461,2
muestras\XSHOO.2026-09-04\XSHOO.2026-09-04T10_43_31.294.fits,461,2
muestras\XSHOO.2026-09-04\XSHOO.2026-09-04T10_43_43.286.fits,461,2
muestras\XSHOO.2026-09-04\XSHOO.2026-09-04T10_43_57.613.fits,461,2
muestras\XSHOO.2026-09-04\XSHOO.2026-09-04T11_29_09.518.fits,461,2
muestras\XSHOO.2026-09-04\XSHOO.2026-09-04T11_44_19.280.fits,461,2
muestras\XSHOO.2026-09-04\XSHOO.2026-09-04T11_54_28.036.fits,461,2
muestras\XSHOO.2026-09-04\XSHOO.2026-09-04T12_04_33.470.fits,461,2
muestras\XSHOO.2026-09-04\XSHOO.2026-09-04T12_14_43.037.fits,461,2
muestras\XSHOO.2026-09-04\XSHOO.2026-09-04T12_29_51.732.fits,461,2
muestras\XSHOO.2026-09-04\XSHOO.2026-09-04T12_45_00.429.fits,461,2
muestras\XSHOO.2026-09-04\XSHOO.2026-09-04T13_00_10.599.fits,461,2
muestras\XSHOO.2026-09-04\XSHOO.2026-09-04T13_03_38.792.fits,461,2
muestras\XSHOO.2026-09-04\XSHOO.2026-09-04T13_07_07.656.fits,461,2
muestras\XSHOO.2026-09-04\XSHOO.2026-09-04T13_11_02.492.fits,351,1
muestras\XSHOO.2026-09-04\XSHOO.2026-09-04T13_11_03.319.fits,464,2
muestras\XSHOO.2026-09-04\XSHOO.2026-09-04T13_11_03.712.fits,351,1
muestras\XSHOO.2026-09-04\XSHOO.2026-09-04T13_11_31.045.fits,351,1
muestras\XSHOO.2026-09-04\XSHOO.2026-09-04T13_11_31.868.fits,464,2
muestras\XSHOO.2026-09-04\XSHOO.2026-09-04T13_11_32.265.fits,351,1
muestras\XSHOO.2026-09-04\XSHOO.2026-09-04T13_11_48.336.fits,351,1
muestras\XSHOO.2026-09-04\XSHOO.2026-09-04T13_11_49.556.fits,351,1
muestras\XSHOO.2026-09-04\XSHOO.2026-09-04T13_11_49.588.fits,464,2
muestras\XSHOO.2026-09-04\XSHOO.2026-09-04T13_14_46.260.fits,351,1
muestras\XSHOO.2026-09-04\XSHOO.2026-09-04T13_16_50.970.fits,351,1
muestras\XSHOO.2026-09-04\XSHOO.2026-09-04T13_18_54.870.fits,351,1
muestras\XSHOO.2026-09-04\XSHOO.2026-09-04T13_20_59.150.fits,464,2
muestras\XSHOO.2026-09-04\XSHOO.2026-09-04T13_21_21.374.fits,461,2
muestras\XSHOO.2026-09-04\XSHOO.2026-09-04T13_22_21.898.fits,464,2
muestras\XSHOO.2026-09-04\XSHOO.2026-09-04T13_22_50.872.fits,461,2
muestras\XSHOO.2026-09-04\XSHOO.2026-09-04T13_23_17.837.fits,464,2
muestras\XSHOO.2026-09-04\XSHOO.2026-09-04T13_23_42.797.fits,461,2
muestras\XSHOO.2026-09-04\XSHOO.2026-09-04T13_24_10.433.fits,464,2
muestras\XSHOO.2026-09-04\XSHOO.2026-09-04T13_24_38.739.fits,461,2
muestras\XSHOO.2026-09-04\XSHOO.2026-09-04T13_25_06.375.fits,464,2
muestras\XSHOO.2026-09-04\XSHOO.2026-09-04T13_25_35.347.fits,461,2
muestras\XSHOO.2026-09-04\XSHOO.2026-09-04T13_26_02.319.fits,464,2
muestras\XSHOO.2026-09-04\XSHOO.2026-09-04T13_26_30.623.fits,461,2
muestras\XSHOO.2026-09-04\XSHOO.2026-09-04T13_29_20.511.fits,351,1
muestras\XSHOO.2026-09-04\XSHOO.2026-09-04T13_30_02.044.fits,351,1
muestras\XSHOO.2026-09-04\XSHOO.2026-09-04T13_30_47.398.fits,351,1
muestras\XSHOO.2026-09-04\XSHOO.2026-09-04T13_31_32.292.fits,351,1
muestras\XSHOO.2026-09-04\XSHOO.2026-09-04T13_32_14.045.fits,351,1
muestras\XSHOO.2026-09-04\XSHOO.2026-09-04T13_33_40.042.fits,351,1
muestras\XSHOO.2026-09-04\XSHOO.2026-09-04T13_35_03.399.fits,351,1
muestras\XSHOO.2026-09-04\XSHOO.2026-09-04T13_36_23.295.fits,351,1
muestras\XSHOO.2026-09-04\XSHOO.2026-09-04T13_37_47.302.fits,351,1
muestras\XSHOO.2026-09-04\XSHOO.2026-09-04T13_39_11.289.fits,351,1
muestras\XSHOO.2026-09-04\XSHOO.2026-09-04T13_40_47.527.fits,351,1
muestras\XSHOO.2026-09-04\XSHOO.2026-09-04T13_42_12.383.fits,351,1
muestras\XSHOO.2026-09-04\XSHOO.2026-09-04T13_43_37.290.fits,351,1
muestras\XSHOO.2026-09-04\XSHOO.2026-09-04T13_44_58.267.fits,351,1
muestras\XSHOO.2026-09-04\XSHOO.2026-09-04T13_46_23.374.fits,351,1
muestras\XSHOO.2026-09-04\XSHOO.2026-09-04T13_48_00.678.fits,464,2
muestras\XSHOO.2026-09-04\XSHOO.2026-09-04T13_48_22.986.fits,461,2
muestras\XSHOO.2026-09-04\XSHOO.2026-09-04T13_48_43.907.fits,464,2
muestras\XSHOO.2026-09-04\XSHOO.2026-09-04T13_49_06.906.fits,461,2
muestras\XSHOO.2026-09-04\XSHOO.2026-09-04T13_49_27.826.fits,464,2
muestras\XSHOO.2026-09-04\XSHOO.2026-09-04T13_49_50.131.fits,461,2
muestras\XSHOO.2026-09-04\XSHOO.2026-09-04T13_50_11.054.fits,464,2
muestras\XSHOO.2026-09-04\XSHOO.2026-09-04T13_50_33.361.fits,461,2
muestras\XSHOO.2026-09-04\XSHOO.2026-09-04T13_50_54.280.fits,464,2
muestras\XSHOO.2026-09-04\XSHOO.2026-09-04T13_51_15.894.fits,461,2
muestras\XSHOO.2026-09-04\XSHOO.2026-09-04T13_54_01.971.fits,351,1
muestras\XSHOO.2026-09-04\XSHOO.2026-09-04T13_54_39.404.fits,351,1
muestras\XSHOO.2026-09-04\XSHOO.2026-09-04T13_55_17.337.fits,351,1
muestras\XSHOO.2026-09-04\XSHOO.2026-09-04T13_55_55.290.fits,351,1
muestras\XSHOO.2026-09-04\XSHOO.2026-09-04T13_56_33.323.fits,351,1
muestras\XSHOO.2026-09-04\XSHOO.2026-09-04T13_57_51.830.fits,351,1
muestras\XSHOO.2026-09-04\XSHOO.2026-09-04T13_58_54.315.fits,351,1
muestras\XSHOO.2026-09-04\XSHOO.2026-09-04T13_59_56.420.fits,351,1
muestras\XSHOO.2026-09-04\XSHOO.2026-09-04T14_00_57.984.fits,351,1
muestras\XSHOO.2026-09-04\XSHOO.2026-09-04T14_01_57.040.fits,351,1
muestras\XSHOO.2026-09-04\XSHOO.2026-09-04T14_03_07.725.fits,351,1
muestras\XSHOO.2026-09-04\XSHOO.2026-09-04T14_04_06.040.fits,351,1
muestras\XSHOO.2026-09-04\XSHOO.2026-09-04T14_05_05.235.fits,351,1
muestras\XSHOO.2026-09-04\XSHOO.2026-09-04T14_06_07.390.fits,351,1
muestras\XSHOO.2026-09-04\XSHOO.2026-09-04T14_07_09.085.fits,351,1
muestras\XSHOO.2026-09-04\XSHOO.2026-09-04T14_08_26.881.fits,464,2
muestras\XSHOO.2026-09-04\XSHOO.2026-09-04T14_08_45.028.fits,461,2
muestras\XSHOO.2026-09-04\XSHOO.2026-09-04T14_09_01.788.fits,464,2
muestras\XSHOO.2026-09-04\XSHOO.2026-09-04T14_09_16.469.fits,461,2
muestras\XSHOO.2026-09-04\XSHOO.2026-09-04T14_09_33.233.fits,464,2
muestras\XSHOO.2026-09-04\XSHOO.2026-09-04T14_09_51.381.fits,461,2
muestras\XSHOO.2026-09-04\XSHOO.2026-09-04T14_10_08.835.fits,464,2
muestras\XSHOO.2026-09-04\XSHOO.2026-09-04T14_10_26.979.fits,461,2
muestras\XSHOO.2026-09-04\XSHOO.2026-09-04T14_10_43.742.fits,464,2
muestras\XSHOO.2026-09-04\XSHOO.2026-09-04T14_11_01.888.fits,461,2
muestras\XSHOO.2026-09-04\XSHOO.2026-09-04T14_13_43.517.fits,351,1
muestras\XSHOO.2026-09-04\XSHOO.2026-09-04T14_14_18.410.fits,351,1
muestras\XSHOO.2026-09-04\XSHOO.2026-09-04T14_14_54.263.fits,351,1
muestras\XSHOO.2026-09-04\XSHOO.2026-09-04T14_15_29.416.fits,351,1
muestras\XSHOO.2026-09-04\XSHOO.2026-09-04T14_16_05.238.fits,351,1
muestras\XSHOO.2026-09-04\XSHOO.2026-09-04T14_17_17.694.fits,351,1
muestras\XSHOO.2026-09-04\XSHOO.2026-09-04T14_18_12.288.fits,351,1
muestras\XSHOO.2026-09-04\XSHOO.2026-09-04T14_19_07.313.fits,351,1
muestras\XSHOO.2026-09-04\XSHOO.2026-09-04T14_20_02.408.fits,351,1
muestras\XSHOO.2026-09-04\XSHOO.2026-09-04T14_20_53.922.fits,351,1
muestras\XSHOO.2026-09-04\XSHOO.2026-09-04T14_22_03.657.fits,351,1
muestras\XSHOO.2026-09-04\XSHOO.2026-09-04T14_22_58.081.fits,351,1
muestras\XSHOO.2026-09-04\XSHOO.2026-09-04T14_23_53.386.fits,351,1
muestras\XSHOO.2026-09-04\XSHOO.2026-09-04T14_24_48.291.fits,351,1
muestras\XSHOO.2026-09-04\XSHOO.2026-09-04T14_25_43.385.fits,351,1
muestras\XSHOO.2026-09-04\XSHOO.2026-09-04T14_29_05.791.fits,351,1
muestras\XSHOO.2026-09-04\XSHOO.2026-09-04T14_29_40.394.fits,351,1
muestras\XSHOO.2026-09-04\XSHOO.2026-09-04T14_30_14.407.fits,351,1
muestras\XSHOO.2026-09-04\XSHOO.2026-09-04T14_30_47.309.fits,351,1
muestras\XSHOO.2026-09-04\XSHOO.2026-09-04T14_31_22.193.fits,351,1
muestras\XSHOO.2026-09-04\XSHOO.2026-09-04T14_32_35.929.fits,351,1
muestras\XSHOO.2026-09-04\XSHOO.2026-09-04T14_33_24.412.fits,351,1
muestras\XSHOO.2026-09-04\XSHOO.2026-09-04T14_34_12.387.fits,351,1
muestras\XSHOO.2026-09-04\XSHOO.2026-09-04T14_35_00.290.fits,351,1
muestras\XSHOO.2026-09-04\XSHOO.2026-09-04T14_35_45.284.fits,351,1
muestras\XSHOO.2026-09-04\XSHOO.2026-09-04T14_36_50.789.fits,351,1
muestras\XSHOO.2026-09-04\XSHOO.2026-09-04T14_37_40.294.fits,351,1
muestras\XSHOO.2026-09-04\XSHOO.2026-09-04T14_38_29.288.fits,351,1
muestras\XSHOO.2026-09-04\XSHOO.2026-09-04T14_39_18.302.fits,351,1
muestras\XSHOO.2026-09-04\XSHOO.2026-09-04T14_40_04.036.fits,351,1
muestras\XSHOO.2026-09-04\XSHOO.2026-09-04T14_43_22.801.fits,351,1
muestras\XSHOO.2026-09-04\XSHOO.2026-09-04T14_43_56.294.fits,351,1
muestras\XSHOO.2026-09-04\XSHOO.2026-09-04T14_44_28.016.fits,351,1
muestras\XSHOO.2026-09-04\XSHOO.2026-09-04T14_44_56.929.fits,351,1
muestras\XSHOO.2026-09-04\XSHOO.2026-09-04T14_45_25.051.fits,351,1
muestras\XSHOO.2026-09-04\XSHOO.2026-09-04T14_46_38.047.fits,351,1
muestras\XSHOO.2026-09-04\XSHOO.2026-09-04T14_47_23.201.fits,351,1
muestras\XSHOO.2026-09-04\XSHOO.2026-09-04T14_48_07.285.fits,351,1
muestras\XSHOO.2026-09-04\XSHOO.2026-09-04T14_48_51.288.fits,351,1
muestras\XSHOO.2026-09-04\XSHOO.2026-09-04T14_49_35.321.fits,351,1
muestras\XSHOO.2026-09-04\XSHOO.2026-09-04T14_50_39.797.fits,351,1
muestras\XSHOO.2026-09-04\XSHOO.2026-09-04T14_51_25.390.fits,351,1
muestras\XSHOO.2026-09-04\XSHOO.2026-09-04T14_52_11.284.fits,351,1
muestras\XSHOO.2026-09-04\XSHOO.2026-09-04T14_52_56.998.fits,351,1
muestras\XSHOO.2026-09-04\XSHOO.2026-09-04T14_53_42.291.fits,351,1
muestras\XSHOO.2026-09-04\XSHOO.2026-09-04T15_16_59.118.fits,464,2
muestras\XSHOO.2026-09-04\XSHOO.2026-09-04T15_17_20.733.fits,461,2
muestras\XSHOO.2026-09-04\XSHOO.2026-09-04T15_17_41.654.fits,464,2
muestras\XSHOO.2026-09-04\XSHOO.2026-09-04T15_18_03.961.fits,461,2
muestras\XSHOO.2026-09-04\XSHOO.2026-09-04T15_18_22.107.fits,464,2
muestras\XSHOO.2026-09-04\XSHOO.2026-09-04T15_18_44.414.fits,461,2
muestras\XSHOO.2026-09-04\XSHOO.2026-09-04T15_19_05.336.fits,464,2
muestras\XSHOO.2026-09-04\XSHOO.2026-09-04T15_19_24.173.fits,461,2
muestras\XSHOO.2026-09-04\XSHOO.2026-09-04T15_19_45.095.fits,464,2
muestras\XSHOO.2026-09-04\XSHOO.2026-09-04T15_20_07.402.fits,461,2
muestras\XSHOO.2026-09-04\XSHOO.2026-09-04T15_20_36.059.fits,464,2
muestras\XSHOO.2026-09-04\XSHOO.2026-09-04T15_20_54.207.fits,461,2
muestras\XSHOO.2026-09-04\XSHOO.2026-09-04T15_21_10.967.fits,464,2
muestras\XSHOO.2026-09-04\XSHOO.2026-09-04T15_21_29.116.fits,461,2
muestras\XSHOO.2026-09-04\XSHOO.2026-09-04T15_21_45.879.fits,464,2
muestras\XSHOO.2026-09-04\XSHOO.2026-09-04T15_22_04.028.fits,461,2
muestras\XSHOO.2026-09-04\XSHOO.2026-09-04T15_22_20.789.fits,464,2
muestras\XSHOO.2026-09-04\XSHOO.2026-09-04T15_22_35.469.fits,461,2
muestras\XSHOO.2026-09-04\XSHOO.2026-09-04T15_22_52.231.fits,464,2
muestras\XSHOO.2026-09-04\XSHOO.2026-09-04T15_23_10.378.fits,461,2
muestras\XSHOO.2026-09-04\XSHOO.2026-09-04T15_26_02.899.fits,351,1
muestras\XSHOO.2026-09-04\XSHOO.2026-09-04T15_26_31.291.fits,351,1
muestras\XSHOO.2026-09-04\XSHOO.2026-09-04T15_26_56.043.fits,351,1
muestras\XSHOO.2026-09-04\XSHOO.2026-09-04T15_27_24.416.fits,351,1
muestras\XSHOO.2026-09-04\XSHOO.2026-09-04T15_27_52.298.fits,351,1
muestras\XSHOO.2026-09-04\XSHOO.2026-09-04T15_29_00.933.fits,351,1
muestras\XSHOO.2026-09-04\XSHOO.2026-09-04T15_29_32.396.fits,351,1
muestras\XSHOO.2026-09-04\XSHOO.2026-09-04T15_30_01.049.fits,351,1
muestras\XSHOO.2026-09-04\XSHOO.2026-09-04T15_30_33.391.fits,351,1
muestras\XSHOO.2026-09-04\XSHOO.2026-09-04T15_31_02.283.fits,351,1
muestras\XSHOO.2026-09-04\XSHOO.2026-09-04T15_31_57.828.fits,351,1
muestras\XSHOO.2026-09-04\XSHOO.2026-09-04T15_32_33.391.fits,351,1
muestras\XSHOO.2026-09-04\XSHOO.2026-09-04T15_33_09.084.fits,351,1
muestras\XSHOO.2026-09-04\XSHOO.2026-09-04T15_33_45.397.fits,351,1
muestras\XSHOO.2026-09-04\XSHOO.2026-09-04T15_34_18.039.fits,351,1
muestras\XSHOO.2026-09-04\XSHOO.2026-09-04T15_37_23.634.fits,351,1
muestras\XSHOO.2026-09-04\XSHOO.2026-09-04T15_38_44.261.fits,351,1
muestras\XSHOO.2026-09-04\XSHOO.2026-09-04T15_40_05.377.fits,351,1
muestras\XSHOO.2026-09-04\XSHOO.2026-09-04T15_41_28.354.fits,351,1
muestras\XSHOO.2026-09-04\XSHOO.2026-09-04T15_42_46.230.fits,351,1
muestras\XSHOO.2026-09-04\XSHOO.2026-09-04T15_44_47.980.fits,351,1
muestras\XSHOO.2026-09-04\XSHOO.2026-09-04T15_46_16.247.fits,351,1
muestras\XSHOO.2026-09-04\XSHOO.2026-09-04T15_47_44.254.fits,351,1
muestras\XSHOO.2026-09-04\XSHOO.2026-09-04T15_49_09.242.fits,351,1
muestras\XSHOO.2026-09-04\XSHOO.2026-09-04T15_50_37.258.fits,351,1
muestras\XSHOO.2026-09-04\XSHOO.2026-09-04T15_52_27.747.fits,351,1
muestras\XSHOO.2026-09-04\XSHOO.2026-09-04T15_54_17.336.fits,351,1
muestras\XSHOO.2026-09-04\XSHOO.2026-09-04T15_56_08.235.fits,351,1
muestras\XSHOO.2026-09-04\XSHOO.2026-09-04T15_57_57.244.fits,351,1
muestras\XSHOO.2026-09-04\XSHOO.2026-09-04T15_59_47.323.fits,351,1
muestras\XSHOO.2026-09-04\XSHOO.2026-09-04T16_04_01.624.fits,351,1
muestras\XSHOO.2026-09-04\XSHOO.2026-09-04T16_05_23.360.fits,351,1
muestras\XSHOO.2026-09-04\XSHOO.2026-09-04T16_06_45.247.fits,351,1
muestras\XSHOO.2026-09-04\XSHOO.2026-09-04T16_08_07.264.fits,351,1
muestras\XSHOO.2026-09-04\XSHOO.2026-09-04T16_09_29.051.fits,351,1
muestras\XSHOO.2026-09-04\XSHOO.2026-09-04T16_11_30.890.fits,351,1
muestras\XSHOO.2026-09-04\XSHOO.2026-09-04T16_13_02.257.fits,351,1
muestras\XSHOO.2026-09-04\XSHOO.2026-09-04T16_14_33.345.fits,351,1
muestras\XSHOO.2026-09-04\XSHOO.2026-09-04T16_16_04.372.fits,351,1
muestras\XSHOO.2026-09-04\XSHOO.2026-09-04T16_17_35.350.fits,351,1
muestras\XSHOO.2026-09-04\XSHOO.2026-09-04T16_19_04.547.fits,351,1
muestras\XSHOO.2026-09-04\XSHOO.2026-09-04T16_20_06.003.fits,351,1
muestras\XSHOO.2026-09-04\XSHOO.2026-09-04T16_21_06.207.fits,351,1
muestras\XSHOO.2026-09-04\XSHOO.2026-09-04T16_22_08.002.fits,351,1
muestras\XSHOO.2026-09-04\XSHOO.2026-09-04T16_23_09.197.fits,351,1
muestras\XSHOO.2026-09-04\XSHOO.2026-09-04T16_26_34.574.fits,351,1
muestras\XSHOO.2026-09-04\XSHOO.2026-09-04T16_27_21.928.fits,351,1
muestras\XSHOO.2026-09-04\XSHOO.2026-09-04T16_28_08.331.fits,351,1
muestras\XSHOO.2026-09-04\XSHOO.2026-09-04T16_28_55.235.fits,351,1
muestras\XSHOO.2026-09-04\XSHOO.2026-09-04T16_29_42.329.fits,351,1
muestras\XSHOO.2026-09-04\XSHOO.2026-09-04T16_31_09.966.fits,351,1
muestras\XSHOO.2026-09-04\XSHOO.2026-09-04T16_32_00.320.fits,351,1
muestras\XSHOO.2026-09-04\XSHOO.2026-09-04T16_32_53.285.fits,351,1
muestras\XSHOO.2026-09-04\XSHOO.2026-09-04T16_33_41.149.fits,351,1
muestras\XSHOO.2026-09-04\XSHOO.2026-09-04T16_34_32.333.fits,351,1
muestras\XSHOO.2026-09-04\XSHOO.2026-09-04T16_37_33.257.fits,351,1
muestras\XSHOO.2026-09-04\XSHOO.2026-09-04T16_37_52.169.fits,351,1
muestras\XSHOO.2026-09-04\XSHOO.2026-09-04T16_38_10.380.fits,351,1
muestras\XSHOO.2026-09-04\XSHOO.2026-09-04T16_38_28.372.fits,351,1
muestras\XSHOO.2026-09-04\XSHOO.2026-09-04T16_38_46.264.fits,351,1
muestras\XSHOO.2026-09-04\XSHOO.2026-09-04T16_39_41.888.fits,351,3
muestras\XSHOO.2026-09-04\XSHOO.2026-09-04T16_40_03.950.fits,351,1
muestras\XSHOO.2026-09-04\XSHOO.2026-09-04T16_40_26.262.fits,351,1
muestras\XSHOO.2026-09-04\XSHOO.2026-09-04T16_40_48.273.fits,351,1
muestras\XSHOO.2026-09-04\XSHOO.2026-09-04T16_41_08.005.fits,351,1
muestras\XSHOO.2026-09-04\XSHOO.2026-09-04T16_43_45.508.fits,351,1
muestras\XSHOO.2026-09-04\XSHOO.2026-09-04T16_44_18.010.fits,351,1
muestras\XSHOO.2026-09-04\XSHOO.2026-09-04T16_44_50.403.fits,351,1
muestras\XSHOO.2026-09-04\XSHOO.2026-09-04T16_45_19.286.fits,351,1
muestras\XSHOO.2026-09-04\XSHOO.2026-09-04T16_45_51.408.fits,351,1
muestras\XSHOO.2026-09-04\XSHOO.2026-09-04T16_47_01.874.fits,351,1
muestras\XSHOO.2026-09-04\XSHOO.2026-09-04T16_47_46.408.fits,351,1
muestras\XSHOO.2026-09-04\XSHOO.2026-09-04T16_48_30.101.fits,351,1
muestras\XSHOO.2026-09-04\XSHOO.2026-09-04T16_49_14.404.fits,351,1
muestras\XSHOO.2026-09-04\XSHOO.2026-09-04T16_49_58.298.fits,351,1
muestras\XSHOO.2026-09-04\XSHOO.2026-09-04T16_50_44.411.fits,351,1
muestras\XSHOO.2026-09-04\XSHOO.2026-09-04T16_51_29.306.fits,351,1
muestras\XSHOO.2026-09-04\XSHOO.2026-09-04T16_52_14.389.fits,351,1
muestras\XSHOO.2026-09-04\XSHOO.2026-09-04T16_52_59.283.fits,351,1
muestras\XSHOO.2026-09-04\XSHOO.2026-09-04T16_53_45.186.fits,351,1
muestras\XSHOO.2026-09-04\XSHOO.2026-09-04T16_55_11.363.fits,351,1
muestras\XSHOO.2026-09-04\XSHOO.2026-09-04T16_55_16.504.fits,351,1
muestras\XSHOO.2026-09-04\XSHOO.2026-09-04T17_12_11.746.fits,355,1
muestras\XSHOO.2026-09-04\XSHOO.2026-09-04T17_12_16.837.fits,355,1
muestras\XSHOO.2026-09-04\XSHOO.2026-09-04T18_12_29.590.fits,355,1
muestras\XSHOO.2026-09-04\XSHOO.2026-09-04T18_12_35.700.fits,355,1
muestras\XSHOO.2026-09-04\XSHOO.2026-09-04T19_12_47.873.fits,355,1
muestras\XSHOO.2026-09-04\XSHOO.2026-09-04T19_12_55.324.fits,355,1
muestras\XSHOO.2026-09-04\XSHOO.2026-09-04T20_21_00.646.fits,356,1
muestras\XSHOO.2026-09-04\XSHOO.2026-09-04T20_21_01.777.fits,469,2
muestras\XSHOO.2026-09-04\XSHOO.2026-09-04T20_21_01.866.fits,356,1
muestras\XSHOO.2026-09-04\XSHOO.2026-09-04T20_21_29.748.fits,356,1
muestras\XSHOO.2026-09-04\XSHOO.2026-09-04T20_21_30.968.fits,356,1
muestras\XSHOO.2026-09-04\XSHOO.2026-09-04T20_21_30.990.fits,469,2
muestras\XSHOO.2026-09-04\XSHOO.2026-09-04T20_24_28.072.fits,356,1
muestras\XSHOO.2026-09-04\XSHOO.2026-09-04T20_26_32.542.fits,356,1
muestras\XSHOO.2026-09-04\XSHOO.2026-09-04T20_28_36.972.fits,356,1
muestras\XSHOO.2026-09-04\XSHOO.2026-09-04T20_30_41.884.fits,469,2
muestras\XSHOO.2026-09-04\XSHOO.2026-09-04T20_31_04.110.fits,466,2
muestras\XSHOO.2026-09-04\XSHOO.2026-09-04T23_52_25.265.fits,355,1
muestras\XSHOO.2026-09-04\XSHOO.2026-09-04T23_52_30.406.fits,355,1
muestras\XSHOO.2026-09-05\XSHOO.2026-09-05T00_55_08.050.fits,355,1
muestras\XSHOO.2026-09-05\XSHOO.2026-09-05T00_55_14.200.fits,355,1
muestras\XSHOO.2026-09-05\XSHOO.2026-09-05T01_57_51.115.fits,355,1
muestras\XSHOO.2026-09-05\XSHOO.2026-09-05T01_57_57.275.fits,355,1
muestras\XSHOO.2026-09-05\XSHOO.2026-09-05T07_03_06.579.fits,440,1
muestras\XSHOO.2026-09-05\XSHOO.2026-09-05T07_03_07.799.fits,440,1
muestras\XSHOO.2026-09-05\XSHOO.2026-09-05T07_03_07.949.fits,552,1
muestras\XSHOO.2026-09-05\XSHOO.2026-09-05T07_03_35.902.fits,440,1
muestras\XSHOO.2026-09-05\XSHOO.2026-09-05T07_03_37.122.fits,440,1
muestras\XSHOO.2026-09-05\XSHOO.2026-09-05T07_03_37.163.fits,552,1
muestras\XSHOO.2026-09-05\XSHOO.2026-09-05T07_03_53.663.fits,440,1
muestras\XSHOO.2026-09-05\XSHOO.2026-09-05T07_03_54.883.fits,552,1
muestras\XSHOO.2026-09-05\XSHOO.2026-09-05T07_03_54.884.fits,440,1
muestras\XSHOO.2026-09-05\XSHOO.2026-09-05T07_06_56.678.fits,446,1
muestras\XSHOO.2026-09-05\XSHOO.2026-09-05T07_07_01.888.fits,445,1
muestras\XSHOO.2026-09-05\XSHOO.2026-09-05T07_07_05.268.fits,557,1
muestras\XSHOO.2026-09-05\XSHOO.2026-09-05T07_11_56.822.fits,446,1
muestras\XSHOO.2026-09-05\XSHOO.2026-09-05T07_12_02.082.fits,445,1
muestras\XSHOO.2026-09-05\XSHOO.2026-09-05T07_12_05.447.fits,557,1
muestras\XSHOO.2026-09-05\XSHOO.2026-09-05T07_20_56.416.fits,440,1
muestras\XSHOO.2026-09-05\XSHOO.2026-09-05T07_20_57.636.fits,440,1
muestras\XSHOO.2026-09-05\XSHOO.2026-09-05T07_20_57.844.fits,552,1
muestras\XSHOO.2026-09-05\XSHOO.2026-09-05T07_21_26.889.fits,440,1
muestras\XSHOO.2026-09-05\XSHOO.2026-09-05T07_21_27.776.fits,552,1
muestras\XSHOO.2026-09-05\XSHOO.2026-09-05T07_21_28.109.fits,440,1
muestras\XSHOO.2026-09-05\XSHOO.2026-09-05T07_21_44.131.fits,440,1
muestras\XSHOO.2026-09-05\XSHOO.2026-09-05T07_21_45.350.fits,440,1
muestras\XSHOO.2026-09-05\XSHOO.2026-09-05T07_21_45.498.fits,552,1
muestras\XSHOO.2026-09-05\XSHOO.2026-09-05T07_33_11.396.fits,438,3
muestras\XSHOO.2026-09-05\XSHOO.2026-09-05T07_33_12.616.fits,438,1
muestras\XSHOO.2026-09-05\XSHOO.2026-09-05T07_33_12.853.fits,550,1
muestras\XSHOO.2026-09-05\XSHOO.2026-09-05T07_33_39.878.fits,438,1
muestras\XSHOO.2026-09-05\XSHOO.2026-09-05T07_33_40.733.fits,550,1
muestras\XSHOO.2026-09-05\XSHOO.2026-09-05T07_33_41.098.fits,438,1
muestras\XSHOO.2026-09-05\XSHOO.2026-09-05T07_33_57.159.fits,438,1
muestras\XSHOO.2026-09-05\XSHOO.2026-09-05T07_33_58.379.fits,438,1
muestras\XSHOO.2026-09-05\XSHOO.2026-09-05T07_33_58.456.fits,550,1
muestras\XSHOO.2026-09-05\XSHOO.2026-09-05T07_40_39.522.fits,438,1
muestras\XSHOO.2026-09-05\XSHOO.2026-09-05T07_40_40.742.fits,438,1
muestras\XSHOO.2026-09-05\XSHOO.2026-09-05T07_40_40.919.fits,550,1
muestras\XSHOO.2026-09-05\XSHOO.2026-09-05T07_41_07.844.fits,438,1
muestras\XSHOO.2026-09-05\XSHOO.2026-09-05T07_41_08.801.fits,550,1
muestras\XSHOO.2026-09-05\XSHOO.2026-09-05T07_41_09.064.fits,438,1
muestras\XSHOO.2026-09-05\XSHOO.2026-09-05T07_41_26.136.fits,438,1
muestras\XSHOO.2026-09-05\XSHOO.2026-09-05T07_41_27.186.fits,550,1
muestras\XSHOO.2026-09-05\XSHOO.2026-09-05T07_41_27.355.fits,438,1
muestras\XSHOO.2026-09-05\XSHOO.2026-09-05T08_41_19.667.fits,438,1
muestras\XSHOO.2026-09-05\XSHOO.2026-09-05T08_41_20.519.fits,550,1
muestras\XSHOO.2026-09-05\XSHOO.2026-09-05T08_41_20.887.fits,438,1
muestras\XSHOO.2026-09-05\XSHOO.2026-09-05T08_41_48.889.fits,438,1
muestras\XSHOO.2026-09-05\XSHOO.2026-09-05T08_41_49.786.fits,550,1
muestras\XSHOO.2026-09-05\XSHOO.2026-09-05T08_41_50.109.fits,438,1
muestras\XSHOO.2026-09-05\XSHOO.2026-09-05T08_42_06.630.fits,438,1
muestras\XSHOO.2026-09-05\XSHOO.2026-09-05T08_42_07.508.fits,550,1
muestras\XSHOO.2026-09-05\XSHOO.2026-09-05T08_42_07.850.fits,438,1
muestras\XSHOO.2026-09-05\XSHOO.2026-09-05T08_51_19.275.fits,440,1
muestras\XSHOO.2026-09-05\XSHOO.2026-09-05T08_51_20.495.fits,440,1
muestras\XSHOO.2026-09-05\XSHOO.2026-09-05T08_51_20.738.fits,552,1
muestras\XSHOO.2026-09-05\XSHOO.2026-09-05T08_51_47.877.fits,440,1
muestras\XSHOO.2026-09-05\XSHOO.2026-09-05T08_51_49.097.fits,440,1
muestras\XSHOO.2026-09-05\XSHOO.2026-09-05T08_51_49.285.fits,552,1
muestras\XSHOO.2026-09-05\XSHOO.2026-09-05T08_52_06.149.fits,440,1
muestras\XSHOO.2026-09-05\XSHOO.2026-09-05T08_52_07.007.fits,552,1
muestras\XSHOO.2026-09-05\XSHOO.2026-09-05T08_52_07.369.fits,440,1
muestras\XSHOO.2026-09-05\XSHOO.2026-09-05T09_02_55.572.fits,438,1
muestras\XSHOO.2026-09-05\XSHOO.2026-09-05T09_02_56.792.fits,438,1
muestras\XSHOO.2026-09-05\XSHOO.2026-09-05T09_02_57.029.fits,550,1
muestras\XSHOO.2026-09-05\XSHOO.2026-09-05T09_03_25.874.fits,438,1
muestras\XSHOO.2026-09-05\XSHOO.2026-09-05T09_03_26.964.fits,550,1
muestras\XSHOO.2026-09-05\XSHOO.2026-09-05T09_03_27.094.fits,438,1
muestras\XSHOO.2026-09-05\XSHOO.2026-09-05T09_03_43.195.fits,438,1
muestras\XSHOO.2026-09-05\XSHOO.2026-09-05T09_03_44.019.fits,550,1
muestras\XSHOO.2026-09-05\XSHOO.2026-09-05T09_03_44.415.fits,438,1
muestras\XSHOO.2026-09-05\XSHOO.2026-09-05T09_51_55.619.fits,321,2
muestras\XSHOO.2026-09-05\XSHOO.2026-09-05T09_51_59.589.fits,321,2
muestras\XSHOO.2026-09-05\XSHOO.2026-09-05T09_52_01.819.fits,321,2
muestras\XSHOO.2026-09-05\XSHOO.2026-09-05T09_52_04.148.fits,321,0
muestras\XSHOO.2026-09-05\XSHOO.2026-09-05T09_52_06.178.fits,321,0
muestras\XSHOO.2026-09-05\XSHOO.2026-09-05T09_52_10.409.fits,321,0
muestras\XSHOO.2026-09-05\XSHOO.2026-09-05T09_52_12.599.fits,321,0
muestras\XSHOO.2026-09-05\XSHOO.2026-09-05T09_52_14.748.fits,321,0
muestras\XSHOO.2026-09-05\XSHOO.2026-09-05T09_52_16.948.fits,321,0
muestras\XSHOO.2026-09-05\XSHOO.2026-09-05T09_52_21.189.fits,321,0
muestras\XSHOO.2026-09-05\XSHOO.2026-09-05T09_52_30.712.fits,348,1
muestras\XSHOO.2026-09-05\XSHOO.2026-09-05T09_53_45.957.fits,348,1
muestras\XSHOO.2026-09-05\XSHOO.2026-09-05T09_55_23.055.fits,348,1
muestras\XSHOO.2026-09-05\XSHOO.2026-09-05T09_56_38.071.fits,348,1
muestras\XSHOO.2026-09-05\XSHOO.2026-09-05T09_58_14.940.fits,348,1
muestras\XSHOO.2026-09-05\XSHOO.2026-09-05T09_59_30.065.fits,348,1
muestras\XSHOO.2026-09-05\XSHOO.2026-09-05T10_01_07.863.fits,348,1
muestras\XSHOO.2026-09-05\XSHOO.2026-09-05T10_02_19.960.fits,348,1
muestras\XSHOO.2026-09-05\XSHOO.2026-09-05T10_02_44.964.fits,461,2
muestras\XSHOO.2026-09-05\XSHOO.2026-09-05T10_03_01.022.fits,461,2
muestras\XSHOO.2026-09-05\XSHOO.2026-09-05T10_03_17.798.fits,461,2
muestras\XSHOO.2026-09-05\XSHOO.2026-09-05T10_03_56.947.fits,348,1
muestras\XSHOO.2026-09-05\XSHOO.2026-09-05T10_05_12.083.fits,348,1
muestras\XSHOO.2026-09-05\XSHOO.2026-09-05T10_06_48.931.fits,348,1
muestras\XSHOO.2026-09-05\XSHOO.2026-09-05T10_07_31.915.fits,348,1
muestras\XSHOO.2026-09-05\XSHOO.2026-09-05T10_08_25.019.fits,348,1
muestras\XSHOO.2026-09-05\XSHOO.2026-09-05T10_09_07.942.fits,348,1
muestras\XSHOO.2026-09-05\XSHOO.2026-09-05T10_10_00.936.fits,348,1
muestras\XSHOO.2026-09-05\XSHOO.2026-09-05T10_10_43.730.fits,348,1
muestras\XSHOO.2026-09-05\XSHOO.2026-09-05T10_11_37.034.fits,348,1
muestras\XSHOO.2026-09-05\XSHOO.2026-09-05T10_12_19.948.fits,348,1
muestras\XSHOO.2026-09-05\XSHOO.2026-09-05T10_13_13.042.fits,348,1
muestras\XSHOO.2026-09-05\XSHOO.2026-09-05T10_13_52.905.fits,348,1
muestras\XSHOO.2026-09-05\XSHOO.2026-09-05T10_14_45.910.fits,348,1
muestras\XSHOO.2026-09-05\XSHOO.2026-09-05T10_15_11.932.fits,348,1
muestras\XSHOO.2026-09-05\XSHOO.2026-09-05T10_15_43.934.fits,348,1
muestras\XSHOO.2026-09-05\XSHOO.2026-09-05T10_16_06.666.fits,348,1
muestras\XSHOO.2026-09-05\XSHOO.2026-09-05T10_16_39.029.fits,348,1
muestras\XSHOO.2026-09-05\XSHOO.2026-09-05T10_17_05.671.fits,348,1
muestras\XSHOO.2026-09-05\XSHOO.2026-09-05T10_17_37.914.fits,348,1
muestras\XSHOO.2026-09-05\XSHOO.2026-09-05T10_18_03.886.fits,348,1
muestras\XSHOO.2026-09-05\XSHOO.2026-09-05T10_18_36.028.fits,348,1
muestras\XSHOO.2026-09-05\XSHOO.2026-09-05T10_19_03.821.fits,348,1
muestras\XSHOO.2026-09-05\XSHOO.2026-09-05T10_19_36.083.fits,348,1
muestras\XSHOO.2026-09-05\XSHOO.2026-09-05T10_20_00.025.fits,348,1
muestras\XSHOO.2026-09-05\XSHOO.2026-09-05T10_20_29.108.fits,348,1
muestras\XSHOO.2026-09-05\XSHOO.2026-09-05T10_20_53.119.fits,348,1
muestras\XSHOO.2026-09-05\XSHOO.2026-09-05T10_21_18.852.fits,348,1
muestras\XSHOO.2026-09-05\XSHOO.2026-09-05T10_21_43.123.fits,348,1
muestras\XSHOO.2026-09-05\XSHOO.2026-09-05T10_22_12.806.fits,348,1
muestras\XSHOO.2026-09-05\XSHOO.2026-09-05T10_22_37.108.fits,348,1
muestras\XSHOO.2026-09-05\XSHOO.2026-09-05T10_23_06.110.fits,348,1
muestras\XSHOO.2026-09-05\XSHOO.2026-09-05T10_23_30.122.fits,348,1
muestras\XSHOO.2026-09-05\XSHOO.2026-09-05T10_23_59.094.fits,348,1
muestras\XSHOO.2026-09-05\XSHOO.2026-09-05T10_24_15.886.fits,348,1
muestras\XSHOO.2026-09-05\XSHOO.2026-09-05T10_24_35.088.fits,348,1
muestras\XSHOO.2026-09-05\XSHOO.2026-09-05T10_24_50.989.fits,348,1
muestras\XSHOO.2026-09-05\XSHOO.2026-09-05T10_25_09.990.fits,348,1
muestras\XSHOO.2026-09-05\XSHOO.2026-09-05T10_25_22.981.fits,348,1
muestras\XSHOO.2026-09-05\XSHOO.2026-09-05T10_25_41.983.fits,348,1
muestras\XSHOO.2026-09-05\XSHOO.2026-09-05T10_25_58.114.fits,348,1
muestras\XSHOO.2026-09-05\XSHOO.2026-09-05T10_26_17.075.fits,348,1
muestras\XSHOO.2026-09-05\XSHOO.2026-09-05T10_26_29.766.fits,348,1
muestras\XSHOO.2026-09-05\XSHOO.2026-09-05T10_26_49.078.fits,348,1
muestras\XSHOO.2026-09-05\XSHOO.2026-09-05T10_27_01.969.fits,348,1
muestras\XSHOO.2026-09-05\XSHOO.2026-09-05T10_27_16.060.fits,348,1
muestras\XSHOO.2026-09-05\XSHOO.2026-09-05T10_27_29.082.fits,348,1
muestras\XSHOO.2026-09-05\XSHOO.2026-09-05T10_27_42.972.fits,348,1
muestras\XSHOO.2026-09-05\XSHOO.2026-09-05T10_27_56.083.fits,348,1
muestras\XSHOO.2026-09-05\XSHOO.2026-09-05T10_28_10.065.fits,348,1
muestras\XSHOO.2026-09-05\XSHOO.2026-09-05T10_28_22.986.fits,348,1
muestras\XSHOO.2026-09-05\XSHOO.2026-09-05T10_28_33.966.fits,348,1
muestras\XSHOO.2026-09-05\XSHOO.2026-09-05T10_28_47.078.fits,348,1
muestras\XSHOO.2026-09-05\XSHOO.2026-09-05T10_29_00.453.fits,461,2
muestras\XSHOO.2026-09-05\XSHOO.2026-09-05T10_29_58.675.fits,461,2
muestras\XSHOO.2026-09-05\XSHOO.2026-09-05T10_30_57.561.fits,461,2
muestras\XSHOO.2026-09-05\XSHOO.2026-09-05T10_31_57.926.fits,461,2
muestras\XSHOO.2026-09-05\XSHOO.2026-09-05T10_36_16.777.fits,461,2
muestras\XSHOO.2026-09-05\XSHOO.2026-09-05T10_40_35.628.fits,461,2
muestras\XSHOO.2026-09-05\XSHOO.2026-09-05T10_44_55.291.fits,461,2
muestras\XSHOO.2026-09-05\XSHOO.2026-09-05T10_50_00.785.fits,461,2
muestras\XSHOO.2026-09-05\XSHOO.2026-09-05T10_55_10.269.fits,461,2
muestras\XSHOO.2026-09-05\XSHOO.2026-09-05T11_00_45.003.fits,351,1
muestras\XSHOO.2026-09-05\XSHOO.2026-09-05T11_00_45.834.fits,464,2
muestras\XSHOO.2026-09-05\XSHOO.2026-09-05T11_00_46.223.fits,351,1
muestras\XSHOO.2026-09-05\XSHOO.2026-09-05T11_01_13.745.fits,351,1
muestras\XSHOO.2026-09-05\XSHOO.2026-09-05T11_01_14.965.fits,351,1
muestras\XSHOO.2026-09-05\XSHOO.2026-09-05T11_01_15.049.fits,464,2
muestras\XSHOO.2026-09-05\XSHOO.2026-09-05T11_01_30.006.fits,351,1
muestras\XSHOO.2026-09-05\XSHOO.2026-09-05T11_01_30.773.fits,464,2
muestras\XSHOO.2026-09-05\XSHOO.2026-09-05T11_01_31.228.fits,351,1
muestras\XSHOO.2026-09-05\XSHOO.2026-09-05T11_04_28.081.fits,351,1
muestras\XSHOO.2026-09-05\XSHOO.2026-09-05T11_06_33.470.fits,351,1
muestras\XSHOO.2026-09-05\XSHOO.2026-09-05T11_08_34.630.fits,351,1
muestras\XSHOO.2026-09-05\XSHOO.2026-09-05T11_10_38.948.fits,464,2
muestras\XSHOO.2026-09-05\XSHOO.2026-09-05T11_11_00.508.fits,461,2
muestras\XSHOO.2026-09-05\XSHOO.2026-09-05T11_12_00.037.fits,351,1
muestras\XSHOO.2026-09-05\XSHOO.2026-09-05T11_12_05.168.fits,351,1
muestras\XSHOO.2026-09-05\XSHOO.2026-09-05T11_13_47.580.fits,464,2
muestras\XSHOO.2026-09-05\XSHOO.2026-09-05T11_14_52.680.fits,461,2
muestras\XSHOO.2026-09-05\XSHOO.2026-09-05T11_18_08.946.fits,351,1
muestras\XSHOO.2026-09-05\XSHOO.2026-09-05T11_19_40.734.fits,351,1
muestras\XSHOO.2026-09-05\XSHOO.2026-09-05T11_20_52.940.fits,351,1
muestras\XSHOO.2026-09-05\XSHOO.2026-09-05T11_22_40.546.fits,464,2
muestras\XSHOO.2026-09-05\XSHOO.2026-09-05T11_22_52.881.fits,461,2
muestras\XSHOO.2026-09-05\XSHOO.2026-09-05T11_23_45.364.fits,351,1
muestras\XSHOO.2026-09-05\XSHOO.2026-09-05T11_23_50.525.fits,351,1
muestras\XSHOO.2026-09-05\XSHOO.2026-09-05T11_25_24.743.fits,464,2
muestras\XSHOO.2026-09-05\XSHOO.2026-09-05T11_25_53.519.fits,461,2
muestras\XSHOO.2026-09-05\XSHOO.2026-09-05T11_28_45.798.fits,351,1
muestras\XSHOO.2026-09-05\XSHOO.2026-09-05T11_30_03.925.fits,351,1
muestras\XSHOO.2026-09-05\XSHOO.2026-09-05T11_31_22.741.fits,351,1
muestras\XSHOO.2026-09-05\XSHOO.2026-09-05T11_32_41.037.fits,351,1
muestras\XSHOO.2026-09-05\XSHOO.2026-09-05T11_33_58.953.fits,351,1
muestras\XSHOO.2026-09-05\XSHOO.2026-09-05T11_35_58.573.fits,351,1
muestras\XSHOO.2026-09-05\XSHOO.2026-09-05T11_37_17.950.fits,351,1
muestras\XSHOO.2026-09-05\XSHOO.2026-09-05T11_38_36.946.fits,351,1
muestras\XSHOO.2026-09-05\XSHOO.2026-09-05T11_39_55.733.fits,351,1
muestras\XSHOO.2026-09-05\XSHOO.2026-09-05T11_41_15.029.fits,351,1
muestras\XSHOO.2026-09-05\XSHOO.2026-09-05T11_42_53.646.fits,464,2
muestras\XSHOO.2026-09-05\XSHOO.2026-09-05T11_43_01.782.fits,461,2
muestras\XSHOO.2026-09-05\XSHOO.2026-09-05T11_43_08.442.fits,464,2
muestras\XSHOO.2026-09-05\XSHOO.2026-09-05T11_43_19.546.fits,461,2
muestras\XSHOO.2026-09-05\XSHOO.2026-09-05T11_43_29.903.fits,464,2
muestras\XSHOO.2026-09-05\XSHOO.2026-09-05T11_43_41.004.fits,461,2
muestras\XSHOO.2026-09-05\XSHOO.2026-09-05T11_43_51.358.fits,464,2
muestras\XSHOO.2026-09-05\XSHOO.2026-09-05T11_44_03.182.fits,461,2
muestras\XSHOO.2026-09-05\XSHOO.2026-09-05T11_44_09.852.fits,464,2
muestras\XSHOO.2026-09-05\XSHOO.2026-09-05T11_44_20.957.fits,461,2
muestras\XSHOO.2026-09-05\XSHOO.2026-09-05T11_44_52.406.fits,351,1
muestras\XSHOO.2026-09-05\XSHOO.2026-09-05T11_46_34.035.fits,351,1
muestras\XSHOO.2026-09-05\XSHOO.2026-09-05T11_48_15.033.fits,351,1
muestras\XSHOO.2026-09-05\XSHOO.2026-09-05T11_49_56.031.fits,351,1
muestras\XSHOO.2026-09-05\XSHOO.2026-09-05T11_51_36.599.fits,351,1
muestras\XSHOO.2026-09-05\XSHOO.2026-09-05T11_55_36.229.fits,351,1
muestras\XSHOO.2026-09-05\XSHOO.2026-09-05T11_55_50.940.fits,351,1
muestras\XSHOO.2026-09-05\XSHOO.2026-09-05T11_56_08.961.fits,351,1
muestras\XSHOO.2026-09-05\XSHOO.2026-09-05T11_56_27.053.fits,351,1
muestras\XSHOO.2026-09-05\XSHOO.2026-09-05T11_56_45.054.fits,351,1
muestras\XSHOO.2026-09-05\XSHOO.2026-09-05T11_57_40.339.fits,351,1
muestras\XSHOO.2026-09-05\XSHOO.2026-09-05T11_58_01.700.fits,351,1
muestras\XSHOO.2026-09-05\XSHOO.2026-09-05T11_58_26.062.fits,351,1
muestras\XSHOO.2026-09-05\XSHOO.2026-09-05T11_58_50.064.fits,351,1
muestras\XSHOO.2026-09-05\XSHOO.2026-09-05T11_59_13.636.fits,351,1
muestras\XSHOO.2026-09-05\XSHOO.2026-09-05T11_59_58.549.fits,351,1
muestras\XSHOO.2026-09-05\XSHOO.2026-09-05T12_00_21.946.fits,351,1
muestras\XSHOO.2026-09-05\XSHOO.2026-09-05T12_00_43.946.fits,351,1
muestras\XSHOO.2026-09-05\XSHOO.2026-09-05T12_01_06.815.fits,351,1
muestras\XSHOO.2026-09-05\XSHOO.2026-09-05T12_01_29.037.fits,351,1
muestras\XSHOO.2026-09-05\XSHOO.2026-09-05T12_02_05.520.fits,351,1
muestras\XSHOO.2026-09-05\XSHOO.2026-09-05T12_03_58.039.fits,351,1
muestras\XSHOO.2026-09-05\XSHOO.2026-09-05T12_05_50.098.fits,351,1
muestras\XSHOO.2026-09-05\XSHOO.2026-09-05T12_07_38.677.fits,351,1
muestras\XSHOO.2026-09-05\XSHOO.2026-09-05T12_09_30.916.fits,351,1
muestras\XSHOO.2026-09-05\XSHOO.2026-09-05T12_13_44.416.fits,351,1
muestras\XSHOO.2026-09-05\XSHOO.2026-09-05T12_15_05.933.fits,351,1
muestras\XSHOO.2026-09-05\XSHOO.2026-09-05T12_16_30.070.fits,351,1
muestras\XSHOO.2026-09-05\XSHOO.2026-09-05T12_17_55.047.fits,351,1
muestras\XSHOO.2026-09-05\XSHOO.2026-09-05T12_19_19.943.fits,351,1
muestras\XSHOO.2026-09-05\XSHOO.2026-09-05T12_21_26.694.fits,351,1
muestras\XSHOO.2026-09-05\XSHOO.2026-09-05T12_23_05.882.fits,351,1
muestras\XSHOO.2026-09-05\XSHOO.2026-09-05T12_24_41.680.fits,351,1
muestras\XSHOO.2026-09-05\XSHOO.2026-09-05T12_26_21.058.fits,351,1
muestras\XSHOO.2026-09-05\XSHOO.2026-09-05T12_27_56.675.fits,351,1
muestras\XSHOO.2026-09-05\XSHOO.2026-09-05T12_32_00.375.fits,351,1
muestras\XSHOO.2026-09-05\XSHOO.2026-09-05T12_32_35.088.fits,351,1
muestras\XSHOO.2026-09-05\XSHOO.2026-09-05T12_33_08.981.fits,351,1
muestras\XSHOO.2026-09-05\XSHOO.2026-09-05T12_33_42.993.fits,351,1
muestras\XSHOO.2026-09-05\XSHOO.2026-09-05T12_34_12.975.fits,351,1
muestras\XSHOO.2026-09-05\XSHOO.2026-09-05T12_35_27.702.fits,351,1
muestras\XSHOO.2026-09-05\XSHOO.2026-09-05T12_36_16.786.fits,351,1
muestras\XSHOO.2026-09-05\XSHOO.2026-09-05T12_37_05.089.fits,351,1
muestras\XSHOO.2026-09-05\XSHOO.2026-09-05T12_37_53.994.fits,351,1
muestras\XSHOO.2026-09-05\XSHOO.2026-09-05T12_38_42.997.fits,351,1
muestras\XSHOO.2026-09-05\XSHOO.2026-09-05T12_39_36.362.fits,351,1
muestras\XSHOO.2026-09-05\XSHOO.2026-09-05T12_40_26.109.fits,351,1
muestras\XSHOO.2026-09-05\XSHOO.2026-09-05T12_41_14.989.fits,351,1
muestras\XSHOO.2026-09-05\XSHOO.2026-09-05T12_42_03.994.fits,351,1
muestras\XSHOO.2026-09-05\XSHOO.2026-09-05T12_42_52.678.fits,351,1
muestras\XSHOO.2026-09-05\XSHOO.2026-09-05T12_43_52.125.fits,464,2
muestras\XSHOO.2026-09-05\XSHOO.2026-09-05T12_44_07.261.fits,461,2
muestras\XSHOO.2026-09-05\XSHOO.2026-09-05T12_44_22.394.fits,464,2
muestras\XSHOO.2026-09-05\XSHOO.2026-09-05T12_44_38.249.fits,461,2
muestras\XSHOO.2026-09-05\XSHOO.2026-09-05T12_44_49.784.fits,464,2
muestras\XSHOO.2026-09-05\XSHOO.2026-09-05T12_45_05.638.fits,461,2
muestras\XSHOO.2026-09-05\XSHOO.2026-09-05T12_45_20.053.fits,464,2
muestras\XSHOO.2026-09-05\XSHOO.2026-09-05T12_45_35.187.fits,461,2
muestras\XSHOO.2026-09-05\XSHOO.2026-09-05T12_45_46.723.fits,464,2
muestras\XSHOO.2026-09-05\XSHOO.2026-09-05T12_46_02.579.fits,461,2
muestras\XSHOO.2026-09-05\XSHOO.2026-09-05T12_46_59.278.fits,351,1
muestras\XSHOO.2026-09-05\XSHOO.2026-09-05T12_47_04.368.fits,351,1
muestras\XSHOO.2026-09-05\XSHOO.2026-09-05T12_48_31.014.fits,464,4
muestras\XSHOO.2026-09-05\XSHOO.2026-09-05T12_48_41.337.fits,461,4
muestras\XSHOO.2026-09-05\XSHOO.2026-09-05T12_55_22.448.fits,331,0
muestras\XSHOO.2026-09-05\XSHOO.2026-09-05T12_55_31.558.fits,331,0
muestras\XSHOO.2026-09-05\XSHOO.2026-09-05T12_55_38.709.fits,331,0
muestras\XSHOO.2026-09-05\XSHOO.2026-09-05T12_55_52.878.fits,331,0
muestras\XSHOO.2026-09-05\XSHOO.2026-09-05T12_56_07.919.fits,331,0
muestras\XSHOO.2026-09-05\XSHOO.2026-09-05T12_56_27.158.fits,331,0
muestras\XSHOO.2026-09-05\XSHOO.2026-09-05T12_56_46.298.fits,331,0
muestras\XSHOO.2026-09-05\XSHOO.2026-09-05T12_57_10.538.fits,331,0
muestras\XSHOO.2026-09-05\XSHOO.2026-09-05T12_57_34.568.fits,331,0
muestras\XSHOO.2026-09-05\XSHOO.2026-09-05T12_58_03.678.fits,331,0
muestras\XSHOO.2026-09-05\XSHOO.2026-09-05T12_58_32.689.fits,331,0
muestras\XSHOO.2026-09-05\XSHOO.2026-09-05T12_59_06.919.fits,331,0
muestras\XSHOO.2026-09-05\XSHOO.2026-09-05T12_59_41.058.fits,331,0
muestras\XSHOO.2026-09-05\XSHOO.2026-09-05T13_00_20.108.fits,331,0
muestras\XSHOO.2026-09-05\XSHOO.2026-09-05T13_00_59.268.fits,331,0
muestras\XSHOO.2026-09-05\XSHOO.2026-09-05T13_01_43.498.fits,331,0
muestras\XSHOO.2026-09-05\XSHOO.2026-09-05T13_02_25.668.fits,331,0
muestras\XSHOO.2026-09-05\XSHOO.2026-09-05T13_03_14.578.fits,331,0
muestras\XSHOO.2026-09-05\XSHOO.2026-09-05T13_04_03.568.fits,331,0
muestras\XSHOO.2026-09-05\XSHOO.2026-09-05T13_04_57.589.fits,331,0
muestras\XSHOO.2026-09-05\XSHOO.2026-09-05T13_05_51.668.fits,331,0
muestras\XSHOO.2026-09-05\XSHOO.2026-09-05T13_06_48.838.fits,331,0
muestras\XSHOO.2026-09-05\XSHOO.2026-09-05T13_07_47.668.fits,331,0
muestras\XSHOO.2026-09-05\XSHOO.2026-09-05T13_08_49.859.fits,331,0
muestras\XSHOO.2026-09-05\XSHOO.2026-09-05T13_09_52.038.fits,331,0
muestras\XSHOO.2026-09-05\XSHOO.2026-09-05T13_10_59.179.fits,331,0
muestras\XSHOO.2026-09-05\XSHOO.2026-09-05T13_12_06.178.fits,331,0
muestras\XSHOO.2026-09-05\XSHOO.2026-09-05T13_13_20.388.fits,331,0
muestras\XSHOO.2026-09-05\XSHOO.2026-09-05T13_14_34.528.fits,331,0
muestras\XSHOO.2026-09-05\XSHOO.2026-09-05T13_15_53.578.fits,331,0
muestras\XSHOO.2026-09-05\XSHOO.2026-09-05T13_17_14.479.fits,328,0
muestras\XSHOO.2026-09-05\XSHOO.2026-09-05T13_17_17.488.fits,328,0
muestras\XSHOO.2026-09-05\XSHOO.2026-09-05T13_17_19.678.fits,328,0
muestras\XSHOO.2026-09-05\XSHOO.2026-09-05T13_17_21.888.fits,328,0
muestras\XSHOO.2026-09-05\XSHOO.2026-09-05T13_17_24.009.fits,328,0
muestras\XSHOO.2026-09-05\XSHOO.2026-09-05T16_23_43.516.fits,355,1
muestras\XSHOO.2026-09-05\XSHOO.2026-09-05T16_23_48.627.fits,355,1
muestras\XSHOO.2026-09-05\XSHOO.2026-09-05T17_26_26.290.fits,355,1
muestras\XSHOO.2026-09-05\XSHOO.2026-09-05T17_26_32.391.fits,355,1
muestras\XSHOO.2026-09-05\XSHOO.2026-09-05T18_29_09.063.fits,355,1
muestras\XSHOO.2026-09-05\XSHOO.2026-09-05T18_29_15.174.fits,355,1
muestras\XSHOO.2026-09-05\XSHOO.2026-09-05T20_43_09.073.fits,356,1
muestras\XSHOO.2026-09-05\XSHOO.2026-09-05T20_43_10.200.fits,469,2
muestras\XSHOO.2026-09-05\XSHOO.2026-09-05T20_43_10.293.fits,356,1
muestras\XSHOO.2026-09-05\XSHOO.2026-09-05T20_43_37.775.fits,356,1
muestras\XSHOO.2026-09-05\XSHOO.2026-09-05T20_43_38.747.fits,469,2
muestras\XSHOO.2026-09-05\XSHOO.2026-09-05T20_43_38.995.fits,356,1
muestras\XSHOO.2026-09-05\XSHOO.2026-09-05T20_46_35.129.fits,356,1
muestras\XSHOO.2026-09-05\XSHOO.2026-09-05T20_48_39.599.fits,356,1
muestras\XSHOO.2026-09-05\XSHOO.2026-09-05T20_50_44.069.fits,356,1
muestras\XSHOO.2026-09-05\XSHOO.2026-09-05T20_52_48.974.fits,469,2
muestras\XSHOO.2026-09-05\XSHOO.2026-09-05T20_53_07.868.fits,466,2
muestras\XSHOO.2026-09-05\XSHOO.2026-09-05T22_43_40.588.fits,336,0
muestras\XSHOO.2026-09-05\XSHOO.2026-09-05T22_43_45.649.fits,336,2
muestras\XSHOO.2026-09-05\XSHOO.2026-09-05T22_43_48.658.fits,336,2
muestras\XSHOO.2026-09-05\XSHOO.2026-09-05T22_43_51.668.fits,336,2
muestras\XSHOO.2026-09-05\XSHOO.2026-09-05T22_43_56.648.fits,336,2
muestras\XSHOO.2026-09-05\XSHOO.2026-09-05T22_43_59.639.fits,336,2
muestras\XSHOO.2026-09-05\XSHOO.2026-09-05T22_44_02.558.fits,336,2
muestras\XSHOO.2026-09-05\XSHOO.2026-09-05T22_44_07.628.fits,336,2
muestras\XSHOO.2026-09-05\XSHOO.2026-09-05T22_44_10.579.fits,336,2
muestras\XSHOO.2026-09-05\XSHOO.2026-09-05T22_44_13.588.fits,336,2
muestras\XSHOO.2026-09-05\XSHOO.2026-09-05T22_44_35.749.fits,336,2
muestras\XSHOO.2026-09-05\XSHOO.2026-09-05T22_44_40.658.fits,336,2
muestras\XSHOO.2026-09-05\XSHOO.2026-09-05T22_44_43.628.fits,336,2
muestras\XSHOO.2026-09-05\XSHOO.2026-09-05T22_44_46.528.fits,336,2
muestras\XSHOO.2026-09-05\XSHOO.2026-09-05T22_44_51.529.fits,336,2
muestras\XSHOO.2026-09-05\XSHOO.2026-09-05T22_44_54.418.fits,336,0
muestras\XSHOO.2026-09-05\XSHOO.2026-09-05T22_44_57.358.fits,336,2
muestras\XSHOO.2026-09-05\XSHOO.2026-09-05T22_45_02.198.fits,336,2
muestras\XSHOO.2026-09-05\XSHOO.2026-09-05T22_45_05.138.fits,336,2
muestras\XSHOO.2026-09-05\XSHOO.2026-09-05T22_45_08.018.fits,336,2
muestras\XSHOO.2026-09-05\XSHOO.2026-09-05T22_53_18.768.fits,336,2
muestras\XSHOO.2026-09-05\XSHOO.2026-09-05T22_53_23.469.fits,336,2
muestras\XSHOO.2026-09-05\XSHOO.2026-09-05T22_53_26.138.fits,336,2
muestras\XSHOO.2026-09-05\XSHOO.2026-09-05T22_53_28.729.fits,336,2
muestras\XSHOO.2026-09-05\XSHOO.2026-09-05T22_53_33.539.fits,336,2
muestras\XSHOO.2026-09-05\XSHOO.2026-09-05T22_53_36.318.fits,336,2
muestras\XSHOO.2026-09-05\XSHOO.2026-09-05T22_53_39.059.fits,336,2
muestras\XSHOO.2026-09-05\XSHOO.2026-09-05T22_53_43.408.fits,336,2
muestras\XSHOO.2026-09-05\XSHOO.2026-09-05T22_53_46.158.fits,336,2
muestras\XSHOO.2026-09-05\XSHOO.2026-09-05T22_53_48.738.fits,336,2
muestras\XSHOO.2026-09-05\XSHOO.2026-09-05T22_54_08.648.fits,336,2
muestras\XSHOO.2026-09-05\XSHOO.2026-09-05T22_54_13.918.fits,336,0
muestras\XSHOO.2026-09-05\XSHOO.2026-09-05T22_54_17.198.fits,336,2
muestras\XSHOO.2026-09-05\XSHOO.2026-09-05T22_54_20.488.fits,336,2
muestras\XSHOO.2026-09-05\XSHOO.2026-09-05T22_54_25.709.fits,336,2
muestras\XSHOO.2026-09-05\XSHOO.2026-09-05T22_54_29.019.fits,336,2
muestras\XSHOO.2026-09-05\XSHOO.2026-09-05T22_54_32.329.fits,336,2
muestras\XSHOO.2026-09-05\XSHOO.2026-09-05T22_54_38.409.fits,336,2
muestras\XSHOO.2026-09-05\XSHOO.2026-09-05T22_54_41.688.fits,336,2
muestras\XSHOO.2026-09-05\XSHOO.2026-09-05T22_54_44.978.fits,336,2
muestras\XSHOO.2026-09-05\XSHOO.2026-09-05T22_55_01.218.fits,336,2
muestras\XSHOO.2026-09-05\XSHOO.2026-09-05T22_55_06.778.fits,336,2
muestras\XSHOO.2026-09-05\XSHOO.2026-09-05T22_55_10.238.fits,336,2
muestras\XSHOO.2026-09-05\XSHOO.2026-09-05T22_55_13.728.fits,336,2
muestras\XSHOO.2026-09-05\XSHOO.2026-09-05T22_55_19.169.fits,336,2
muestras\XSHOO.2026-09-05\XSHOO.2026-09-05T22_55_22.648.fits,336,2
muestras\XSHOO.2026-09-05\XSHOO.2026-09-05T22_55_26.198.fits,336,2
muestras\XSHOO.2026-09-05\XSHOO.2026-09-05T22_55_31.718.fits,336,2
muestras\XSHOO.2026-09-05\XSHOO.2026-09-05T22_55_35.229.fits,336,2
muestras\XSHOO.2026-09-05\XSHOO.2026-09-05T22_55_38.718.fits,336,2
muestras\XSHOO.2026-09-05\XSHOO.2026-09-05T22_56_00.568.fits,336,2
muestras\XSHOO.2026-09-05\XSHOO.2026-09-05T22_56_05.238.fits,336,2
muestras\XSHOO.2026-09-05\XSHOO.2026-09-05T22_56_08.018.fits,336,0
muestras\XSHOO.2026-09-05\XSHOO.2026-09-05T22_56_10.738.fits,336,2
muestras\XSHOO.2026-09-05\XSHOO.2026-09-05T22_56_15.508.fits,336,0
muestras\XSHOO.2026-09-05\XSHOO.2026-09-05T22_56_18.338.fits,336,2
muestras\XSHOO.2026-09-05\XSHOO.2026-09-05T22_56_21.138.fits,336,2
muestras\XSHOO.2026-09-05\XSHOO.2026-09-05T22_56_25.919.fits,336,2
muestras\XSHOO.2026-09-05\XSHOO.2026-09-05T22_56_28.728.fits,336,2
muestras\XSHOO.2026-09-05\XSHOO.2026-09-05T22_56_31.568.fits,336,2
muestras\XSHOO.2026-09-05\XSHOO.2026-09-05T22_56_52.528.fits,336,2
muestras\XSHOO.2026-09-05\XSHOO.2026-09-05T22_56_55.348.fits,336,2
muestras\XSHOO.2026-09-05\XSHOO.2026-09-05T22_57_00.098.fits,336,2
muestras\XSHOO.2026-09-05\XSHOO.2026-09-05T22_57_03.039.fits,336,0
muestras\XSHOO.2026-09-05\XSHOO.2026-09-05T22_57_05.728.fits,336,0
muestras\XSHOO.2026-09-05\XSHOO.2026-09-05T22_57_10.588.fits,336,2
muestras\XSHOO.2026-09-05\XSHOO.2026-09-05T22_57_13.418.fits,336,2
muestras\XSHOO.2026-09-05\XSHOO.2026-09-05T22_57_16.308.fits,336,2
muestras\XSHOO.2026-09-05\XSHOO.2026-09-05T22_57_21.178.fits,336,2
muestras\XSHOO.2026-09-05\XSHOO.2026-09-05T22_57_24.038.fits,336,0
muestras\XSHOO.2026-09-05\XSHOO.2026-09-05T22_57_44.728.fits,336,2
muestras\XSHOO.2026-09-05\XSHOO.2026-09-05T22_57_49.788.fits,336,2
muestras\XSHOO.2026-09-05\XSHOO.2026-09-05T22_57_52.739.fits,336,2
muestras\XSHOO.2026-09-05\XSHOO.2026-09-05T22_57_55.728.fits,336,2
muestras\XSHOO.2026-09-05\XSHOO.2026-09-05T22_58_00.808.fits,336,0
muestras\XSHOO.2026-09-05\XSHOO.2026-09-05T22_58_03.729.fits,336,0
muestras\XSHOO.2026-09-05\XSHOO.2026-09-05T22_58_06.728.fits,336,2
muestras\XSHOO.2026-09-05\XSHOO.2026-09-05T22_58_11.728.fits,336,2
muestras\XSHOO.2026-09-05\XSHOO.2026-09-05T22_58_14.728.fits,336,2
muestras\XSHOO.2026-09-05\XSHOO.2026-09-05T22_58_17.738.fits,336,2
muestras\XSHOO.2026-09-05\XSHOO.2026-09-05T22_58_35.828.fits,336,2
muestras\XSHOO.2026-09-05\XSHOO.2026-09-05T22_58_40.908.fits,336,2
muestras\XSHOO.2026-09-05\XSHOO.2026-09-05T22_58_43.728.fits,336,2
muestras\XSHOO.2026-09-05\XSHOO.2026-09-05T22_58_46.728.fits,336,0
muestras\XSHOO.2026-09-05\XSHOO.2026-09-05T22_58_51.408.fits,336,2
muestras\XSHOO.2026-09-05\XSHOO.2026-09-05T22_58_54.369.fits,336,2
muestras\XSHOO.2026-09-05\XSHOO.2026-09-05T22_58_57.399.fits,336,2
muestras\XSHOO.2026-09-05\XSHOO.2026-09-05T22_59_02.528.fits,336,0
muestras\XSHOO.2026-09-05\XSHOO.2026-09-05T22_59_05.598.fits,336,2
muestras\XSHOO.2026-09-05\XSHOO.2026-09-05T22_59_08.698.fits,336,2
muestras\XSHOO.2026-09-05\XSHOO.2026-09-05T22_59_30.028.fits,336,2
muestras\XSHOO.2026-09-05\XSHOO.2026-09-05T22_59_36.058.fits,336,2
muestras\XSHOO.2026-09-05\XSHOO.2026-09-05T22_59_40.138.fits,336,2
muestras\XSHOO.2026-09-05\XSHOO.2026-09-05T22_59_46.198.fits,336,2
muestras\XSHOO.2026-09-05\XSHOO.2026-09-05T22_59_50.278.fits,336,2
muestras\XSHOO.2026-09-05\XSHOO.2026-09-05T22_59_54.298.fits,336,2
muestras\XSHOO.2026-09-05\XSHOO.2026-09-05T22_59_58.349.fits,336,2
muestras\XSHOO.2026-09-05\XSHOO.2026-09-05T23_00_03.799.fits,336,2
muestras\XSHOO.2026-09-05\XSHOO.2026-09-05T23_00_07.728.fits,336,2
muestras\XSHOO.2026-09-05\XSHOO.2026-09-05T23_00_13.458.fits,336,2
muestras\XSHOO.2026-09-05\XSHOO.2026-09-05T23_11_47.493.fits,438,1
muestras\XSHOO.2026-09-05\XSHOO.2026-09-05T23_11_48.713.fits,438,1
muestras\XSHOO.2026-09-05\XSHOO.2026-09-05T23_11_49.002.fits,550,1
muestras\XSHOO.2026-09-05\XSHOO.2026-09-05T23_12_15.926.fits,438,1
muestras\XSHOO.2026-09-05\XSHOO.2026-09-05T23_12_16.883.fits,550,1
muestras\XSHOO.2026-09-05\XSHOO.2026-09-05T23_12_17.146.fits,438,1
muestras\XSHOO.2026-09-05\XSHOO.2026-09-05T23_12_33.677.fits,438,1
muestras\XSHOO.2026-09-05\XSHOO.2026-09-05T23_12_34.605.fits,550,1
muestras\XSHOO.2026-09-05\XSHOO.2026-09-05T23_12_34.897.fits,438,1
muestras\XSHOO.2026-09-05\XSHOO.2026-09-05T23_17_33.111.fits,446,1
muestras\XSHOO.2026-09-05\XSHOO.2026-09-05T23_17_38.322.fits,445,1
muestras\XSHOO.2026-09-05\XSHOO.2026-09-05T23_17_41.565.fits,557,1
muestras\XSHOO.2026-09-05\XSHOO.2026-09-05T23_21_56.032.fits,446,1
muestras\XSHOO.2026-09-05\XSHOO.2026-09-05T23_22_01.283.fits,445,1
muestras\XSHOO.2026-09-05\XSHOO.2026-09-05T23_22_04.507.fits,557,1
muestras\XSHOO.2026-09-06\XSHOO.2026-09-06T03_33_02.897.fits,440,3
muestras\XSHOO.2026-09-06\XSHOO.2026-09-06T03_33_04.117.fits,440,3
muestras\XSHOO.2026-09-06\XSHOO.2026-09-06T03_33_04.369.fits,552,3
muestras\XSHOO.2026-09-06\XSHOO.2026-09-06T03_33_31.930.fits,440,3
muestras\XSHOO.2026-09-06\XSHOO.2026-09-06T03_33_32.919.fits,552,1
muestras\XSHOO.2026-09-06\XSHOO.2026-09-06T03_33_33.149.fits,440,1
muestras\XSHOO.2026-09-06\XSHOO.2026-09-06T03_33_48.682.fits,440,1
muestras\XSHOO.2026-09-06\XSHOO.2026-09-06T03_33_49.901.fits,440,1
muestras\XSHOO.2026-09-06\XSHOO.2026-09-06T03_33_49.971.fits,552,1
muestras\XSHOO.2026-09-06\XSHOO.2026-09-06T04_21_42.924.fits,440,1
muestras\XSHOO.2026-09-06\XSHOO.2026-09-06T04_21_44.143.fits,440,1
muestras\XSHOO.2026-09-06\XSHOO.2026-09-06T04_21_44.353.fits,552,1
muestras\XSHOO.2026-09-06\XSHOO.2026-09-06T04_22_12.126.fits,440,1
muestras\XSHOO.2026-09-06\XSHOO.2026-09-06T04_22_12.898.fits,552,1
muestras\XSHOO.2026-09-06\XSHOO.2026-09-06T04_22_13.345.fits,440,1
muestras\XSHOO.2026-09-06\XSHOO.2026-09-06T05_08_18.799.fits,440,3
muestras\XSHOO.2026-09-06\XSHOO.2026-09-06T05_08_20.019.fits,440,3
muestras\XSHOO.2026-09-06\XSHOO.2026-09-06T05_08_20.203.fits,552,1
muestras\XSHOO.2026-09-06\XSHOO.2026-09-06T05_08_47.931.fits,440,1
muestras\XSHOO.2026-09-06\XSHOO.2026-09-06T05_08_48.751.fits,552,1
muestras\XSHOO.2026-09-06\XSHOO.2026-09-06T05_08_49.152.fits,440,3
muestras\XSHOO.2026-09-06\XSHOO.2026-09-06T05_09_05.693.fits,440,1
muestras\XSHOO.2026-09-06\XSHOO.2026-09-06T05_09_06.472.fits,552,1
muestras\XSHOO.2026-09-06\XSHOO.2026-09-06T05_09_06.913.fits,440,1
muestras\XSHOO.2026-09-06\XSHOO.2026-09-06T06_07_37.637.fits,440,1
muestras\XSHOO.2026-09-06\XSHOO.2026-09-06T06_07_38.857.fits,440,1
muestras\XSHOO.2026-09-06\XSHOO.2026-09-06T06_07_39.069.fits,552,1
muestras\XSHOO.2026-09-06\XSHOO.2026-09-06T06_08_06.089.fits,440,1
muestras\XSHOO.2026-09-06\XSHOO.2026-09-06T06_08_06.949.fits,552,1
muestras\XSHOO.2026-09-06\XSHOO.2026-09-06T06_08_07.309.fits,440,1
muestras\XSHOO.2026-09-06\XSHOO.2026-09-06T06_08_24.200.fits,440,1
muestras\XSHOO.2026-09-06\XSHOO.2026-09-06T06_08_25.336.fits,552,1
muestras\XSHOO.2026-09-06\XSHOO.2026-09-06T06_08_25.420.fits,440,1
muestras\XSHOO.2026-09-06\XSHOO.2026-09-06T07_53_09.669.fits,438,1
muestras\XSHOO.2026-09-06\XSHOO.2026-09-06T07_53_10.889.fits,438,1
muestras\XSHOO.2026-09-06\XSHOO.2026-09-06T07_53_11.145.fits,550,1
muestras\XSHOO.2026-09-06\XSHOO.2026-09-06T07_53_37.941.fits,438,1
muestras\XSHOO.2026-09-06\XSHOO.2026-09-06T07_53_39.026.fits,550,1
muestras\XSHOO.2026-09-06\XSHOO.2026-09-06T07_53_39.161.fits,438,1
muestras\XSHOO.2026-09-06\XSHOO.2026-09-06T07_53_53.672.fits,438,1
muestras\XSHOO.2026-09-06\XSHOO.2026-09-06T07_53_54.692.fits,550,1
muestras\XSHOO.2026-09-06\XSHOO.2026-09-06T07_53_54.892.fits,438,1
muestras\XSHOO.2026-09-06\XSHOO.2026-09-06T08_00_40.755.fits,438,1
muestras\XSHOO.2026-09-06\XSHOO.2026-09-06T08_00_41.975.fits,438,1
muestras\XSHOO.2026-09-06\XSHOO.2026-09-06T08_00_42.185.fits,550,1
muestras\XSHOO.2026-09-06\XSHOO.2026-09-06T08_01_10.927.fits,440,1
muestras\XSHOO.2026-09-06\XSHOO.2026-09-06T08_01_12.120.fits,552,1
muestras\XSHOO.2026-09-06\XSHOO.2026-09-06T08_01_12.147.fits,440,1
muestras\XSHOO.2026-09-06\XSHOO.2026-09-06T08_01_28.669.fits,440,1
muestras\XSHOO.2026-09-06\XSHOO.2026-09-06T08_01_29.840.fits,552,1
muestras\XSHOO.2026-09-06\XSHOO.2026-09-06T08_01_29.889.fits,440,1
muestras\XSHOO.2026-09-06\XSHOO.2026-09-06T08_03_33.488.fits,412,2
muestras\XSHOO.2026-09-06\XSHOO.2026-09-06T08_04_09.298.fits,412,2
muestras\XSHOO.2026-09-06\XSHOO.2026-09-06T08_04_59.035.fits,446,1
muestras\XSHOO.2026-09-06\XSHOO.2026-09-06T08_05_04.287.fits,445,1
muestras\XSHOO.2026-09-06\XSHOO.2026-09-06T08_05_07.348.fits,557,1
muestras\XSHOO.2026-09-06\XSHOO.2026-09-06T08_14_05.529.fits,446,1
muestras\XSHOO.2026-09-06\XSHOO.2026-09-06T08_14_10.800.fits,445,1
muestras\XSHOO.2026-09-06\XSHOO.2026-09-06T08_14_14.081.fits,557,1
muestras\XSHOO.2026-09-06\XSHOO.2026-09-06T08_23_05.473.fits,446,1
muestras\XSHOO.2026-09-06\XSHOO.2026-09-06T08_23_10.704.fits,445,1
muestras\XSHOO.2026-09-06\XSHOO.2026-09-06T08_23_13.491.fits,557,1
muestras\XSHOO.2026-09-06\XSHOO.2026-09-06T08_32_11.797.fits,446,1
muestras\XSHOO.2026-09-06\XSHOO.2026-09-06T08_32_17.047.fits,445,1
muestras\XSHOO.2026-09-06\XSHOO.2026-09-06T08_32_20.225.fits,557,1
muestras\XSHOO.2026-09-06\XSHOO.2026-09-06T08_41_13.901.fits,446,1
muestras\XSHOO.2026-09-06\XSHOO.2026-09-06T08_41_19.161.fits,445,1
muestras\XSHOO.2026-09-06\XSHOO.2026-09-06T08_41_22.297.fits,557,1
muestras\XSHOO.2026-09-06\XSHOO.2026-09-06T08_50_20.485.fits,446,1
muestras\XSHOO.2026-09-06\XSHOO.2026-09-06T08_50_25.725.fits,445,1
muestras\XSHOO.2026-09-06\XSHOO.2026-09-06T08_50_29.030.fits,557,1
muestras\XSHOO.2026-09-06\XSHOO.2026-09-06T09_02_39.595.fits,440,1
muestras\XSHOO.2026-09-06\XSHOO.2026-09-06T09_02_40.815.fits,440,1
muestras\XSHOO.2026-09-06\XSHOO.2026-09-06T09_02_41.025.fits,552,1
muestras\XSHOO.2026-09-06\XSHOO.2026-09-06T09_03_09.918.fits,440,1
muestras\XSHOO.2026-09-06\XSHOO.2026-09-06T09_03_10.959.fits,552,1
muestras\XSHOO.2026-09-06\XSHOO.2026-09-06T09_03_11.138.fits,440,1
muestras\XSHOO.2026-09-06\XSHOO.2026-09-06T09_03_27.198.fits,440,1
muestras\XSHOO.2026-09-06\XSHOO.2026-09-06T09_03_28.014.fits,552,1
muestras\XSHOO.2026-09-06\XSHOO.2026-09-06T09_03_28.418.fits,440,1
muestras\XSHOO.2026-09-06\XSHOO.2026-09-06T10_01_10.129.fits,321,2
muestras\XSHOO.2026-09-06\XSHOO.2026-09-06T10_01_12.269.fits,321,0
muestras\XSHOO.2026-09-06\XSHOO.2026-09-06T10_01_14.418.fits,321,0
muestras\XSHOO.2026-09-06\XSHOO.2026-09-06T10_01_16.528.fits,321,0
muestras\XSHOO.2026-09-06\XSHOO.2026-09-06T10_01_18.708.fits,321,0
muestras\XSHOO.2026-09-06\XSHOO.2026-09-06T10_01_22.859.fits,321,0
muestras\XSHOO.2026-09-06\XSHOO.2026-09-06T10_01_25.019.fits,321,0
muestras\XSHOO.2026-09-06\XSHOO.2026-09-06T10_01_27.179.fits,321,0
muestras\XSHOO.2026-09-06\XSHOO.2026-09-06T10_01_29.378.fits,321,0
muestras\XSHOO.2026-09-06\XSHOO.2026-09-06T10_01_33.609.fits,321,0
muestras\XSHOO.2026-09-06\XSHOO.2026-09-06T10_01_44.690.fits,348,1
muestras\XSHOO.2026-09-06\XSHOO.2026-09-06T10_02_59.977.fits,348,1
muestras\XSHOO.2026-09-06\XSHOO.2026-09-06T10_04_33.794.fits,348,1
muestras\XSHOO.2026-09-06\XSHOO.2026-09-06T10_05_49.100.fits,348,1
muestras\XSHOO.2026-09-06\XSHOO.2026-09-06T10_07_25.988.fits,348,1
muestras\XSHOO.2026-09-06\XSHOO.2026-09-06T10_08_41.904.fits,348,1
muestras\XSHOO.2026-09-06\XSHOO.2026-09-06T10_10_18.002.fits,348,1
muestras\XSHOO.2026-09-06\XSHOO.2026-09-06T10_11_32.978.fits,348,1
muestras\XSHOO.2026-09-06\XSHOO.2026-09-06T10_11_58.686.fits,461,2
muestras\XSHOO.2026-09-06\XSHOO.2026-09-06T10_12_14.742.fits,461,2
muestras\XSHOO.2026-09-06\XSHOO.2026-09-06T10_12_30.797.fits,461,2
muestras\XSHOO.2026-09-06\XSHOO.2026-09-06T10_13_06.956.fits,348,1
muestras\XSHOO.2026-09-06\XSHOO.2026-09-06T10_14_22.092.fits,348,1
muestras\XSHOO.2026-09-06\XSHOO.2026-09-06T10_15_58.969.fits,348,1
muestras\XSHOO.2026-09-06\XSHOO.2026-09-06T10_16_42.073.fits,348,1
muestras\XSHOO.2026-09-06\XSHOO.2026-09-06T10_17_34.957.fits,348,1
muestras\XSHOO.2026-09-06\XSHOO.2026-09-06T10_18_18.871.fits,348,1
muestras\XSHOO.2026-09-06\XSHOO.2026-09-06T10_19_11.955.fits,348,1
muestras\XSHOO.2026-09-06\XSHOO.2026-09-06T10_19_54.968.fits,348,1
muestras\XSHOO.2026-09-06\XSHOO.2026-09-06T10_20_48.072.fits,348,1
muestras\XSHOO.2026-09-06\XSHOO.2026-09-06T10_21_30.746.fits,348,1
muestras\XSHOO.2026-09-06\XSHOO.2026-09-06T10_22_24.071.fits,348,1
muestras\XSHOO.2026-09-06\XSHOO.2026-09-06T10_23_06.973.fits,348,1
muestras\XSHOO.2026-09-06\XSHOO.2026-09-06T10_23_59.948.fits,348,1
muestras\XSHOO.2026-09-06\XSHOO.2026-09-06T10_24_26.060.fits,348,1
muestras\XSHOO.2026-09-06\XSHOO.2026-09-06T10_24_58.953.fits,348,1
muestras\XSHOO.2026-09-06\XSHOO.2026-09-06T10_25_24.955.fits,348,1
muestras\XSHOO.2026-09-06\XSHOO.2026-09-06T10_25_57.057.fits,348,1
muestras\XSHOO.2026-09-06\XSHOO.2026-09-06T10_26_23.950.fits,348,1
muestras\XSHOO.2026-09-06\XSHOO.2026-09-06T10_26_52.702.fits,348,1
muestras\XSHOO.2026-09-06\XSHOO.2026-09-06T10_27_18.964.fits,348,1
muestras\XSHOO.2026-09-06\XSHOO.2026-09-06T10_27_51.057.fits,348,1
muestras\XSHOO.2026-09-06\XSHOO.2026-09-06T10_28_17.959.fits,348,1
muestras\XSHOO.2026-09-06\XSHOO.2026-09-06T10_28_50.012.fits,348,1
muestras\XSHOO.2026-09-06\XSHOO.2026-09-06T10_29_14.163.fits,348,1
muestras\XSHOO.2026-09-06\XSHOO.2026-09-06T10_29_43.136.fits,348,1
muestras\XSHOO.2026-09-06\XSHOO.2026-09-06T10_30_07.138.fits,348,1
muestras\XSHOO.2026-09-06\XSHOO.2026-09-06T10_30_36.040.fits,348,1
muestras\XSHOO.2026-09-06\XSHOO.2026-09-06T10_30_56.992.fits,348,1
muestras\XSHOO.2026-09-06\XSHOO.2026-09-06T10_31_26.144.fits,348,1
muestras\XSHOO.2026-09-06\XSHOO.2026-09-06T10_31_50.036.fits,348,1
muestras\XSHOO.2026-09-06\XSHOO.2026-09-06T10_32_19.148.fits,348,1
muestras\XSHOO.2026-09-06\XSHOO.2026-09-06T10_32_43.140.fits,348,1
muestras\XSHOO.2026-09-06\XSHOO.2026-09-06T10_33_08.852.fits,348,1
muestras\XSHOO.2026-09-06\XSHOO.2026-09-06T10_33_25.114.fits,348,1
muestras\XSHOO.2026-09-06\XSHOO.2026-09-06T10_33_43.995.fits,348,1
muestras\XSHOO.2026-09-06\XSHOO.2026-09-06T10_34_00.017.fits,348,1
muestras\XSHOO.2026-09-06\XSHOO.2026-09-06T10_34_15.778.fits,348,1
muestras\XSHOO.2026-09-06\XSHOO.2026-09-06T10_34_32.019.fits,348,1
muestras\XSHOO.2026-09-06\XSHOO.2026-09-06T10_34_51.011.fits,348,1
muestras\XSHOO.2026-09-06\XSHOO.2026-09-06T10_35_07.922.fits,348,1
muestras\XSHOO.2026-09-06\XSHOO.2026-09-06T10_35_27.123.fits,348,1
muestras\XSHOO.2026-09-06\XSHOO.2026-09-06T10_35_43.024.fits,348,1
muestras\XSHOO.2026-09-06\XSHOO.2026-09-06T10_36_02.006.fits,348,1
muestras\XSHOO.2026-09-06\XSHOO.2026-09-06T10_36_14.997.fits,348,1
muestras\XSHOO.2026-09-06\XSHOO.2026-09-06T10_36_29.108.fits,348,1
muestras\XSHOO.2026-09-06\XSHOO.2026-09-06T10_36_41.990.fits,348,1
muestras\XSHOO.2026-09-06\XSHOO.2026-09-06T10_36_56.110.fits,348,1
muestras\XSHOO.2026-09-06\XSHOO.2026-09-06T10_37_09.022.fits,348,1
muestras\XSHOO.2026-09-06\XSHOO.2026-09-06T10_37_19.993.fits,348,1
muestras\XSHOO.2026-09-06\XSHOO.2026-09-06T10_37_33.004.fits,348,1
muestras\XSHOO.2026-09-06\XSHOO.2026-09-06T10_37_47.104.fits,348,1
muestras\XSHOO.2026-09-06\XSHOO.2026-09-06T10_38_00.006.fits,348,1
muestras\XSHOO.2026-09-06\XSHOO.2026-09-06T10_38_13.451.fits,461,2
muestras\XSHOO.2026-09-06\XSHOO.2026-09-06T10_40_27.345.fits,461,2
muestras\XSHOO.2026-09-06\XSHOO.2026-09-06T10_42_37.895.fits,461,2
muestras\XSHOO.2026-09-06\XSHOO.2026-09-06T10_44_49.253.fits,461,2
muestras\XSHOO.2026-09-06\XSHOO.2026-09-06T10_54_58.011.fits,461,2
muestras\XSHOO.2026-09-06\XSHOO.2026-09-06T11_05_03.443.fits,461,2
muestras\XSHOO.2026-09-06\XSHOO.2026-09-06T11_15_13.008.fits,461,2
muestras\XSHOO.2026-09-06\XSHOO.2026-09-06T11_15_34.379.fits,461,2
muestras\XSHOO.2026-09-06\XSHOO.2026-09-06T11_15_55.750.fits,461,2
muestras\XSHOO.2026-09-06\XSHOO.2026-09-06T11_16_18.614.fits,461,2
muestras\XSHOO.2026-09-06\XSHOO.2026-09-06T11_24_24.106.fits,461,2
muestras\XSHOO.2026-09-06\XSHOO.2026-09-06T11_32_32.264.fits,461,2
muestras\XSHOO.2026-09-06\XSHOO.2026-09-06T11_41_07.029.fits,351,1
muestras\XSHOO.2026-09-06\XSHOO.2026-09-06T11_41_07.854.fits,464,2
muestras\XSHOO.2026-09-06\XSHOO.2026-09-06T11_41_08.249.fits,351,1
muestras\XSHOO.2026-09-06\XSHOO.2026-09-06T11_41_35.792.fits,351,1
muestras\XSHOO.2026-09-06\XSHOO.2026-09-06T11_41_37.012.fits,351,1
muestras\XSHOO.2026-09-06\XSHOO.2026-09-06T11_41_37.067.fits,464,2
muestras\XSHOO.2026-09-06\XSHOO.2026-09-06T11_41_53.542.fits,351,1
muestras\XSHOO.2026-09-06\XSHOO.2026-09-06T11_41_54.762.fits,351,1
muestras\XSHOO.2026-09-06\XSHOO.2026-09-06T11_41_54.787.fits,464,2
muestras\XSHOO.2026-09-06\XSHOO.2026-09-06T11_44_51.017.fits,351,1
muestras\XSHOO.2026-09-06\XSHOO.2026-09-06T11_46_55.606.fits,351,1
muestras\XSHOO.2026-09-06\XSHOO.2026-09-06T11_48_59.977.fits,351,1
muestras\XSHOO.2026-09-06\XSHOO.2026-09-06T11_51_04.350.fits,464,2
muestras\XSHOO.2026-09-06\XSHOO.2026-09-06T11_51_25.910.fits,461,2
muestras\XSHOO.2026-09-06\XSHOO.2026-09-06T11_54_37.814.fits,351,1
muestras\XSHOO.2026-09-06\XSHOO.2026-09-06T11_55_24.638.fits,351,1
muestras\XSHOO.2026-09-06\XSHOO.2026-09-06T11_56_12.861.fits,351,1
muestras\XSHOO.2026-09-06\XSHOO.2026-09-06T11_56_59.955.fits,351,1
muestras\XSHOO.2026-09-06\XSHOO.2026-09-06T11_57_46.959.fits,351,1
muestras\XSHOO.2026-09-06\XSHOO.2026-09-06T11_59_11.336.fits,351,1
muestras\XSHOO.2026-09-06\XSHOO.2026-09-06T12_00_01.960.fits,351,1
muestras\XSHOO.2026-09-06\XSHOO.2026-09-06T12_00_53.107.fits,351,1
muestras\XSHOO.2026-09-06\XSHOO.2026-09-06T12_01_39.928.fits,351,1
muestras\XSHOO.2026-09-06\XSHOO.2026-09-06T12_02_29.952.fits,351,1
muestras\XSHOO.2026-09-06\XSHOO.2026-09-06T12_03_29.427.fits,351,1
muestras\XSHOO.2026-09-06\XSHOO.2026-09-06T12_04_30.931.fits,351,1
muestras\XSHOO.2026-09-06\XSHOO.2026-09-06T12_05_32.067.fits,351,1
muestras\XSHOO.2026-09-06\XSHOO.2026-09-06T12_06_32.961.fits,351,1
muestras\XSHOO.2026-09-06\XSHOO.2026-09-06T12_07_34.036.fits,351,1
muestras\XSHOO.2026-09-06\XSHOO.2026-09-06T12_08_41.528.fits,464,2
muestras\XSHOO.2026-09-06\XSHOO.2026-09-06T12_09_06.489.fits,461,2
muestras\XSHOO.2026-09-06\XSHOO.2026-09-06T12_09_34.126.fits,464,2
muestras\XSHOO.2026-09-06\XSHOO.2026-09-06T12_10_03.098.fits,461,2
muestras\XSHOO.2026-09-06\XSHOO.2026-09-06T12_10_30.732.fits,464,2
muestras\XSHOO.2026-09-06\XSHOO.2026-09-06T12_10_59.708.fits,461,2
muestras\XSHOO.2026-09-06\XSHOO.2026-09-06T12_11_27.341.fits,464,2
muestras\XSHOO.2026-09-06\XSHOO.2026-09-06T12_11_55.647.fits,461,2
muestras\XSHOO.2026-09-06\XSHOO.2026-09-06T12_12_19.941.fits,464,2
muestras\XSHOO.2026-09-06\XSHOO.2026-09-06T12_12_48.245.fits,461,2
muestras\XSHOO.2026-09-06\XSHOO.2026-09-06T12_13_25.485.fits,351,1
muestras\XSHOO.2026-09-06\XSHOO.2026-09-06T12_14_51.131.fits,351,1
muestras\XSHOO.2026-09-06\XSHOO.2026-09-06T12_16_15.128.fits,351,1
muestras\XSHOO.2026-09-06\XSHOO.2026-09-06T12_17_37.005.fits,351,1
muestras\XSHOO.2026-09-06\XSHOO.2026-09-06T12_19_01.992.fits,351,1
muestras\XSHOO.2026-09-06\XSHOO.2026-09-06T12_22_36.968.fits,351,1
muestras\XSHOO.2026-09-06\XSHOO.2026-09-06T12_22_55.760.fits,351,1
muestras\XSHOO.2026-09-06\XSHOO.2026-09-06T12_23_12.992.fits,351,1
muestras\XSHOO.2026-09-06\XSHOO.2026-09-06T12_23_31.103.fits,351,1
muestras\XSHOO.2026-09-06\XSHOO.2026-09-06T12_23_48.984.fits,351,1
muestras\XSHOO.2026-09-06\XSHOO.2026-09-06T12_24_44.379.fits,351,1
muestras\XSHOO.2026-09-06\XSHOO.2026-09-06T12_25_03.731.fits,351,1
muestras\XSHOO.2026-09-06\XSHOO.2026-09-06T12_25_25.997.fits,351,1
muestras\XSHOO.2026-09-06\XSHOO.2026-09-06T12_25_48.104.fits,351,1
muestras\XSHOO.2026-09-06\XSHOO.2026-09-06T12_26_06.945.fits,351,1
muestras\XSHOO.2026-09-06\XSHOO.2026-09-06T12_28_40.028.fits,351,1
muestras\XSHOO.2026-09-06\XSHOO.2026-09-06T12_29_16.031.fits,351,1
muestras\XSHOO.2026-09-06\XSHOO.2026-09-06T12_29_52.123.fits,351,1
muestras\XSHOO.2026-09-06\XSHOO.2026-09-06T12_30_24.797.fits,351,1
muestras\XSHOO.2026-09-06\XSHOO.2026-09-06T12_31_01.149.fits,351,1
muestras\XSHOO.2026-09-06\XSHOO.2026-09-06T12_32_17.685.fits,351,1
muestras\XSHOO.2026-09-06\XSHOO.2026-09-06T12_33_13.119.fits,351,1
muestras\XSHOO.2026-09-06\XSHOO.2026-09-06T12_34_08.014.fits,351,1
muestras\XSHOO.2026-09-06\XSHOO.2026-09-06T12_35_03.128.fits,351,1
muestras\XSHOO.2026-09-06\XSHOO.2026-09-06T12_35_58.133.fits,351,1
muestras\XSHOO.2026-09-06\XSHOO.2026-09-06T12_36_55.128.fits,351,1
muestras\XSHOO.2026-09-06\XSHOO.2026-09-06T12_37_46.992.fits,351,1
muestras\XSHOO.2026-09-06\XSHOO.2026-09-06T12_38_42.006.fits,351,1
muestras\XSHOO.2026-09-06\XSHOO.2026-09-06T12_39_37.020.fits,351,1
muestras\XSHOO.2026-09-06\XSHOO.2026-09-06T12_40_32.129.fits,351,1
muestras\XSHOO.2026-09-06\XSHOO.2026-09-06T12_41_42.141.fits,464,2
muestras\XSHOO.2026-09-06\XSHOO.2026-09-06T12_42_00.287.fits,461,2
muestras\XSHOO.2026-09-06\XSHOO.2026-09-06T12_42_17.742.fits,464,2
muestras\XSHOO.2026-09-06\XSHOO.2026-09-06T12_42_35.887.fits,461,2
muestras\XSHOO.2026-09-06\XSHOO.2026-09-06T12_42_52.651.fits,464,2
muestras\XSHOO.2026-09-06\XSHOO.2026-09-06T12_43_07.331.fits,461,2
muestras\XSHOO.2026-09-06\XSHOO.2026-09-06T12_43_24.091.fits,464,2
muestras\XSHOO.2026-09-06\XSHOO.2026-09-06T12_43_42.237.fits,461,2
muestras\XSHOO.2026-09-06\XSHOO.2026-09-06T12_43_58.999.fits,464,2
muestras\XSHOO.2026-09-06\XSHOO.2026-09-06T12_44_13.681.fits,461,2
muestras\XSHOO.2026-09-06\XSHOO.2026-09-06T12_44_49.908.fits,464,2
muestras\XSHOO.2026-09-06\XSHOO.2026-09-06T12_45_08.747.fits,461,2
muestras\XSHOO.2026-09-06\XSHOO.2026-09-06T12_45_26.203.fits,464,2
muestras\XSHOO.2026-09-06\XSHOO.2026-09-06T12_45_44.347.fits,461,2
muestras\XSHOO.2026-09-06\XSHOO.2026-09-06T12_46_01.802.fits,464,2
muestras\XSHOO.2026-09-06\XSHOO.2026-09-06T12_46_19.256.fits,461,2
muestras\XSHOO.2026-09-06\XSHOO.2026-09-06T12_46_36.015.fits,464,2
muestras\XSHOO.2026-09-06\XSHOO.2026-09-06T12_46_54.160.fits,461,2
muestras\XSHOO.2026-09-06\XSHOO.2026-09-06T12_47_10.919.fits,464,2
muestras\XSHOO.2026-09-06\XSHOO.2026-09-06T12_47_26.294.fits,461,2
muestras\XSHOO.2026-09-06\XSHOO.2026-09-06T12_48_25.513.fits,351,1
muestras\XSHOO.2026-09-06\XSHOO.2026-09-06T12_48_30.603.fits,351,1
muestras\XSHOO.2026-09-06\XSHOO.2026-09-06T12_50_00.131.fits,464,2
muestras\XSHOO.2026-09-06\XSHOO.2026-09-06T12_50_10.453.fits,461,2
muestras\XSHOO.2026-09-06\XSHOO.2026-09-06T12_50_40.106.fits,464,2
muestras\XSHOO.2026-09-06\XSHOO.2026-09-06T12_50_50.428.fits,461,2
muestras\XSHOO.2026-09-06\XSHOO.2026-09-06T13_50_05.990.fits,355,1
muestras\XSHOO.2026-09-06\XSHOO.2026-09-06T13_50_11.150.fits,355,1
muestras\XSHOO.2026-09-06\XSHOO.2026-09-06T14_50_49.921.fits,355,1
muestras\XSHOO.2026-09-06\XSHOO.2026-09-06T14_50_56.022.fits,355,1
muestras\XSHOO.2026-09-06\XSHOO.2026-09-06T15_51_33.605.fits,355,1
muestras\XSHOO.2026-09-06\XSHOO.2026-09-06T15_51_39.715.fits,355,1
muestras\XSHOO.2026-09-06\XSHOO.2026-09-06T19_35_10.683.fits,356,1
muestras\XSHOO.2026-09-06\XSHOO.2026-09-06T19_35_11.810.fits,469,2
muestras\XSHOO.2026-09-06\XSHOO.2026-09-06T19_35_11.893.fits,356,1
muestras\XSHOO.2026-09-06\XSHOO.2026-09-06T19_35_39.225.fits,356,1
muestras\XSHOO.2026-09-06\XSHOO.2026-09-06T19_35_40.359.fits,469,2
muestras\XSHOO.2026-09-06\XSHOO.2026-09-06T19_35_40.445.fits,356,1
muestras\XSHOO.2026-09-06\XSHOO.2026-09-06T19_38_37.879.fits,356,1
muestras\XSHOO.2026-09-06\XSHOO.2026-09-06T19_40_42.959.fits,356,1
muestras\XSHOO.2026-09-06\XSHOO.2026-09-06T19_42_44.439.fits,356,1
muestras\XSHOO.2026-09-06\XSHOO.2026-09-06T19_44_49.259.fits,469,2
muestras\XSHOO.2026-09-06\XSHOO.2026-09-06T19_45_11.483.fits,466,2
muestras\XSHOO.2026-09-07\XSHOO.2026-09-07T10_05_27.698.fits,320,0
muestras\XSHOO.2026-09-07\XSHOO.2026-09-07T10_05_29.828.fits,320,0
muestras\XSHOO.2026-09-07\XSHOO.2026-09-07T10_05_33.918.fits,320,0
muestras\XSHOO.2026-09-07\XSHOO.2026-09-07T10_05_36.139.fits,320,0
muestras\XSHOO.2026-09-07\XSHOO.2026-09-07T10_05_38.278.fits,320,0
muestras\XSHOO.2026-09-07\XSHOO.2026-09-07T10_05_40.459.fits,320,0
muestras\XSHOO.2026-09-07\XSHOO.2026-09-07T10_05_44.508.fits,320,0
muestras\XSHOO.2026-09-07\XSHOO.2026-09-07T10_05_46.558.fits,320,0
muestras\XSHOO.2026-09-07\XSHOO.2026-09-07T10_05_48.559.fits,320,0
muestras\XSHOO.2026-09-07\XSHOO.2026-09-07T10_05_50.558.fits,320,0
muestras\XSHOO.2026-09-07\XSHOO.2026-09-07T10_05_59.183.fits,348,1
muestras\XSHOO.2026-09-07\XSHOO.2026-09-07T10_07_14.509.fits,348,1
muestras\XSHOO.2026-09-07\XSHOO.2026-09-07T10_08_51.437.fits,348,1
muestras\XSHOO.2026-09-07\XSHOO.2026-09-07T10_10_06.543.fits,348,1
muestras\XSHOO.2026-09-07\XSHOO.2026-09-07T10_11_44.341.fits,348,1
muestras\XSHOO.2026-09-07\XSHOO.2026-09-07T10_12_56.426.fits,348,1
muestras\XSHOO.2026-09-07\XSHOO.2026-09-07T10_14_33.524.fits,348,1
muestras\XSHOO.2026-09-07\XSHOO.2026-09-07T10_15_48.550.fits,348,1
muestras\XSHOO.2026-09-07\XSHOO.2026-09-07T10_16_10.464.fits,461,2
muestras\XSHOO.2026-09-07\XSHOO.2026-09-07T10_16_26.521.fits,461,2
muestras\XSHOO.2026-09-07\XSHOO.2026-09-07T10_16_42.575.fits,461,2
muestras\XSHOO.2026-09-07\XSHOO.2026-09-07T10_17_25.418.fits,348,1
muestras\XSHOO.2026-09-07\XSHOO.2026-09-07T10_18_40.534.fits,348,1
muestras\XSHOO.2026-09-07\XSHOO.2026-09-07T10_20_18.302.fits,348,1
muestras\XSHOO.2026-09-07\XSHOO.2026-09-07T10_21_00.515.fits,348,1
muestras\XSHOO.2026-09-07\XSHOO.2026-09-07T10_21_53.409.fits,348,1
muestras\XSHOO.2026-09-07\XSHOO.2026-09-07T10_22_33.163.fits,348,1
muestras\XSHOO.2026-09-07\XSHOO.2026-09-07T10_23_26.397.fits,348,1
muestras\XSHOO.2026-09-07\XSHOO.2026-09-07T10_24_09.510.fits,348,1
muestras\XSHOO.2026-09-07\XSHOO.2026-09-07T10_25_02.405.fits,348,1
muestras\XSHOO.2026-09-07\XSHOO.2026-09-07T10_25_42.347.fits,348,1
muestras\XSHOO.2026-09-07\XSHOO.2026-09-07T10_26_35.402.fits,348,1
muestras\XSHOO.2026-09-07\XSHOO.2026-09-07T10_27_18.515.fits,348,1
muestras\XSHOO.2026-09-07\XSHOO.2026-09-07T10_28_11.500.fits,348,1
muestras\XSHOO.2026-09-07\XSHOO.2026-09-07T10_28_38.422.fits,348,1
muestras\XSHOO.2026-09-07\XSHOO.2026-09-07T10_29_10.414.fits,348,1
muestras\XSHOO.2026-09-07\XSHOO.2026-09-07T10_29_36.386.fits,348,1
muestras\XSHOO.2026-09-07\XSHOO.2026-09-07T10_30_05.179.fits,348,1
muestras\XSHOO.2026-09-07\XSHOO.2026-09-07T10_30_31.501.fits,348,1
muestras\XSHOO.2026-09-07\XSHOO.2026-09-07T10_31_04.143.fits,348,1
muestras\XSHOO.2026-09-07\XSHOO.2026-09-07T10_31_30.406.fits,348,1
muestras\XSHOO.2026-09-07\XSHOO.2026-09-07T10_32_02.498.fits,348,1
muestras\XSHOO.2026-09-07\XSHOO.2026-09-07T10_32_29.490.fits,348,1
muestras\XSHOO.2026-09-07\XSHOO.2026-09-07T10_33_02.562.fits,348,1
muestras\XSHOO.2026-09-07\XSHOO.2026-09-07T10_33_26.634.fits,348,1
muestras\XSHOO.2026-09-07\XSHOO.2026-09-07T10_33_55.577.fits,348,1
muestras\XSHOO.2026-09-07\XSHOO.2026-09-07T10_34_19.499.fits,348,1
muestras\XSHOO.2026-09-07\XSHOO.2026-09-07T10_34_48.581.fits,348,1
muestras\XSHOO.2026-09-07\XSHOO.2026-09-07T10_35_09.483.fits,348,1
muestras\XSHOO.2026-09-07\XSHOO.2026-09-07T10_35_38.495.fits,348,1
muestras\XSHOO.2026-09-07\XSHOO.2026-09-07T10_36_02.597.fits,348,1
muestras\XSHOO.2026-09-07\XSHOO.2026-09-07T10_36_31.479.fits,348,1
muestras\XSHOO.2026-09-07\XSHOO.2026-09-07T10_36_55.592.fits,348,1
muestras\XSHOO.2026-09-07\XSHOO.2026-09-07T10_37_21.304.fits,348,1
muestras\XSHOO.2026-09-07\XSHOO.2026-09-07T10_37_37.454.fits,348,1
muestras\XSHOO.2026-09-07\XSHOO.2026-09-07T10_37_56.446.fits,348,1
muestras\XSHOO.2026-09-07\XSHOO.2026-09-07T10_38_12.587.fits,348,1
muestras\XSHOO.2026-09-07\XSHOO.2026-09-07T10_38_28.279.fits,348,1
muestras\XSHOO.2026-09-07\XSHOO.2026-09-07T10_38_44.560.fits,348,1
muestras\XSHOO.2026-09-07\XSHOO.2026-09-07T10_39_03.552.fits,348,1
muestras\XSHOO.2026-09-07\XSHOO.2026-09-07T10_39_20.363.fits,348,1
muestras\XSHOO.2026-09-07\XSHOO.2026-09-07T10_39_39.564.fits,348,1
muestras\XSHOO.2026-09-07\XSHOO.2026-09-07T10_39_55.576.fits,348,1
muestras\XSHOO.2026-09-07\XSHOO.2026-09-07T10_40_14.548.fits,348,1
muestras\XSHOO.2026-09-07\XSHOO.2026-09-07T10_40_27.568.fits,348,1
muestras\XSHOO.2026-09-07\XSHOO.2026-09-07T10_40_41.449.fits,348,1
muestras\XSHOO.2026-09-07\XSHOO.2026-09-07T10_40_54.550.fits,348,1
muestras\XSHOO.2026-09-07\XSHOO.2026-09-07T10_41_08.441.fits,348,1
muestras\XSHOO.2026-09-07\XSHOO.2026-09-07T10_41_21.452.fits,348,1
muestras\XSHOO.2026-09-07\XSHOO.2026-09-07T10_41_32.404.fits,348,1
muestras\XSHOO.2026-09-07\XSHOO.2026-09-07T10_41_45.565.fits,348,1
muestras\XSHOO.2026-09-07\XSHOO.2026-09-07T10_41_59.455.fits,348,1
muestras\XSHOO.2026-09-07\XSHOO.2026-09-07T10_42_12.446.fits,348,1
muestras\XSHOO.2026-09-07\XSHOO.2026-09-07T10_42_42.389.fits,351,1
muestras\XSHOO.2026-09-07\XSHOO.2026-09-07T10_42_43.215.fits,464,2
muestras\XSHOO.2026-09-07\XSHOO.2026-09-07T10_42_43.609.fits,351,1
muestras\XSHOO.2026-09-07\XSHOO.2026-09-07T10_43_11.231.fits,351,1
muestras\XSHOO.2026-09-07\XSHOO.2026-09-07T10_43_12.431.fits,464,2
muestras\XSHOO.2026-09-07\XSHOO.2026-09-07T10_43_12.451.fits,351,1
muestras\XSHOO.2026-09-07\XSHOO.2026-09-07T10_43_28.472.fits,351,1
muestras\XSHOO.2026-09-07\XSHOO.2026-09-07T10_43_29.484.fits,464,2
muestras\XSHOO.2026-09-07\XSHOO.2026-09-07T10_43_29.692.fits,351,1
muestras\XSHOO.2026-09-07\XSHOO.2026-09-07T10_46_26.507.fits,351,1
muestras\XSHOO.2026-09-07\XSHOO.2026-09-07T10_48_31.847.fits,351,1
muestras\XSHOO.2026-09-07\XSHOO.2026-09-07T10_50_34.097.fits,351,1
muestras\XSHOO.2026-09-07\XSHOO.2026-09-07T10_52_39.045.fits,464,2
muestras\XSHOO.2026-09-07\XSHOO.2026-09-07T10_53_00.605.fits,461,2
muestras\XSHOO.2026-09-07\XSHOO.2026-09-07T10_54_00.134.fits,351,1
muestras\XSHOO.2026-09-07\XSHOO.2026-09-07T10_54_05.265.fits,351,1
muestras\XSHOO.2026-09-07\XSHOO.2026-09-07T10_55_47.018.fits,464,2
muestras\XSHOO.2026-09-07\XSHOO.2026-09-07T10_56_52.117.fits,461,2
muestras\XSHOO.2026-09-07\XSHOO.2026-09-07T11_00_08.424.fits,351,1
muestras\XSHOO.2026-09-07\XSHOO.2026-09-07T11_01_42.091.fits,351,1
muestras\XSHOO.2026-09-07\XSHOO.2026-09-07T11_02_53.857.fits,351,1
muestras\XSHOO.2026-09-07\XSHOO.2026-09-07T11_04_41.316.fits,464,2
muestras\XSHOO.2026-09-07\XSHOO.2026-09-07T11_04_53.650.fits,461,2
muestras\XSHOO.2026-09-07\XSHOO.2026-09-07T11_05_46.081.fits,351,1
muestras\XSHOO.2026-09-07\XSHOO.2026-09-07T11_05_51.231.fits,351,1
muestras\XSHOO.2026-09-07\XSHOO.2026-09-07T11_07_25.336.fits,464,2
muestras\XSHOO.2026-09-07\XSHOO.2026-09-07T11_07_54.113.fits,461,2
muestras\XSHOO.2026-09-07\XSHOO.2026-09-07T11_10_45.695.fits,351,1
muestras\XSHOO.2026-09-07\XSHOO.2026-09-07T11_11_21.448.fits,351,1
muestras\XSHOO.2026-09-07\XSHOO.2026-09-07T11_11_59.391.fits,351,1
muestras\XSHOO.2026-09-07\XSHOO.2026-09-07T11_12_37.504.fits,351,1
muestras\XSHOO.2026-09-07\XSHOO.2026-09-07T11_13_15.497.fits,351,1
muestras\XSHOO.2026-09-07\XSHOO.2026-09-07T11_14_34.064.fits,351,1
muestras\XSHOO.2026-09-07\XSHOO.2026-09-07T11_15_36.108.fits,351,1
muestras\XSHOO.2026-09-07\XSHOO.2026-09-07T11_16_35.453.fits,351,1
muestras\XSHOO.2026-09-07\XSHOO.2026-09-07T11_17_37.418.fits,351,1
muestras\XSHOO.2026-09-07\XSHOO.2026-09-07T11_18_39.573.fits,351,1
muestras\XSHOO.2026-09-07\XSHOO.2026-09-07T11_19_46.648.fits,351,1
muestras\XSHOO.2026-09-07\XSHOO.2026-09-07T11_20_48.203.fits,351,1
muestras\XSHOO.2026-09-07\XSHOO.2026-09-07T11_21_49.448.fits,351,1
muestras\XSHOO.2026-09-07\XSHOO.2026-09-07T11_22_50.423.fits,351,1
muestras\XSHOO.2026-09-07\XSHOO.2026-09-07T11_23_54.238.fits,351,1
muestras\XSHOO.2026-09-07\XSHOO.2026-09-07T11_25_08.592.fits,464,2
muestras\XSHOO.2026-09-07\XSHOO.2026-09-07T11_25_30.899.fits,461,2
muestras\XSHOO.2026-09-07\XSHOO.2026-09-07T11_25_53.204.fits,464,2
muestras\XSHOO.2026-09-07\XSHOO.2026-09-07T11_26_15.513.fits,461,2
muestras\XSHOO.2026-09-07\XSHOO.2026-09-07T11_26_36.433.fits,464,2
muestras\XSHOO.2026-09-07\XSHOO.2026-09-07T11_26_59.431.fits,461,2
muestras\XSHOO.2026-09-07\XSHOO.2026-09-07T11_27_20.350.fits,464,2
muestras\XSHOO.2026-09-07\XSHOO.2026-09-07T11_27_42.656.fits,461,2
muestras\XSHOO.2026-09-07\XSHOO.2026-09-07T11_28_00.805.fits,464,2
muestras\XSHOO.2026-09-07\XSHOO.2026-09-07T11_28_23.110.fits,461,2
muestras\XSHOO.2026-09-07\XSHOO.2026-09-07T11_29_00.002.fits,464,2
muestras\XSHOO.2026-09-07\XSHOO.2026-09-07T11_29_22.307.fits,461,2
muestras\XSHOO.2026-09-07\XSHOO.2026-09-07T11_29_43.227.fits,464,2
muestras\XSHOO.2026-09-07\XSHOO.2026-09-07T11_30_06.227.fits,461,2
muestras\XSHOO.2026-09-07\XSHOO.2026-09-07T11_30_27.149.fits,464,2
muestras\XSHOO.2026-09-07\XSHOO.2026-09-07T11_30_49.457.fits,461,2
muestras\XSHOO.2026-09-07\XSHOO.2026-09-07T11_31_07.604.fits,464,2
muestras\XSHOO.2026-09-07\XSHOO.2026-09-07T11_31_29.911.fits,461,2
muestras\XSHOO.2026-09-07\XSHOO.2026-09-07T11_31_50.830.fits,464,2
muestras\XSHOO.2026-09-07\XSHOO.2026-09-07T11_32_13.139.fits,461,2
muestras\XSHOO.2026-09-07\XSHOO.2026-09-07T11_33_16.584.fits,351,1
muestras\XSHOO.2026-09-07\XSHOO.2026-09-07T11_33_21.693.fits,351,1
muestras\XSHOO.2026-09-07\XSHOO.2026-09-07T11_34_54.482.fits,464,2
muestras\XSHOO.2026-09-07\XSHOO.2026-09-07T11_35_07.335.fits,461,2
muestras\XSHOO.2026-09-07\XSHOO.2026-09-07T11_35_35.675.fits,464,2
muestras\XSHOO.2026-09-07\XSHOO.2026-09-07T11_35_48.531.fits,461,2
muestras\XSHOO.2026-09-07\XSHOO.2026-09-07T19_49_31.675.fits,356,1
muestras\XSHOO.2026-09-07\XSHOO.2026-09-07T19_49_32.797.fits,469,2
muestras\XSHOO.2026-09-07\XSHOO.2026-09-07T19_49_32.895.fits,356,1
muestras\XSHOO.2026-09-07\XSHOO.2026-09-07T19_50_00.407.fits,356,1
muestras\XSHOO.2026-09-07\XSHOO.2026-09-07T19_50_01.344.fits,469,2
muestras\XSHOO.2026-09-07\XSHOO.2026-09-07T19_50_01.626.fits,356,1
muestras\XSHOO.2026-09-07\XSHOO.2026-09-07T19_50_17.668.fits,356,1
muestras\XSHOO.2026-09-07\XSHOO.2026-09-07T19_50_18.400.fits,469,2
muestras\XSHOO.2026-09-07\XSHOO.2026-09-07T19_50_18.888.fits,356,1
muestras\XSHOO.2026-09-07\XSHOO.2026-09-07T19_53_16.002.fits,356,1
muestras\XSHOO.2026-09-07\XSHOO.2026-09-07T19_55_20.202.fits,356,1
muestras\XSHOO.2026-09-07\XSHOO.2026-09-07T19_57_25.462.fits,356,1
muestras\XSHOO.2026-09-07\XSHOO.2026-09-07T19_59_29.300.fits,469,2
muestras\XSHOO.2026-09-07\XSHOO.2026-09-07T19_59_51.526.fits,466,2
muestras\XSHOO.2026-09-07\XSHOO.2026-09-07T23_25_04.692.fits,355,1
muestras\XSHOO.2026-09-07\XSHOO.2026-09-07T23_26_41.320.fits,355,1
muestras\XSHOO.2026-09-07\XSHOO.2026-09-07T23_28_20.688.fits,355,1
muestras\XSHOO.2026-09-07\XSHOO.2026-09-07T23_30_03.677.fits,355,1
muestras\XSHOO.2026-09-07\XSHOO.2026-09-07T23_31_44.674.fits,355,1
muestras\XSHOO.2026-09-07\XSHOO.2026-09-07T23_33_26.682.fits,355,1
muestras\XSHOO.2026-09-07\XSHOO.2026-09-07T23_35_08.572.fits,355,1
muestras\XSHOO.2026-09-07\XSHOO.2026-09-07T23_36_51.568.fits,355,1
muestras\XSHOO.2026-09-07\XSHOO.2026-09-07T23_38_34.587.fits,355,1
muestras\XSHOO.2026-09-07\XSHOO.2026-09-07T23_40_21.475.fits,355,1
muestras\XSHOO.2026-09-07\XSHOO.2026-09-07T23_42_05.594.fits,355,1
muestras\XSHOO.2026-09-07\XSHOO.2026-09-07T23_43_50.252.fits,355,1
muestras\XSHOO.2026-09-07\XSHOO.2026-09-07T23_45_35.561.fits,355,1
muestras\XSHOO.2026-09-07\XSHOO.2026-09-07T23_47_21.570.fits,355,1
muestras\XSHOO.2026-09-07\XSHOO.2026-09-07T23_49_04.328.fits,355,1
muestras\XSHOO.2026-09-07\XSHOO.2026-09-07T23_50_51.676.fits,355,1
muestras\XSHOO.2026-09-07\XSHOO.2026-09-07T23_52_38.545.fits,355,1
muestras\XSHOO.2026-09-07\XSHOO.2026-09-07T23_54_23.323.fits,355,1
muestras\XSHOO.2026-09-07\XSHOO.2026-09-07T23_56_11.512.fits,355,1
muestras\XSHOO.2026-09-07\XSHOO.2026-09-07T23_58_01.671.fits,355,1
muestras\XSHOO.2026-09-07\XSHOO.2026-09-07T23_59_48.320.fits,355,1
muestras\XSHOO.2026-09-08\XSHOO.2026-09-08T00_01_40.678.fits,355,1
muestras\XSHOO.2026-09-08\XSHOO.2026-09-08T00_03_31.688.fits,355,1
muestras\XSHOO.2026-09-08\XSHOO.2026-09-08T00_05_23.686.fits,355,1
muestras\XSHOO.2026-09-08\XSHOO.2026-09-08T00_07_12.565.fits,355,1
muestras\XSHOO.2026-09-08\XSHOO.2026-09-08T00_09_05.575.fits,355,1
muestras\XSHOO.2026-09-08\XSHOO.2026-09-08T00_10_58.594.fits,355,1
muestras\XSHOO.2026-09-08\XSHOO.2026-09-08T00_12_53.683.fits,355,1
muestras\XSHOO.2026-09-08\XSHOO.2026-09-08T00_14_44.322.fits,355,1
muestras\XSHOO.2026-09-08\XSHOO.2026-09-08T00_16_39.681.fits,355,1
muestras\XSHOO.2026-09-08\XSHOO.2026-09-08T00_18_34.671.fits,355,1
muestras\XSHOO.2026-09-08\XSHOO.2026-09-08T00_20_30.580.fits,355,1
muestras\XSHOO.2026-09-08\XSHOO.2026-09-08T00_22_26.689.fits,355,1
muestras\XSHOO.2026-09-08\XSHOO.2026-09-08T00_24_03.597.fits,355,1
muestras\XSHOO.2026-09-08\XSHOO.2026-09-08T00_25_40.585.fits,355,1
muestras\XSHOO.2026-09-08\XSHOO.2026-09-08T00_27_17.713.fits,355,1
muestras\XSHOO.2026-09-08\XSHOO.2026-09-08T00_28_54.680.fits,355,1
muestras\XSHOO.2026-09-08\XSHOO.2026-09-08T00_32_00.505.fits,355,1
muestras\XSHOO.2026-09-08\XSHOO.2026-09-08T00_32_27.637.fits,355,1
muestras\XSHOO.2026-09-08\XSHOO.2026-09-08T00_32_51.600.fits,355,1
muestras\XSHOO.2026-09-08\XSHOO.2026-09-08T00_33_25.612.fits,355,1
muestras\XSHOO.2026-09-08\XSHOO.2026-09-08T00_33_56.595.fits,355,1
muestras\XSHOO.2026-09-08\XSHOO.2026-09-08T00_34_37.708.fits,355,1
muestras\XSHOO.2026-09-08\XSHOO.2026-09-08T00_35_18.722.fits,355,1
muestras\XSHOO.2026-09-08\XSHOO.2026-09-08T00_36_03.565.fits,355,1
muestras\XSHOO.2026-09-08\XSHOO.2026-09-08T00_36_51.709.fits,355,1
muestras\XSHOO.2026-09-08\XSHOO.2026-09-08T00_37_46.624.fits,355,1
muestras\XSHOO.2026-09-08\XSHOO.2026-09-08T00_38_41.728.fits,355,1
muestras\XSHOO.2026-09-08\XSHOO.2026-09-08T00_39_43.713.fits,355,1
muestras\XSHOO.2026-09-08\XSHOO.2026-09-08T00_40_45.627.fits,355,1
muestras\XSHOO.2026-09-08\XSHOO.2026-09-08T00_41_54.703.fits,355,1
muestras\XSHOO.2026-09-08\XSHOO.2026-09-08T00_43_03.618.fits,355,1
muestras\XSHOO.2026-09-08\XSHOO.2026-09-08T00_44_19.715.fits,355,1
muestras\XSHOO.2026-09-08\XSHOO.2026-09-08T00_45_36.511.fits,355,1
muestras\XSHOO.2026-09-08\XSHOO.2026-09-08T00_46_59.618.fits,355,1
muestras\XSHOO.2026-09-08\XSHOO.2026-09-08T00_48_22.714.fits,355,1
muestras\XSHOO.2026-09-08\XSHOO.2026-09-08T00_49_52.352.fits,355,1
muestras\XSHOO.2026-09-08\XSHOO.2026-09-08T00_51_22.709.fits,355,1
muestras\XSHOO.2026-09-08\XSHOO.2026-09-08T00_52_59.726.fits,355,1
muestras\XSHOO.2026-09-08\XSHOO.2026-09-08T00_54_36.715.fits,355,1
muestras\XSHOO.2026-09-08\XSHOO.2026-09-08T00_56_17.373.fits,355,1
muestras\XSHOO.2026-09-08\XSHOO.2026-09-08T00_58_01.611.fits,355,1
muestras\XSHOO.2026-09-08\XSHOO.2026-09-08T00_59_52.640.fits,355,1
muestras\XSHOO.2026-09-08\XSHOO.2026-09-08T01_01_43.399.fits,355,1
muestras\XSHOO.2026-09-08\XSHOO.2026-09-08T01_03_40.288.fits,355,1
muestras\XSHOO.2026-09-08\XSHOO.2026-09-08T01_05_39.418.fits,355,1
muestras\XSHOO.2026-09-08\XSHOO.2026-09-08T01_07_41.237.fits,355,1
muestras\XSHOO.2026-09-08\XSHOO.2026-09-08T01_09_46.628.fits,355,1
muestras\XSHOO.2026-09-08\XSHOO.2026-09-08T01_11_58.719.fits,355,1
muestras\XSHOO.2026-09-08\XSHOO.2026-09-08T01_14_11.429.fits,355,1
muestras\XSHOO.2026-09-08\XSHOO.2026-09-08T01_14_35.711.fits,355,1
muestras\XSHOO.2026-09-08\XSHOO.2026-09-08T01_14_59.723.fits,355,1
muestras\XSHOO.2026-09-08\XSHOO.2026-09-08T01_15_20.605.fits,355,1
muestras\XSHOO.2026-09-08\XSHOO.2026-09-08T01_15_44.637.fits,355,1
muestras\XSHOO.2026-09-08\XSHOO.2026-09-08T01_16_53.202.fits,355,1
muestras\XSHOO.2026-09-08\XSHOO.2026-09-08T01_17_08.674.fits,355,1
muestras\XSHOO.2026-09-08\XSHOO.2026-09-08T01_17_25.385.fits,355,1
muestras\XSHOO.2026-09-08\XSHOO.2026-09-08T01_17_42.686.fits,355,1
muestras\XSHOO.2026-09-08\XSHOO.2026-09-08T01_17_59.598.fits,355,1
muestras\XSHOO.2026-09-08\XSHOO.2026-09-08T01_18_17.679.fits,355,1
muestras\XSHOO.2026-09-08\XSHOO.2026-09-08T01_18_33.560.fits,355,1
muestras\XSHOO.2026-09-08\XSHOO.2026-09-08T01_18_53.581.fits,355,1
muestras\XSHOO.2026-09-08\XSHOO.2026-09-08T01_19_13.583.fits,355,1
muestras\XSHOO.2026-09-08\XSHOO.2026-09-08T01_19_35.575.fits,355,1
muestras\XSHOO.2026-09-08\XSHOO.2026-09-08T01_19_57.677.fits,355,1
muestras\XSHOO.2026-09-08\XSHOO.2026-09-08T01_20_20.578.fits,355,1
muestras\XSHOO.2026-09-08\XSHOO.2026-09-08T01_20_40.320.fits,355,1
muestras\XSHOO.2026-09-08\XSHOO.2026-09-08T01_21_04.572.fits,355,1
muestras\XSHOO.2026-09-08\XSHOO.2026-09-08T01_21_28.604.fits,355,1
muestras\XSHOO.2026-09-08\XSHOO.2026-09-08T01_21_54.566.fits,355,1
muestras\XSHOO.2026-09-08\XSHOO.2026-09-08T01_22_20.578.fits,355,1
muestras\XSHOO.2026-09-08\XSHOO.2026-09-08T01_22_44.560.fits,355,1
muestras\XSHOO.2026-09-08\XSHOO.2026-09-08T01_23_11.702.fits,355,1
muestras\XSHOO.2026-09-08\XSHOO.2026-09-08T01_23_40.685.fits,355,1
muestras\XSHOO.2026-09-08\XSHOO.2026-09-08T01_24_09.677.fits,355,1
muestras\XSHOO.2026-09-08\XSHOO.2026-09-08T01_24_40.679.fits,355,1
muestras\XSHOO.2026-09-08\XSHOO.2026-09-08T01_25_10.682.fits,355,1
muestras\XSHOO.2026-09-08\XSHOO.2026-09-08T01_25_42.584.fits,355,1
muestras\XSHOO.2026-09-08\XSHOO.2026-09-08T01_26_14.597.fits,355,1
muestras\XSHOO.2026-09-08\XSHOO.2026-09-08T01_26_48.680.fits,355,1
muestras\XSHOO.2026-09-08\XSHOO.2026-09-08T01_27_22.593.fits,355,1
muestras\XSHOO.2026-09-08\XSHOO.2026-09-08T01_27_57.676.fits,355,1
muestras\XSHOO.2026-09-08\XSHOO.2026-09-08T01_28_32.678.fits,355,1
muestras\XSHOO.2026-09-08\XSHOO.2026-09-08T01_29_08.501.fits,355,1
muestras\XSHOO.2026-09-08\XSHOO.2026-09-08T01_29_44.584.fits,355,1
muestras\XSHOO.2026-09-08\XSHOO.2026-09-08T01_30_22.187.fits,355,1
muestras\XSHOO.2026-09-08\XSHOO.2026-09-08T01_31_00.640.fits,355,1
muestras\XSHOO.2026-09-08\XSHOO.2026-09-08T01_31_13.701.fits,355,1
muestras\XSHOO.2026-09-08\XSHOO.2026-09-08T01_31_26.593.fits,355,1
muestras\XSHOO.2026-09-08\XSHOO.2026-09-08T01_31_39.613.fits,355,1
muestras\XSHOO.2026-09-08\XSHOO.2026-09-08T01_31_52.624.fits,355,1
muestras\XSHOO.2026-09-08\XSHOO.2026-09-08T01_32_48.879.fits,355,1
muestras\XSHOO.2026-09-08\XSHOO.2026-09-08T01_33_07.601.fits,355,1
muestras\XSHOO.2026-09-08\XSHOO.2026-09-08T01_33_23.331.fits,355,1
muestras\XSHOO.2026-09-08\XSHOO.2026-09-08T01_33_45.684.fits,355,1
muestras\XSHOO.2026-09-08\XSHOO.2026-09-08T01_34_08.606.fits,355,1
muestras\XSHOO.2026-09-08\XSHOO.2026-09-08T01_34_31.337.fits,355,1
muestras\XSHOO.2026-09-08\XSHOO.2026-09-08T01_34_57.609.fits,355,1
muestras\XSHOO.2026-09-08\XSHOO.2026-09-08T01_35_27.592.fits,355,1
muestras\XSHOO.2026-09-08\XSHOO.2026-09-08T01_35_56.694.fits,355,1
muestras\XSHOO.2026-09-08\XSHOO.2026-09-08T01_36_29.277.fits,355,1
muestras\XSHOO.2026-09-08\XSHOO.2026-09-08T01_37_02.699.fits,355,1
muestras\XSHOO.2026-09-08\XSHOO.2026-09-08T01_37_36.332.fits,355,1
muestras\XSHOO.2026-09-08\XSHOO.2026-09-08T01_38_12.695.fits,355,1
muestras\XSHOO.2026-09-08\XSHOO.2026-09-08T01_38_52.568.fits,355,1
muestras\XSHOO.2026-09-08\XSHOO.2026-09-08T01_39_33.382.fits,355,1
muestras\XSHOO.2026-09-08\XSHOO.2026-09-08T01_40_16.695.fits,355,1
muestras\XSHOO.2026-09-08\XSHOO.2026-09-08T01_41_00.599.fits,355,1
muestras\XSHOO.2026-09-08\XSHOO.2026-09-08T01_41_47.232.fits,355,1
muestras\XSHOO.2026-09-08\XSHOO.2026-09-08T01_42_34.706.fits,355,1
muestras\XSHOO.2026-09-08\XSHOO.2026-09-08T01_43_25.690.fits,355,1
muestras\XSHOO.2026-09-08\XSHOO.2026-09-08T01_44_16.584.fits,355,1
muestras\XSHOO.2026-09-08\XSHOO.2026-09-08T01_45_10.698.fits,355,1
muestras\XSHOO.2026-09-08\XSHOO.2026-09-08T01_46_01.572.fits,355,1
muestras\XSHOO.2026-09-08\XSHOO.2026-09-08T01_47_00.387.fits,355,1
muestras\XSHOO.2026-09-08\XSHOO.2026-09-08T01_48_00.412.fits,355,1
muestras\XSHOO.2026-09-08\XSHOO.2026-09-08T01_49_01.587.fits,355,1
muestras\XSHOO.2026-09-08\XSHOO.2026-09-08T01_50_02.592.fits,355,1
muestras\XSHOO.2026-09-08\XSHOO.2026-09-08T01_51_04.577.fits,355,1
muestras\XSHOO.2026-09-08\XSHOO.2026-09-08T01_52_08.692.fits,355,1
muestras\XSHOO.2026-09-08\XSHOO.2026-09-08T01_53_13.337.fits,355,1
muestras\XSHOO.2026-09-08\XSHOO.2026-09-08T01_54_18.342.fits,355,1
muestras\XSHOO.2026-09-08\XSHOO.2026-09-08T01_55_29.408.fits,355,1
muestras\XSHOO.2026-09-08\XSHOO.2026-09-08T01_56_40.714.fits,355,1
muestras\XSHOO.2026-09-08\XSHOO.2026-09-08T01_56_56.706.fits,355,1
muestras\XSHOO.2026-09-08\XSHOO.2026-09-08T01_57_12.607.fits,355,1
muestras\XSHOO.2026-09-08\XSHOO.2026-09-08T01_57_25.588.fits,355,1
muestras\XSHOO.2026-09-08\XSHOO.2026-09-08T01_57_41.699.fits,355,1
muestras\XSHOO.2026-09-08\XSHOO.2026-09-08T03_06_48.821.fits,355,1
muestras\XSHOO.2026-09-08\XSHOO.2026-09-08T03_07_10.703.fits,355,1
muestras\XSHOO.2026-09-08\XSHOO.2026-09-08T03_07_32.705.fits,355,1
muestras\XSHOO.2026-09-08\XSHOO.2026-09-08T03_07_56.507.fits,355,1
muestras\XSHOO.2026-09-08\XSHOO.2026-09-08T03_08_19.699.fits,355,1
muestras\XSHOO.2026-09-08\XSHOO.2026-09-08T03_08_43.702.fits,355,1
muestras\XSHOO.2026-09-08\XSHOO.2026-09-08T03_09_05.532.fits,355,1
muestras\XSHOO.2026-09-08\XSHOO.2026-09-08T03_09_30.705.fits,355,1
muestras\XSHOO.2026-09-08\XSHOO.2026-09-08T03_09_55.717.fits,355,1
muestras\XSHOO.2026-09-08\XSHOO.2026-09-08T03_10_22.688.fits,355,1
muestras\XSHOO.2026-09-08\XSHOO.2026-09-08T03_10_49.680.fits,355,1
muestras\XSHOO.2026-09-08\XSHOO.2026-09-08T03_11_14.583.fits,355,1
muestras\XSHOO.2026-09-08\XSHOO.2026-09-08T03_11_44.716.fits,355,1
muestras\XSHOO.2026-09-08\XSHOO.2026-09-08T03_12_14.598.fits,355,1
muestras\XSHOO.2026-09-08\XSHOO.2026-09-08T03_12_44.601.fits,355,1
muestras\XSHOO.2026-09-08\XSHOO.2026-09-08T03_13_15.703.fits,355,1
muestras\XSHOO.2026-09-08\XSHOO.2026-09-08T03_13_46.705.fits,355,1
muestras\XSHOO.2026-09-08\XSHOO.2026-09-08T03_14_19.298.fits,355,1
muestras\XSHOO.2026-09-08\XSHOO.2026-09-08T03_14_51.700.fits,355,1
muestras\XSHOO.2026-09-08\XSHOO.2026-09-08T03_15_22.622.fits,355,1
muestras\XSHOO.2026-09-08\XSHOO.2026-09-08T03_15_56.596.fits,355,1
muestras\XSHOO.2026-09-08\XSHOO.2026-09-08T03_16_28.348.fits,355,1
muestras\XSHOO.2026-09-08\XSHOO.2026-09-08T03_17_03.602.fits,355,1
muestras\XSHOO.2026-09-08\XSHOO.2026-09-08T03_17_40.604.fits,355,1
muestras\XSHOO.2026-09-08\XSHOO.2026-09-08T03_18_17.577.fits,355,1
muestras\XSHOO.2026-09-08\XSHOO.2026-09-08T03_18_55.590.fits,355,1
muestras\XSHOO.2026-09-08\XSHOO.2026-09-08T03_19_33.693.fits,355,1
muestras\XSHOO.2026-09-08\XSHOO.2026-09-08T03_20_13.556.fits,355,1
muestras\XSHOO.2026-09-08\XSHOO.2026-09-08T03_20_52.619.fits,355,1
muestras\XSHOO.2026-09-08\XSHOO.2026-09-08T03_21_32.682.fits,355,1
muestras\XSHOO.2026-09-08\XSHOO.2026-09-08T03_22_13.596.fits,355,1
muestras\XSHOO.2026-09-08\XSHOO.2026-09-08T03_22_52.339.fits,355,1
muestras\XSHOO.2026-09-08\XSHOO.2026-09-08T03_23_34.713.fits,355,1
muestras\XSHOO.2026-09-08\XSHOO.2026-09-08T03_23_50.594.fits,355,1
muestras\XSHOO.2026-09-08\XSHOO.2026-09-08T03_24_09.615.fits,355,1
muestras\XSHOO.2026-09-08\XSHOO.2026-09-08T03_24_28.597.fits,355,1
muestras\XSHOO.2026-09-08\XSHOO.2026-09-08T03_24_48.408.fits,355,1
muestras\XSHOO.2026-09-08\XSHOO.2026-09-08T03_25_49.653.fits,355,1
muestras\XSHOO.2026-09-08\XSHOO.2026-09-08T03_26_03.335.fits,355,1
muestras\XSHOO.2026-09-08\XSHOO.2026-09-08T03_26_19.686.fits,355,1
muestras\XSHOO.2026-09-08\XSHOO.2026-09-08T03_26_36.677.fits,355,1
muestras\XSHOO.2026-09-08\XSHOO.2026-09-08T03_26_54.489.fits,355,1
muestras\XSHOO.2026-09-08\XSHOO.2026-09-08T03_27_12.680.fits,355,1
muestras\XSHOO.2026-09-08\XSHOO.2026-09-08T03_27_30.581.fits,355,1
muestras\XSHOO.2026-09-08\XSHOO.2026-09-08T03_27_49.582.fits,355,1
muestras\XSHOO.2026-09-08\XSHOO.2026-09-08T03_28_05.514.fits,355,1
muestras\XSHOO.2026-09-08\XSHOO.2026-09-08T03_28_24.596.fits,355,1
muestras\XSHOO.2026-09-08\XSHOO.2026-09-08T03_28_44.587.fits,355,1
muestras\XSHOO.2026-09-08\XSHOO.2026-09-08T03_29_05.679.fits,355,1
muestras\XSHOO.2026-09-08\XSHOO.2026-09-08T03_29_26.680.fits,355,1
muestras\XSHOO.2026-09-08\XSHOO.2026-09-08T03_29_47.672.fits,355,1
muestras\XSHOO.2026-09-08\XSHOO.2026-09-08T03_30_08.384.fits,355,1
muestras\XSHOO.2026-09-08\XSHOO.2026-09-08T03_30_30.596.fits,355,1
muestras\XSHOO.2026-09-08\XSHOO.2026-09-08T03_30_52.698.fits,355,1
muestras\XSHOO.2026-09-08\XSHOO.2026-09-08T03_31_12.569.fits,355,1
muestras\XSHOO.2026-09-08\XSHOO.2026-09-08T03_31_37.681.fits,355,1
muestras\XSHOO.2026-09-08\XSHOO.2026-09-08T03_32_01.573.fits,355,1
muestras\XSHOO.2026-09-08\XSHOO.2026-09-08T03_32_25.295.fits,355,1
muestras\XSHOO.2026-09-08\XSHOO.2026-09-08T03_32_47.207.fits,355,1
muestras\XSHOO.2026-09-08\XSHOO.2026-09-08T03_33_12.368.fits,355,1
muestras\XSHOO.2026-09-08\XSHOO.2026-09-08T03_33_37.691.fits,355,1
muestras\XSHOO.2026-09-08\XSHOO.2026-09-08T03_34_03.693.fits,355,1
muestras\XSHOO.2026-09-08\XSHOO.2026-09-08T03_34_26.344.fits,355,1
muestras\XSHOO.2026-09-08\XSHOO.2026-09-08T03_34_52.607.fits,355,1
muestras\XSHOO.2026-09-08\XSHOO.2026-09-08T03_35_20.389.fits,355,1
muestras\XSHOO.2026-09-08\XSHOO.2026-09-08T03_35_47.602.fits,355,1
muestras\XSHOO.2026-09-08\XSHOO.2026-09-08T03_36_15.583.fits,355,1
muestras\XSHOO.2026-09-08\XSHOO.2026-09-08T03_36_43.585.fits,355,1
muestras\XSHOO.2026-09-08\XSHOO.2026-09-08T03_37_12.688.fits,355,1
muestras\XSHOO.2026-09-08\XSHOO.2026-09-08T03_37_38.340.fits,355,1
muestras\XSHOO.2026-09-08\XSHOO.2026-09-08T03_37_51.601.fits,355,1
muestras\XSHOO.2026-09-08\XSHOO.2026-09-08T03_38_05.592.fits,355,1
muestras\XSHOO.2026-09-08\XSHOO.2026-09-08T03_38_18.703.fits,355,1
muestras\XSHOO.2026-09-08\XSHOO.2026-09-08T03_38_33.384.fits,355,1
muestras\XSHOO.2026-09-08\XSHOO.2026-09-08T08_20_53.268.fits,320,0
muestras\XSHOO.2026-09-08\XSHOO.2026-09-08T08_20_55.349.fits,320,0
muestras\XSHOO.2026-09-08\XSHOO.2026-09-08T08_20_57.349.fits,320,0
muestras\XSHOO.2026-09-08\XSHOO.2026-09-08T08_20_59.348.fits,320,0
muestras\XSHOO.2026-09-08\XSHOO.2026-09-08T08_21_01.348.fits,320,0
muestras\XSHOO.2026-09-08\XSHOO.2026-09-08T08_21_05.528.fits,320,0
muestras\XSHOO.2026-09-08\XSHOO.2026-09-08T08_21_07.718.fits,320,0
muestras\XSHOO.2026-09-08\XSHOO.2026-09-08T08_21_09.929.fits,320,0
muestras\XSHOO.2026-09-08\XSHOO.2026-09-08T08_21_12.128.fits,320,0
muestras\XSHOO.2026-09-08\XSHOO.2026-09-08T08_21_16.348.fits,320,0
muestras\XSHOO.2026-09-08\XSHOO.2026-09-08T08_21_24.248.fits,348,1
muestras\XSHOO.2026-09-08\XSHOO.2026-09-08T08_22_39.693.fits,348,1
muestras\XSHOO.2026-09-08\XSHOO.2026-09-08T08_24_13.551.fits,348,1
muestras\XSHOO.2026-09-08\XSHOO.2026-09-08T08_25_28.697.fits,348,1
muestras\XSHOO.2026-09-08\XSHOO.2026-09-08T08_27_05.705.fits,348,1
muestras\XSHOO.2026-09-08\XSHOO.2026-09-08T08_28_21.510.fits,348,1
muestras\XSHOO.2026-09-08\XSHOO.2026-09-08T08_29_57.638.fits,348,1
muestras\XSHOO.2026-09-08\XSHOO.2026-09-08T08_31_12.715.fits,348,1
muestras\XSHOO.2026-09-08\XSHOO.2026-09-08T08_31_38.330.fits,461,2
muestras\XSHOO.2026-09-08\XSHOO.2026-09-08T08_31_54.384.fits,461,2
muestras\XSHOO.2026-09-08\XSHOO.2026-09-08T08_32_10.439.fits,461,2
muestras\XSHOO.2026-09-08\XSHOO.2026-09-08T08_32_46.592.fits,348,1
muestras\XSHOO.2026-09-08\XSHOO.2026-09-08T08_34_01.618.fits,348,1
muestras\XSHOO.2026-09-08\XSHOO.2026-09-08T08_35_38.576.fits,348,1
muestras\XSHOO.2026-09-08\XSHOO.2026-09-08T08_36_21.679.fits,348,1
muestras\XSHOO.2026-09-08\XSHOO.2026-09-08T08_37_14.684.fits,348,1
muestras\XSHOO.2026-09-08\XSHOO.2026-09-08T08_37_58.477.fits,348,1
muestras\XSHOO.2026-09-08\XSHOO.2026-09-08T08_38_51.681.fits,348,1
muestras\XSHOO.2026-09-08\XSHOO.2026-09-08T08_39_34.575.fits,348,1
muestras\XSHOO.2026-09-08\XSHOO.2026-09-08T08_40_27.609.fits,348,1
muestras\XSHOO.2026-09-08\XSHOO.2026-09-08T08_41_10.653.fits,348,1
muestras\XSHOO.2026-09-08\XSHOO.2026-09-08T08_42_03.687.fits,348,1
muestras\XSHOO.2026-09-08\XSHOO.2026-09-08T08_42_46.691.fits,348,1
muestras\XSHOO.2026-09-08\XSHOO.2026-09-08T08_43_39.574.fits,348,1
muestras\XSHOO.2026-09-08\XSHOO.2026-09-08T08_44_05.567.fits,348,1
muestras\XSHOO.2026-09-08\XSHOO.2026-09-08T08_44_37.659.fits,348,1
muestras\XSHOO.2026-09-08\XSHOO.2026-09-08T08_45_04.671.fits,348,1
muestras\XSHOO.2026-09-08\XSHOO.2026-09-08T08_45_37.384.fits,348,1
muestras\XSHOO.2026-09-08\XSHOO.2026-09-08T08_46_03.576.fits,348,1
muestras\XSHOO.2026-09-08\XSHOO.2026-09-08T08_46_32.538.fits,348,1
muestras\XSHOO.2026-09-08\XSHOO.2026-09-08T08_46_58.670.fits,348,1
muestras\XSHOO.2026-09-08\XSHOO.2026-09-08T08_47_32.364.fits,348,1
muestras\XSHOO.2026-09-08\XSHOO.2026-09-08T08_47_58.665.fits,348,1
muestras\XSHOO.2026-09-08\XSHOO.2026-09-08T08_48_30.568.fits,348,1
muestras\XSHOO.2026-09-08\XSHOO.2026-09-08T08_48_54.750.fits,348,1
muestras\XSHOO.2026-09-08\XSHOO.2026-09-08T08_49_23.652.fits,348,1
muestras\XSHOO.2026-09-08\XSHOO.2026-09-08T08_49_44.414.fits,348,1
muestras\XSHOO.2026-09-08\XSHOO.2026-09-08T08_50_12.746.fits,348,1
muestras\XSHOO.2026-09-08\XSHOO.2026-09-08T08_50_37.578.fits,348,1
muestras\XSHOO.2026-09-08\XSHOO.2026-09-08T08_51_06.761.fits,348,1
muestras\XSHOO.2026-09-08\XSHOO.2026-09-08T08_51_30.763.fits,348,1
muestras\XSHOO.2026-09-08\XSHOO.2026-09-08T08_51_59.655.fits,348,1
muestras\XSHOO.2026-09-08\XSHOO.2026-09-08T08_52_23.657.fits,348,1
muestras\XSHOO.2026-09-08\XSHOO.2026-09-08T08_52_49.609.fits,348,1
muestras\XSHOO.2026-09-08\XSHOO.2026-09-08T08_53_05.650.fits,348,1
muestras\XSHOO.2026-09-08\XSHOO.2026-09-08T08_53_24.622.fits,348,1
muestras\XSHOO.2026-09-08\XSHOO.2026-09-08T08_53_40.633.fits,348,1
muestras\XSHOO.2026-09-08\XSHOO.2026-09-08T08_53_56.615.fits,348,1
muestras\XSHOO.2026-09-08\XSHOO.2026-09-08T08_54_12.656.fits,348,1
muestras\XSHOO.2026-09-08\XSHOO.2026-09-08T08_54_31.737.fits,348,1
muestras\XSHOO.2026-09-08\XSHOO.2026-09-08T08_54_47.738.fits,348,1
muestras\XSHOO.2026-09-08\XSHOO.2026-09-08T08_55_03.429.fits,348,1
muestras\XSHOO.2026-09-08\XSHOO.2026-09-08T08_55_19.641.fits,348,1
muestras\XSHOO.2026-09-08\XSHOO.2026-09-08T08_55_38.612.fits,348,1
muestras\XSHOO.2026-09-08\XSHOO.2026-09-08T08_55_51.623.fits,348,1
muestras\XSHOO.2026-09-08\XSHOO.2026-09-08T08_56_02.614.fits,348,1
muestras\XSHOO.2026-09-08\XSHOO.2026-09-08T08_56_15.636.fits,348,1
muestras\XSHOO.2026-09-08\XSHOO.2026-09-08T08_56_29.746.fits,348,1
muestras\XSHOO.2026-09-08\XSHOO.2026-09-08T08_56_42.727.fits,348,1
muestras\XSHOO.2026-09-08\XSHOO.2026-09-08T08_56_56.719.fits,348,1
muestras\XSHOO.2026-09-08\XSHOO.2026-09-08T08_57_06.569.fits,348,1
muestras\XSHOO.2026-09-08\XSHOO.2026-09-08T08_57_19.731.fits,348,1
muestras\XSHOO.2026-09-08\XSHOO.2026-09-08T08_57_32.621.fits,348,1
muestras\XSHOO.2026-09-08\XSHOO.2026-09-08T08_58_02.844.fits,351,1
muestras\XSHOO.2026-09-08\XSHOO.2026-09-08T08_58_03.642.fits,464,2
muestras\XSHOO.2026-09-08\XSHOO.2026-09-08T08_58_04.064.fits,351,1
muestras\XSHOO.2026-09-08\XSHOO.2026-09-08T08_58_31.417.fits,351,1
muestras\XSHOO.2026-09-08\XSHOO.2026-09-08T08_58_32.188.fits,464,2
muestras\XSHOO.2026-09-08\XSHOO.2026-09-08T08_58_32.637.fits,351,1
muestras\XSHOO.2026-09-08\XSHOO.2026-09-08T09_01_28.681.fits,351,1
muestras\XSHOO.2026-09-08\XSHOO.2026-09-08T09_03_33.230.fits,351,1
muestras\XSHOO.2026-09-08\XSHOO.2026-09-08T09_05_37.630.fits,351,1
muestras\XSHOO.2026-09-08\XSHOO.2026-09-08T09_07_43.751.fits,464,2
muestras\XSHOO.2026-09-08\XSHOO.2026-09-08T09_08_05.310.fits,461,2
muestras\XSHOO.2026-09-08\XSHOO.2026-09-08T09_11_17.248.fits,351,1
muestras\XSHOO.2026-09-08\XSHOO.2026-09-08T09_12_03.742.fits,351,1
muestras\XSHOO.2026-09-08\XSHOO.2026-09-08T09_12_49.745.fits,351,1
muestras\XSHOO.2026-09-08\XSHOO.2026-09-08T09_13_35.638.fits,351,1
muestras\XSHOO.2026-09-08\XSHOO.2026-09-08T09_14_21.733.fits,351,1
muestras\XSHOO.2026-09-08\XSHOO.2026-09-08T09_15_49.180.fits,351,1
muestras\XSHOO.2026-09-08\XSHOO.2026-09-08T09_17_14.416.fits,351,1
muestras\XSHOO.2026-09-08\XSHOO.2026-09-08T09_18_38.623.fits,351,1
muestras\XSHOO.2026-09-08\XSHOO.2026-09-08T09_20_02.729.fits,351,1
muestras\XSHOO.2026-09-08\XSHOO.2026-09-08T09_21_26.637.fits,351,1
muestras\XSHOO.2026-09-08\XSHOO.2026-09-08T09_22_59.804.fits,351,1
muestras\XSHOO.2026-09-08\XSHOO.2026-09-08T09_24_24.721.fits,351,1
muestras\XSHOO.2026-09-08\XSHOO.2026-09-08T09_25_49.528.fits,351,1
muestras\XSHOO.2026-09-08\XSHOO.2026-09-08T09_27_15.724.fits,351,1
muestras\XSHOO.2026-09-08\XSHOO.2026-09-08T09_28_40.731.fits,351,1
muestras\XSHOO.2026-09-08\XSHOO.2026-09-08T09_30_12.677.fits,464,2
muestras\XSHOO.2026-09-08\XSHOO.2026-09-08T09_30_40.980.fits,461,2
muestras\XSHOO.2026-09-08\XSHOO.2026-09-08T09_31_08.616.fits,464,2
muestras\XSHOO.2026-09-08\XSHOO.2026-09-08T09_31_36.921.fits,461,2
muestras\XSHOO.2026-09-08\XSHOO.2026-09-08T09_32_04.557.fits,464,2
muestras\XSHOO.2026-09-08\XSHOO.2026-09-08T09_32_32.860.fits,461,2
muestras\XSHOO.2026-09-08\XSHOO.2026-09-08T09_33_00.495.fits,464,2
muestras\XSHOO.2026-09-08\XSHOO.2026-09-08T09_33_28.799.fits,461,2
muestras\XSHOO.2026-09-08\XSHOO.2026-09-08T09_33_56.437.fits,464,2
muestras\XSHOO.2026-09-08\XSHOO.2026-09-08T09_34_21.399.fits,461,2
muestras\XSHOO.2026-09-08\XSHOO.2026-09-08T09_35_31.044.fits,351,1
muestras\XSHOO.2026-09-08\XSHOO.2026-09-08T09_35_36.144.fits,351,1
muestras\XSHOO.2026-09-08\XSHOO.2026-09-08T09_37_15.970.fits,464,2
muestras\XSHOO.2026-09-08\XSHOO.2026-09-08T09_37_29.484.fits,461,2
muestras\XSHOO.2026-09-08\XSHOO.2026-09-08T20_32_14.704.fits,356,1
muestras\XSHOO.2026-09-08\XSHOO.2026-09-08T20_32_15.834.fits,469,2
muestras\XSHOO.2026-09-08\XSHOO.2026-09-08T20_32_15.924.fits,356,1
muestras\XSHOO.2026-09-08\XSHOO.2026-09-08T20_32_43.315.fits,356,1
muestras\XSHOO.2026-09-08\XSHOO.2026-09-08T20_32_44.381.fits,469,2
muestras\XSHOO.2026-09-08\XSHOO.2026-09-08T20_32_44.535.fits,356,1
muestras\XSHOO.2026-09-08\XSHOO.2026-09-08T20_35_42.689.fits,356,1
muestras\XSHOO.2026-09-08\XSHOO.2026-09-08T20_37_47.089.fits,356,1
muestras\XSHOO.2026-09-08\XSHOO.2026-09-08T20_39_51.549.fits,356,1
muestras\XSHOO.2026-09-08\XSHOO.2026-09-08T20_41_56.664.fits,469,2
muestras\XSHOO.2026-09-08\XSHOO.2026-09-08T20_42_18.890.fits,466,2
muestras\XSHOO.2026-09-09\XSHOO.2026-09-09T05_43_29.680.fits,440,1
muestras\XSHOO.2026-09-09\XSHOO.2026-09-09T05_43_30.899.fits,440,1
muestras\XSHOO.2026-09-09\XSHOO.2026-09-09T05_43_31.033.fits,552,1
muestras\XSHOO.2026-09-09\XSHOO.2026-09-09T05_44_00.452.fits,440,1
muestras\XSHOO.2026-09-09\XSHOO.2026-09-09T05_44_01.634.fits,552,1
muestras\XSHOO.2026-09-09\XSHOO.2026-09-09T05_44_01.672.fits,440,1
muestras\XSHOO.2026-09-09\XSHOO.2026-09-09T05_44_19.234.fits,440,1
muestras\XSHOO.2026-09-09\XSHOO.2026-09-09T05_44_20.454.fits,440,1
muestras\XSHOO.2026-09-09\XSHOO.2026-09-09T05_44_20.688.fits,552,1
muestras\XSHOO.2026-09-09\XSHOO.2026-09-09T05_47_07.506.fits,446,1
muestras\XSHOO.2026-09-09\XSHOO.2026-09-09T05_47_12.707.fits,445,1
muestras\XSHOO.2026-09-09\XSHOO.2026-09-09T05_47_15.523.fits,557,1
muestras\XSHOO.2026-09-09\XSHOO.2026-09-09T05_51_28.967.fits,446,1
muestras\XSHOO.2026-09-09\XSHOO.2026-09-09T05_51_34.188.fits,445,1
muestras\XSHOO.2026-09-09\XSHOO.2026-09-09T05_51_37.123.fits,557,1
muestras\XSHOO.2026-09-09\XSHOO.2026-09-09T05_59_40.075.fits,440,3
muestras\XSHOO.2026-09-09\XSHOO.2026-09-09T05_59_41.295.fits,440,3
muestras\XSHOO.2026-09-09\XSHOO.2026-09-09T05_59_41.535.fits,552,1
muestras\XSHOO.2026-09-09\XSHOO.2026-09-09T06_00_08.448.fits,440,1
muestras\XSHOO.2026-09-09\XSHOO.2026-09-09T06_00_09.416.fits,552,1
muestras\XSHOO.2026-09-09\XSHOO.2026-09-09T06_00_09.668.fits,440,1
muestras\XSHOO.2026-09-09\XSHOO.2026-09-09T06_00_26.179.fits,440,1
muestras\XSHOO.2026-09-09\XSHOO.2026-09-09T06_00_27.137.fits,552,1
muestras\XSHOO.2026-09-09\XSHOO.2026-09-09T06_00_27.402.fits,440,1
muestras\XSHOO.2026-09-09\XSHOO.2026-09-09T07_04_10.201.fits,438,3
muestras\XSHOO.2026-09-09\XSHOO.2026-09-09T07_04_11.421.fits,438,1
muestras\XSHOO.2026-09-09\XSHOO.2026-09-09T07_04_11.643.fits,550,3
muestras\XSHOO.2026-09-09\XSHOO.2026-09-09T07_04_39.443.fits,438,1
muestras\XSHOO.2026-09-09\XSHOO.2026-09-09T07_04_40.663.fits,438,1
muestras\XSHOO.2026-09-09\XSHOO.2026-09-09T07_04_40.856.fits,550,1
muestras\XSHOO.2026-09-09\XSHOO.2026-09-09T07_04_56.704.fits,438,1
muestras\XSHOO.2026-09-09\XSHOO.2026-09-09T07_04_57.912.fits,550,1
muestras\XSHOO.2026-09-09\XSHOO.2026-09-09T07_04_57.925.fits,438,1
muestras\XSHOO.2026-09-09\XSHOO.2026-09-09T08_07_59.553.fits,440,1
muestras\XSHOO.2026-09-09\XSHOO.2026-09-09T08_08_00.773.fits,440,1
muestras\XSHOO.2026-09-09\XSHOO.2026-09-09T08_08_01.020.fits,552,1
muestras\XSHOO.2026-09-09\XSHOO.2026-09-09T08_08_28.475.fits,440,1
muestras\XSHOO.2026-09-09\XSHOO.2026-09-09T08_08_29.567.fits,552,1
muestras\XSHOO.2026-09-09\XSHOO.2026-09-09T08_08_29.695.fits,440,1
muestras\XSHOO.2026-09-09\XSHOO.2026-09-09T08_08_46.256.fits,440,1
muestras\XSHOO.2026-09-09\XSHOO.2026-09-09T08_08_47.289.fits,552,1
muestras\XSHOO.2026-09-09\XSHOO.2026-09-09T08_08_47.476.fits,440,1
muestras\XSHOO.2026-09-09\XSHOO.2026-09-09T09_06_57.271.fits,438,1
muestras\XSHOO.2026-09-09\XSHOO.2026-09-09T09_06_58.095.fits,550,1
muestras\XSHOO.2026-09-09\XSHOO.2026-09-09T09_06_58.490.fits,438,1
muestras\XSHOO.2026-09-09\XSHOO.2026-09-09T09_07_26.432.fits,438,1
muestras\XSHOO.2026-09-09\XSHOO.2026-09-09T09_07_27.307.fits,552,1
muestras\XSHOO.2026-09-09\XSHOO.2026-09-09T09_07_27.652.fits,438,1
muestras\XSHOO.2026-09-09\XSHOO.2026-09-09T09_07_43.704.fits,440,1
muestras\XSHOO.2026-09-09\XSHOO.2026-09-09T09_07_44.924.fits,440,1
muestras\XSHOO.2026-09-09\XSHOO.2026-09-09T09_07_45.029.fits,552,1
muestras\XSHOO.2026-09-09\XSHOO.2026-09-09T09_20_58.177.fits,438,1
muestras\XSHOO.2026-09-09\XSHOO.2026-09-09T09_20_59.406.fits,438,1
muestras\XSHOO.2026-09-09\XSHOO.2026-09-09T09_20_59.614.fits,550,1
muestras\XSHOO.2026-09-09\XSHOO.2026-09-09T09_21_27.449.fits,438,1
muestras\XSHOO.2026-09-09\XSHOO.2026-09-09T09_21_28.669.fits,438,1
muestras\XSHOO.2026-09-09\XSHOO.2026-09-09T09_21_28.827.fits,550,1
muestras\XSHOO.2026-09-09\XSHOO.2026-09-09T09_21_44.180.fits,438,1
muestras\XSHOO.2026-09-09\XSHOO.2026-09-09T09_21_45.216.fits,550,1
muestras\XSHOO.2026-09-09\XSHOO.2026-09-09T09_21_45.399.fits,438,1
muestras\XSHOO.2026-09-09\XSHOO.2026-09-09T09_56_58.528.fits,321,0
muestras\XSHOO.2026-09-09\XSHOO.2026-09-09T09_57_00.668.fits,321,2
muestras\XSHOO.2026-09-09\XSHOO.2026-09-09T09_57_04.478.fits,321,0
muestras\XSHOO.2026-09-09\XSHOO.2026-09-09T09_57_06.688.fits,321,0
muestras\XSHOO.2026-09-09\XSHOO.2026-09-09T09_57_08.808.fits,321,0
muestras\XSHOO.2026-09-09\XSHOO.2026-09-09T09_57_10.888.fits,321,0
muestras\XSHOO.2026-09-09\XSHOO.2026-09-09T09_57_15.078.fits,321,0
muestras\XSHOO.2026-09-09\XSHOO.2026-09-09T09_57_17.278.fits,321,0
muestras\XSHOO.2026-09-09\XSHOO.2026-09-09T09_57_19.528.fits,321,0
muestras\XSHOO.2026-09-09\XSHOO.2026-09-09T09_57_21.678.fits,321,0
muestras\XSHOO.2026-09-09\XSHOO.2026-09-09T09_57_33.089.fits,348,1
muestras\XSHOO.2026-09-09\XSHOO.2026-09-09T09_58_48.545.fits,348,1
muestras\XSHOO.2026-09-09\XSHOO.2026-09-09T10_00_25.613.fits,348,1
muestras\XSHOO.2026-09-09\XSHOO.2026-09-09T10_01_40.528.fits,348,1
muestras\XSHOO.2026-09-09\XSHOO.2026-09-09T10_03_18.436.fits,348,1
muestras\XSHOO.2026-09-09\XSHOO.2026-09-09T10_04_30.512.fits,348,1
muestras\XSHOO.2026-09-09\XSHOO.2026-09-09T10_06_04.309.fits,348,1
muestras\XSHOO.2026-09-09\XSHOO.2026-09-09T10_07_19.535.fits,348,1
muestras\XSHOO.2026-09-09\XSHOO.2026-09-09T10_07_44.800.fits,461,2
muestras\XSHOO.2026-09-09\XSHOO.2026-09-09T10_08_00.854.fits,461,2
muestras\XSHOO.2026-09-09\XSHOO.2026-09-09T10_08_16.909.fits,461,2
muestras\XSHOO.2026-09-09\XSHOO.2026-09-09T10_08_56.313.fits,348,1
muestras\XSHOO.2026-09-09\XSHOO.2026-09-09T10_10_11.528.fits,348,1
muestras\XSHOO.2026-09-09\XSHOO.2026-09-09T10_11_48.596.fits,348,1
muestras\XSHOO.2026-09-09\XSHOO.2026-09-09T10_12_31.489.fits,348,1
muestras\XSHOO.2026-09-09\XSHOO.2026-09-09T10_13_24.493.fits,348,1
muestras\XSHOO.2026-09-09\XSHOO.2026-09-09T10_14_04.487.fits,348,1
muestras\XSHOO.2026-09-09\XSHOO.2026-09-09T10_14_54.191.fits,348,1
muestras\XSHOO.2026-09-09\XSHOO.2026-09-09T10_15_36.604.fits,348,1
muestras\XSHOO.2026-09-09\XSHOO.2026-09-09T10_16_29.478.fits,348,1
muestras\XSHOO.2026-09-09\XSHOO.2026-09-09T10_17_13.292.fits,348,1
muestras\XSHOO.2026-09-09\XSHOO.2026-09-09T10_18_06.606.fits,348,1
muestras\XSHOO.2026-09-09\XSHOO.2026-09-09T10_18_49.489.fits,348,1
muestras\XSHOO.2026-09-09\XSHOO.2026-09-09T10_19_42.504.fits,348,1
muestras\XSHOO.2026-09-09\XSHOO.2026-09-09T10_20_08.585.fits,348,1
muestras\XSHOO.2026-09-09\XSHOO.2026-09-09T10_20_41.167.fits,348,1
muestras\XSHOO.2026-09-09\XSHOO.2026-09-09T10_21_07.600.fits,348,1
muestras\XSHOO.2026-09-09\XSHOO.2026-09-09T10_21_37.292.fits,348,1
muestras\XSHOO.2026-09-09\XSHOO.2026-09-09T10_22_03.504.fits,348,1
muestras\XSHOO.2026-09-09\XSHOO.2026-09-09T10_22_35.487.fits,348,1
muestras\XSHOO.2026-09-09\XSHOO.2026-09-09T10_23_01.579.fits,348,1
muestras\XSHOO.2026-09-09\XSHOO.2026-09-09T10_23_33.471.fits,348,1
muestras\XSHOO.2026-09-09\XSHOO.2026-09-09T10_23_59.603.fits,348,1
muestras\XSHOO.2026-09-09\XSHOO.2026-09-09T10_24_32.527.fits,348,1
muestras\XSHOO.2026-09-09\XSHOO.2026-09-09T10_24_56.668.fits,348,1
muestras\XSHOO.2026-09-09\XSHOO.2026-09-09T10_25_25.560.fits,348,1
muestras\XSHOO.2026-09-09\XSHOO.2026-09-09T10_25_46.562.fits,348,1
muestras\XSHOO.2026-09-09\XSHOO.2026-09-09T10_26_15.574.fits,348,1
muestras\XSHOO.2026-09-09\XSHOO.2026-09-09T10_26_39.676.fits,348,1
muestras\XSHOO.2026-09-09\XSHOO.2026-09-09T10_27_08.658.fits,348,1
muestras\XSHOO.2026-09-09\XSHOO.2026-09-09T10_27_32.691.fits,348,1
muestras\XSHOO.2026-09-09\XSHOO.2026-09-09T10_27_58.412.fits,348,1
muestras\XSHOO.2026-09-09\XSHOO.2026-09-09T10_28_22.695.fits,348,1
muestras\XSHOO.2026-09-09\XSHOO.2026-09-09T10_28_52.446.fits,348,1
muestras\XSHOO.2026-09-09\XSHOO.2026-09-09T10_29_05.638.fits,348,1
muestras\XSHOO.2026-09-09\XSHOO.2026-09-09T10_29_24.539.fits,348,1
muestras\XSHOO.2026-09-09\XSHOO.2026-09-09T10_29_40.640.fits,348,1
muestras\XSHOO.2026-09-09\XSHOO.2026-09-09T10_29_59.642.fits,348,1
muestras\XSHOO.2026-09-09\XSHOO.2026-09-09T10_30_15.563.fits,348,1
muestras\XSHOO.2026-09-09\XSHOO.2026-09-09T10_30_34.555.fits,348,1
muestras\XSHOO.2026-09-09\XSHOO.2026-09-09T10_30_50.666.fits,348,1
muestras\XSHOO.2026-09-09\XSHOO.2026-09-09T10_31_06.357.fits,348,1
muestras\XSHOO.2026-09-09\XSHOO.2026-09-09T10_31_22.579.fits,348,1
muestras\XSHOO.2026-09-09\XSHOO.2026-09-09T10_31_41.650.fits,348,1
muestras\XSHOO.2026-09-09\XSHOO.2026-09-09T10_31_54.641.fits,348,1
muestras\XSHOO.2026-09-09\XSHOO.2026-09-09T10_32_08.282.fits,348,1
muestras\XSHOO.2026-09-09\XSHOO.2026-09-09T10_32_20.633.fits,348,1
muestras\XSHOO.2026-09-09\XSHOO.2026-09-09T10_32_34.534.fits,348,1
muestras\XSHOO.2026-09-09\XSHOO.2026-09-09T10_32_47.555.fits,348,1
muestras\XSHOO.2026-09-09\XSHOO.2026-09-09T10_33_01.636.fits,348,1
muestras\XSHOO.2026-09-09\XSHOO.2026-09-09T10_33_11.307.fits,348,1
muestras\XSHOO.2026-09-09\XSHOO.2026-09-09T10_33_24.538.fits,348,1
muestras\XSHOO.2026-09-09\XSHOO.2026-09-09T10_33_37.539.fits,348,1
muestras\XSHOO.2026-09-09\XSHOO.2026-09-09T10_33_51.406.fits,461,2
muestras\XSHOO.2026-09-09\XSHOO.2026-09-09T10_36_05.297.fits,461,2
muestras\XSHOO.2026-09-09\XSHOO.2026-09-09T10_38_18.521.fits,461,2
muestras\XSHOO.2026-09-09\XSHOO.2026-09-09T10_40_33.912.fits,461,2
muestras\XSHOO.2026-09-09\XSHOO.2026-09-09T10_43_12.115.fits,461,2
muestras\XSHOO.2026-09-09\XSHOO.2026-09-09T10_45_50.985.fits,461,2
muestras\XSHOO.2026-09-09\XSHOO.2026-09-09T10_48_30.661.fits,461,2
muestras\XSHOO.2026-09-09\XSHOO.2026-09-09T10_51_59.522.fits,461,2
muestras\XSHOO.2026-09-09\XSHOO.2026-09-09T10_55_27.714.fits,461,2
muestras\XSHOO.2026-09-09\XSHOO.2026-09-09T10_58_57.381.fits,461,2
muestras\XSHOO.2026-09-09\XSHOO.2026-09-09T10_59_56.267.fits,461,2
muestras\XSHOO.2026-09-09\XSHOO.2026-09-09T11_00_51.819.fits,461,2
muestras\XSHOO.2026-09-09\XSHOO.2026-09-09T11_01_48.181.fits,461,2
muestras\XSHOO.2026-09-09\XSHOO.2026-09-09T11_02_09.552.fits,461,2
muestras\XSHOO.2026-09-09\XSHOO.2026-09-09T11_02_30.921.fits,461,2
muestras\XSHOO.2026-09-09\XSHOO.2026-09-09T11_03_18.329.fits,351,1
muestras\XSHOO.2026-09-09\XSHOO.2026-09-09T11_03_19.154.fits,464,2
muestras\XSHOO.2026-09-09\XSHOO.2026-09-09T11_03_19.549.fits,351,1
muestras\XSHOO.2026-09-09\XSHOO.2026-09-09T11_03_47.312.fits,351,1
muestras\XSHOO.2026-09-09\XSHOO.2026-09-09T11_03_48.369.fits,464,2
muestras\XSHOO.2026-09-09\XSHOO.2026-09-09T11_03_48.531.fits,351,1
muestras\XSHOO.2026-09-09\XSHOO.2026-09-09T11_04_05.083.fits,351,1
muestras\XSHOO.2026-09-09\XSHOO.2026-09-09T11_04_06.089.fits,464,2
muestras\XSHOO.2026-09-09\XSHOO.2026-09-09T11_04_06.303.fits,351,1
muestras\XSHOO.2026-09-09\XSHOO.2026-09-09T11_07_03.897.fits,351,1
muestras\XSHOO.2026-09-09\XSHOO.2026-09-09T11_09_08.266.fits,351,1
muestras\XSHOO.2026-09-09\XSHOO.2026-09-09T11_11_13.467.fits,351,1
muestras\XSHOO.2026-09-09\XSHOO.2026-09-09T11_13_19.708.fits,464,2
muestras\XSHOO.2026-09-09\XSHOO.2026-09-09T11_13_37.933.fits,461,2
muestras\XSHOO.2026-09-09\XSHOO.2026-09-09T11_14_40.723.fits,351,1
muestras\XSHOO.2026-09-09\XSHOO.2026-09-09T11_14_45.903.fits,351,1
muestras\XSHOO.2026-09-09\XSHOO.2026-09-09T11_16_26.342.fits,464,2
muestras\XSHOO.2026-09-09\XSHOO.2026-09-09T11_17_31.441.fits,461,2
muestras\XSHOO.2026-09-09\XSHOO.2026-09-09T11_20_47.752.fits,351,1
muestras\XSHOO.2026-09-09\XSHOO.2026-09-09T11_22_21.299.fits,351,1
muestras\XSHOO.2026-09-09\XSHOO.2026-09-09T11_23_33.965.fits,351,1
muestras\XSHOO.2026-09-09\XSHOO.2026-09-09T11_25_22.691.fits,464,2
muestras\XSHOO.2026-09-09\XSHOO.2026-09-09T11_25_34.027.fits,461,2
muestras\XSHOO.2026-09-09\XSHOO.2026-09-09T11_26_26.469.fits,351,1
muestras\XSHOO.2026-09-09\XSHOO.2026-09-09T11_26_31.619.fits,351,1
muestras\XSHOO.2026-09-09\XSHOO.2026-09-09T11_28_06.919.fits,464,2
muestras\XSHOO.2026-09-09\XSHOO.2026-09-09T11_28_32.314.fits,461,2
muestras\XSHOO.2026-09-09\XSHOO.2026-09-09T11_29_13.678.fits,464,2
muestras\XSHOO.2026-09-09\XSHOO.2026-09-09T11_29_24.781.fits,461,2
muestras\XSHOO.2026-09-09\XSHOO.2026-09-09T11_29_31.435.fits,464,2
muestras\XSHOO.2026-09-09\XSHOO.2026-09-09T11_29_39.573.fits,461,2
muestras\XSHOO.2026-09-09\XSHOO.2026-09-09T11_29_49.926.fits,464,2
muestras\XSHOO.2026-09-09\XSHOO.2026-09-09T11_30_01.028.fits,461,2
muestras\XSHOO.2026-09-09\XSHOO.2026-09-09T11_30_11.383.fits,464,2
muestras\XSHOO.2026-09-09\XSHOO.2026-09-09T11_30_22.485.fits,461,2
muestras\XSHOO.2026-09-09\XSHOO.2026-09-09T11_30_33.587.fits,464,2
muestras\XSHOO.2026-09-09\XSHOO.2026-09-09T11_30_44.692.fits,461,2
muestras\XSHOO.2026-09-09\XSHOO.2026-09-09T11_33_25.841.fits,351,1
muestras\XSHOO.2026-09-09\XSHOO.2026-09-09T11_34_46.388.fits,351,1
muestras\XSHOO.2026-09-09\XSHOO.2026-09-09T11_36_01.253.fits,351,1
muestras\XSHOO.2026-09-09\XSHOO.2026-09-09T11_37_18.510.fits,351,1
muestras\XSHOO.2026-09-09\XSHOO.2026-09-09T11_38_36.606.fits,351,1
muestras\XSHOO.2026-09-09\XSHOO.2026-09-09T11_40_35.245.fits,351,1
muestras\XSHOO.2026-09-09\XSHOO.2026-09-09T11_41_54.602.fits,351,1
muestras\XSHOO.2026-09-09\XSHOO.2026-09-09T11_43_14.498.fits,351,1
muestras\XSHOO.2026-09-09\XSHOO.2026-09-09T11_44_30.494.fits,351,1
muestras\XSHOO.2026-09-09\XSHOO.2026-09-09T11_45_49.500.fits,351,1
muestras\XSHOO.2026-09-09\XSHOO.2026-09-09T11_47_20.037.fits,351,1
muestras\XSHOO.2026-09-09\XSHOO.2026-09-09T11_49_00.485.fits,351,1
muestras\XSHOO.2026-09-09\XSHOO.2026-09-09T11_50_41.493.fits,351,1
muestras\XSHOO.2026-09-09\XSHOO.2026-09-09T11_52_22.522.fits,351,1
muestras\XSHOO.2026-09-09\XSHOO.2026-09-09T11_54_03.509.fits,351,1
muestras\XSHOO.2026-09-09\XSHOO.2026-09-09T11_57_59.868.fits,351,1
muestras\XSHOO.2026-09-09\XSHOO.2026-09-09T11_58_26.209.fits,351,1
muestras\XSHOO.2026-09-09\XSHOO.2026-09-09T11_58_55.482.fits,351,1
muestras\XSHOO.2026-09-09\XSHOO.2026-09-09T11_59_24.124.fits,351,1
muestras\XSHOO.2026-09-09\XSHOO.2026-09-09T11_59_53.587.fits,351,1
muestras\XSHOO.2026-09-09\XSHOO.2026-09-09T12_01_03.122.fits,351,1
muestras\XSHOO.2026-09-09\XSHOO.2026-09-09T12_01_30.214.fits,351,1
muestras\XSHOO.2026-09-09\XSHOO.2026-09-09T12_02_01.567.fits,351,1
muestras\XSHOO.2026-09-09\XSHOO.2026-09-09T12_02_29.449.fits,351,1
muestras\XSHOO.2026-09-09\XSHOO.2026-09-09T12_03_00.572.fits,351,1
muestras\XSHOO.2026-09-09\XSHOO.2026-09-09T12_03_55.086.fits,351,1
muestras\XSHOO.2026-09-09\XSHOO.2026-09-09T12_04_33.448.fits,351,1
muestras\XSHOO.2026-09-09\XSHOO.2026-09-09T12_05_09.551.fits,351,1
muestras\XSHOO.2026-09-09\XSHOO.2026-09-09T12_05_46.207.fits,351,1
muestras\XSHOO.2026-09-09\XSHOO.2026-09-09T12_06_22.477.fits,351,1
muestras\XSHOO.2026-09-09\XSHOO.2026-09-09T12_07_08.929.fits,464,2
muestras\XSHOO.2026-09-09\XSHOO.2026-09-09T12_07_24.995.fits,461,2
muestras\XSHOO.2026-09-09\XSHOO.2026-09-09T12_07_39.675.fits,464,2
muestras\XSHOO.2026-09-09\XSHOO.2026-09-09T12_07_55.743.fits,461,2
muestras\XSHOO.2026-09-09\XSHOO.2026-09-09T12_08_10.423.fits,464,2
muestras\XSHOO.2026-09-09\XSHOO.2026-09-09T12_08_26.489.fits,461,2
muestras\XSHOO.2026-09-09\XSHOO.2026-09-09T12_08_41.167.fits,464,2
muestras\XSHOO.2026-09-09\XSHOO.2026-09-09T12_08_57.236.fits,461,2
muestras\XSHOO.2026-09-09\XSHOO.2026-09-09T12_09_11.917.fits,464,2
muestras\XSHOO.2026-09-09\XSHOO.2026-09-09T12_09_27.983.fits,461,2
muestras\XSHOO.2026-09-09\XSHOO.2026-09-09T12_10_04.345.fits,351,1
muestras\XSHOO.2026-09-09\XSHOO.2026-09-09T12_10_42.279.fits,351,1
muestras\XSHOO.2026-09-09\XSHOO.2026-09-09T12_11_19.470.fits,351,1
muestras\XSHOO.2026-09-09\XSHOO.2026-09-09T12_11_53.193.fits,351,1
muestras\XSHOO.2026-09-09\XSHOO.2026-09-09T12_12_29.466.fits,351,1
muestras\XSHOO.2026-09-09\XSHOO.2026-09-09T12_15_21.824.fits,351,1
muestras\XSHOO.2026-09-09\XSHOO.2026-09-09T12_15_39.622.fits,351,1
muestras\XSHOO.2026-09-09\XSHOO.2026-09-09T12_15_58.413.fits,351,1
muestras\XSHOO.2026-09-09\XSHOO.2026-09-09T12_16_15.524.fits,351,1
muestras\XSHOO.2026-09-09\XSHOO.2026-09-09T12_16_33.526.fits,351,1
muestras\XSHOO.2026-09-09\XSHOO.2026-09-09T12_17_32.170.fits,351,1
muestras\XSHOO.2026-09-09\XSHOO.2026-09-09T12_17_55.612.fits,351,1
muestras\XSHOO.2026-09-09\XSHOO.2026-09-09T12_18_16.263.fits,351,1
muestras\XSHOO.2026-09-09\XSHOO.2026-09-09T12_18_40.526.fits,351,1
muestras\XSHOO.2026-09-09\XSHOO.2026-09-09T12_19_04.617.fits,351,1
muestras\XSHOO.2026-09-09\XSHOO.2026-09-09T12_19_43.898.fits,464,2
muestras\XSHOO.2026-09-09\XSHOO.2026-09-09T12_20_02.043.fits,461,2
muestras\XSHOO.2026-09-09\XSHOO.2026-09-09T12_20_16.030.fits,464,2
muestras\XSHOO.2026-09-09\XSHOO.2026-09-09T12_20_34.176.fits,461,2
muestras\XSHOO.2026-09-09\XSHOO.2026-09-09T12_20_50.937.fits,464,2
muestras\XSHOO.2026-09-09\XSHOO.2026-09-09T12_21_09.084.fits,461,2
muestras\XSHOO.2026-09-09\XSHOO.2026-09-09T12_21_23.072.fits,464,2
muestras\XSHOO.2026-09-09\XSHOO.2026-09-09T12_21_41.220.fits,461,2
muestras\XSHOO.2026-09-09\XSHOO.2026-09-09T12_21_57.978.fits,464,2
muestras\XSHOO.2026-09-09\XSHOO.2026-09-09T12_22_16.128.fits,461,2
muestras\XSHOO.2026-09-09\XSHOO.2026-09-09T12_22_48.525.fits,351,1
muestras\XSHOO.2026-09-09\XSHOO.2026-09-09T12_23_10.466.fits,351,1
muestras\XSHOO.2026-09-09\XSHOO.2026-09-09T12_23_29.418.fits,351,1
muestras\XSHOO.2026-09-09\XSHOO.2026-09-09T12_23_51.490.fits,351,1
muestras\XSHOO.2026-09-09\XSHOO.2026-09-09T12_24_13.592.fits,351,1
muestras\XSHOO.2026-09-09\XSHOO.2026-09-09T15_45_07.574.fits,355,1
muestras\XSHOO.2026-09-09\XSHOO.2026-09-09T15_45_12.694.fits,355,1
muestras\XSHOO.2026-09-09\XSHOO.2026-09-09T16_47_51.662.fits,355,1
muestras\XSHOO.2026-09-09\XSHOO.2026-09-09T16_47_57.772.fits,355,1
muestras\XSHOO.2026-09-09\XSHOO.2026-09-09T17_50_34.496.fits,355,1
muestras\XSHOO.2026-09-09\XSHOO.2026-09-09T17_50_40.608.fits,355,1
muestras\XSHOO.2026-09-09\XSHOO.2026-09-09T19_33_35.323.fits,356,1
muestras\XSHOO.2026-09-09\XSHOO.2026-09-09T19_33_36.454.fits,469,2
muestras\XSHOO.2026-09-09\XSHOO.2026-09-09T19_33_36.543.fits,356,1
muestras\XSHOO.2026-09-09\XSHOO.2026-09-09T19_34_03.924.fits,356,1
muestras\XSHOO.2026-09-09\XSHOO.2026-09-09T19_34_05.001.fits,469,2
muestras\XSHOO.2026-09-09\XSHOO.2026-09-09T19_34_05.144.fits,356,1
muestras\XSHOO.2026-09-09\XSHOO.2026-09-09T19_37_02.779.fits,356,1
muestras\XSHOO.2026-09-09\XSHOO.2026-09-09T19_39_07.658.fits,356,1
muestras\XSHOO.2026-09-09\XSHOO.2026-09-09T19_41_09.098.fits,356,1
muestras\XSHOO.2026-09-09\XSHOO.2026-09-09T19_43_13.896.fits,469,2
muestras\XSHOO.2026-09-09\XSHOO.2026-09-09T19_43_36.121.fits,466,2
