campo,valor,frecuencia
ARCFILE,XSHOO.2026-09-04T01:43:37.983.fits,1
ARCFILE,XSHOO.2026-09-04T01:43:39.203.fits,1
ARCFILE,XSHOO.2026-09-04T01:43:39.392.fits,1
ARCFILE,XSHOO.2026-09-04T01:44:07.216.fits,1
ARCFILE,XSHOO.2026-09-04T01:44:08.436.fits,1
ARCFILE,XSHOO.2026-09-04T01:44:08.605.fits,1
ARCFILE,XSHOO.2026-09-04T01:44:23.958.fits,1
ARCFILE,XSHOO.2026-09-04T01:44:24.995.fits,1
ARCFILE,XSHOO.2026-09-04T01:44:25.178.fits,1
ARCFILE,XSHOO.2026-09-04T02:41:56.567.fits,1
ARCFILE,XSHOO.2026-09-04T02:41:57.787.fits,1
ARCFILE,XSHOO.2026-09-04T02:41:58.022.fits,1
ARCFILE,XSHOO.2026-09-04T02:42:25.169.fits,1
ARCFILE,XSHOO.2026-09-04T02:42:26.389.fits,1
ARCFILE,XSHOO.2026-09-04T02:42:26.570.fits,1
ARCFILE,XSHOO.2026-09-04T02:42:41.981.fits,1
ARCFILE,XSHOO.2026-09-04T02:42:42.958.fits,1
ARCFILE,XSHOO.2026-09-04T02:42:43.201.fits,1
ARCFILE,XSHOO.2026-09-04T03:15:25.840.fits,1
ARCFILE,XSHOO.2026-09-04T03:15:27.060.fits,1
ARCFILE,XSHOO.2026-09-04T03:15:27.285.fits,1
ARCFILE,XSHOO.2026-09-04T03:15:55.202.fits,1
ARCFILE,XSHOO.2026-09-04T03:15:56.422.fits,1
ARCFILE,XSHOO.2026-09-04T03:15:56.501.fits,1
ARCFILE,XSHOO.2026-09-04T03:16:12.934.fits,1
ARCFILE,XSHOO.2026-09-04T03:16:14.154.fits,1
ARCFILE,XSHOO.2026-09-04T03:16:14.220.fits,1
ARCFILE,XSHOO.2026-09-04T04:15:29.093.fits,1
ARCFILE,XSHOO.2026-09-04T04:15:30.312.fits,1
ARCFILE,XSHOO.2026-09-04T04:15:30.534.fits,1
ARCFILE,XSHOO.2026-09-04T04:15:59.195.fits,1
ARCFILE,XSHOO.2026-09-04T04:16:00.415.fits,1
ARCFILE,XSHOO.2026-09-04T04:16:00.468.fits,1
ARCFILE,XSHOO.2026-09-04T04:16:16.976.fits,1
ARCFILE,XSHOO.2026-09-04T04:16:18.191.fits,1
ARCFILE,XSHOO.2026-09-04T04:16:18.196.fits,1
ARCFILE,XSHOO.2026-09-04T04:36:24.854.fits,1
ARCFILE,XSHOO.2026-09-04T04:36:26.074.fits,1
ARCFILE,XSHOO.2026-09-04T04:36:26.260.fits,1
ARCFILE,XSHOO.2026-09-04T04:36:53.197.fits,1
ARCFILE,XSHOO.2026-09-04T04:36:54.139.fits,1
ARCFILE,XSHOO.2026-09-04T04:36:54.417.fits,1
ARCFILE,XSHOO.2026-09-04T04:37:09.958.fits,1
ARCFILE,XSHOO.2026-09-04T04:37:11.178.fits,1
ARCFILE,XSHOO.2026-09-04T04:37:11.193.fits,1
ARCFILE,XSHOO.2026-09-04T10:04:58.818.fits,1
ARCFILE,XSHOO.2026-09-04T10:05:03.848.fits,1
ARCFILE,XSHOO.2026-09-04T10:05:05.978.fits,1
ARCFILE,XSHOO.2026-09-04T10:05:07.978.fits,1
ARCFILE,XSHOO.2026-09-04T10:05:09.978.fits,1
ARCFILE,XSHOO.2026-09-04T10:05:14.069.fits,1
ARCFILE,XSHOO.2026-09-04T10:05:15.998.fits,1
ARCFILE,XSHOO.2026-09-04T10:05:17.978.fits,1
ARCFILE,XSHOO.2026-09-04T10:05:19.978.fits,1
ARCFILE,XSHOO.2026-09-04T10:05:23.979.fits,1
ARCFILE,XSHOO.2026-09-04T10:05:32.070.fits,1
ARCFILE,XSHOO.2026-09-04T10:06:47.276.fits,1
ARCFILE,XSHOO.2026-09-04T10:08:21.204.fits,1
ARCFILE,XSHOO.2026-09-04T10:09:36.070.fits,1
ARCFILE,XSHOO.2026-09-04T10:11:12.258.fits,1
ARCFILE,XSHOO.2026-09-04T10:12:27.384.fits,1
ARCFILE,XSHOO.2026-09-04T10:14:04.252.fits,1
ARCFILE,XSHOO.2026-09-04T10:15:19.257.fits,1
ARCFILE,XSHOO.2026-09-04T10:15:46.668.fits,1
ARCFILE,XSHOO.2026-09-04T10:16:02.724.fits,1
ARCFILE,XSHOO.2026-09-04T10:16:18.778.fits,1
ARCFILE,XSHOO.2026-09-04T10:16:53.005.fits,1
ARCFILE,XSHOO.2026-09-04T10:18:08.251.fits,1
ARCFILE,XSHOO.2026-09-04T10:19:45.339.fits,1
ARCFILE,XSHOO.2026-09-04T10:20:28.372.fits,1
ARCFILE,XSHOO.2026-09-04T10:21:21.247.fits,1
ARCFILE,XSHOO.2026-09-04T10:22:05.130.fits,1
ARCFILE,XSHOO.2026-09-04T10:22:58.334.fits,1
ARCFILE,XSHOO.2026-09-04T10:23:41.248.fits,1
ARCFILE,XSHOO.2026-09-04T10:24:34.232.fits,1
ARCFILE,XSHOO.2026-09-04T10:25:18.146.fits,1
ARCFILE,XSHOO.2026-09-04T10:26:11.330.fits,1
ARCFILE,XSHOO.2026-09-04T10:26:54.244.fits,1
ARCFILE,XSHOO.2026-09-04T10:27:47.318.fits,1
ARCFILE,XSHOO.2026-09-04T10:28:14.240.fits,1
ARCFILE,XSHOO.2026-09-04T10:28:46.252.fits,1
ARCFILE,XSHOO.2026-09-04T10:29:12.225.fits,1
ARCFILE,XSHOO.2026-09-04T10:29:40.988.fits,1
ARCFILE,XSHOO.2026-09-04T10:30:07.239.fits,1
ARCFILE,XSHOO.2026-09-04T10:30:39.242.fits,1
ARCFILE,XSHOO.2026-09-04T10:31:05.224.fits,1
ARCFILE,XSHOO.2026-09-04T10:31:37.347.fits,1
ARCFILE,XSHOO.2026-09-04T10:32:04.349.fits,1
ARCFILE,XSHOO.2026-09-04T10:32:37.271.fits,1
ARCFILE,XSHOO.2026-09-04T10:33:01.424.fits,1
ARCFILE,XSHOO.2026-09-04T10:33:30.406.fits,1
ARCFILE,XSHOO.2026-09-04T10:33:51.307.fits,1
ARCFILE,XSHOO.2026-09-04T10:34:20.420.fits,1
ARCFILE,XSHOO.2026-09-04T10:34:44.342.fits,1
ARCFILE,XSHOO.2026-09-04T10:35:13.334.fits,1
ARCFILE,XSHOO.2026-09-04T10:35:37.326.fits,1
ARCFILE,XSHOO.2026-09-04T10:36:03.058.fits,1
ARCFILE,XSHOO.2026-09-04T10:36:26.330.fits,1
ARCFILE,XSHOO.2026-09-04T10:36:55.293.fits,1
ARCFILE,XSHOO.2026-09-04T10:37:08.053.fits,1
ARCFILE,XSHOO.2026-09-04T10:37:27.295.fits,1
ARCFILE,XSHOO.2026-09-04T10:37:43.406.fits,1
ARCFILE,XSHOO.2026-09-04T10:38:03.198.fits,1
ARCFILE,XSHOO.2026-09-04T10:38:19.289.fits,1
ARCFILE,XSHOO.2026-09-04T10:38:38.301.fits,1
ARCFILE,XSHOO.2026-09-04T10:38:54.292.fits,1
ARCFILE,XSHOO.2026-09-04T10:39:10.274.fits,1
ARCFILE,XSHOO.2026-09-04T10:39:26.295.fits,1
ARCFILE,XSHOO.2026-09-04T10:39:45.276.fits,1
ARCFILE,XSHOO.2026-09-04T10:39:58.287.fits,1
ARCFILE,XSHOO.2026-09-04T10:40:12.279.fits,1
ARCFILE,XSHOO.2026-09-04T10:40:25.290.fits,1
ARCFILE,XSHOO.2026-09-04T10:40:39.381.fits,1
ARCFILE,XSHOO.2026-09-04T10:40:52.302.fits,1
ARCFILE,XSHOO.2026-09-04T10:41:06.283.fits,1
ARCFILE,XSHOO.2026-09-04T10:41:16.264.fits,1
ARCFILE,XSHOO.2026-09-04T10:41:30.285.fits,1
ARCFILE,XSHOO.2026-09-04T10:41:43.375.fits,1
ARCFILE,XSHOO.2026-09-04T10:41:56.991.fits,1
ARCFILE,XSHOO.2026-09-04T10:42:12.553.fits,1
ARCFILE,XSHOO.2026-09-04T10:42:24.114.fits,1
ARCFILE,XSHOO.2026-09-04T10:42:39.815.fits,1
ARCFILE,XSHOO.2026-09-04T10:42:52.708.fits,1
ARCFILE,XSHOO.2026-09-04T10:43:05.601.fits,1
ARCFILE,XSHOO.2026-09-04T10:43:19.301.fits,1
ARCFILE,XSHOO.2026-09-04T10:43:31.294.fits,1
ARCFILE,XSHOO.2026-09-04T10:43:43.286.fits,1
ARCFILE,XSHOO.2026-09-04T10:43:57.613.fits,1
ARCFILE,XSHOO.2026-09-04T11:29:09.518.fits,1
ARCFILE,XSHOO.2026-09-04T11:44:19.280.fits,1
ARCFILE,XSHOO.2026-09-04T11:54:28.036.fits,1
ARCFILE,XSHOO.2026-09-04T12:04:33.470.fits,1
ARCFILE,XSHOO.2026-09-04T12:14:43.037.fits,1
ARCFILE,XSHOO.2026-09-04T12:29:51.732.fits,1
ARCFILE,XSHOO.2026-09-04T12:45:00.429.fits,1
ARCFILE,XSHOO.2026-09-04T13:00:10.599.fits,1
ARCFILE,XSHOO.2026-09-04T13:03:38.792.fits,1
ARCFILE,XSHOO.2026-09-04T13:07:07.656.fits,1
ARCFILE,XSHOO.2026-09-04T13:11:02.492.fits,1
ARCFILE,XSHOO.2026-09-04T13:11:03.319.fits,1
ARCFILE,XSHOO.2026-09-04T13:11:03.712.fits,1
ARCFILE,XSHOO.2026-09-04T13:11:31.045.fits,1
ARCFILE,XSHOO.2026-09-04T13:11:31.868.fits,1
ARCFILE,XSHOO.2026-09-04T13:11:32.265.fits,1
ARCFILE,XSHOO.2026-09-04T13:11:48.336.fits,1
ARCFILE,XSHOO.2026-09-04T13:11:49.556.fits,1
ARCFILE,XSHOO.2026-09-04T13:11:49.588.fits,1
ARCFILE,XSHOO.2026-09-04T13:14:46.260.fits,1
ARCFILE,XSHOO.2026-09-04T13:16:50.970.fits,1
ARCFILE,XSHOO.2026-09-04T13:18:54.870.fits,1
ARCFILE,XSHOO.2026-09-04T13:20:59.150.fits,1
ARCFILE,XSHOO.2026-09-04T13:21:21.374.fits,1
ARCFILE,XSHOO.2026-09-04T13:22:21.898.fits,1
ARCFILE,XSHOO.2026-09-04T13:22:50.872.fits,1
ARCFILE,XSHOO.2026-09-04T13:23:17.837.fits,1
ARCFILE,XSHOO.2026-09-04T13:23:42.797.fits,1
ARCFILE,XSHOO.2026-09-04T13:24:10.433.fits,1
ARCFILE,XSHOO.2026-09-04T13:24:38.739.fits,1
ARCFILE,XSHOO.2026-09-04T13:25:06.375.fits,1
ARCFILE,XSHOO.2026-09-04T13:25:35.347.fits,1
ARCFILE,XSHOO.2026-09-04T13:26:02.319.fits,1
ARCFILE,XSHOO.2026-09-04T13:26:30.623.fits,1
ARCFILE,XSHOO.2026-09-04T13:29:20.511.fits,1
ARCFILE,XSHOO.2026-09-04T13:30:02.044.fits,1
ARCFILE,XSHOO.2026-09-04T13:30:47.398.fits,1
ARCFILE,XSHOO.2026-09-04T13:31:32.292.fits,1
ARCFILE,XSHOO.2026-09-04T13:32:14.045.fits,1
ARCFILE,XSHOO.2026-09-04T13:33:40.042.fits,1
ARCFILE,XSHOO.2026-09-04T13:35:03.399.fits,1
ARCFILE,XSHOO.2026-09-04T13:36:23.295.fits,1
ARCFILE,XSHOO.2026-09-04T13:37:47.302.fits,1
ARCFILE,XSHOO.2026-09-04T13:39:11.289.fits,1
ARCFILE,XSHOO.2026-09-04T13:40:47.527.fits,1
ARCFILE,XSHOO.2026-09-04T13:42:12.383.fits,1
ARCFILE,XSHOO.2026-09-04T13:43:37.290.fits,1
ARCFILE,XSHOO.2026-09-04T13:44:58.267.fits,1
ARCFILE,XSHOO.2026-09-04T13:46:23.374.fits,1
ARCFILE,XSHOO.2026-09-04T13:48:00.678.fits,1
ARCFILE,XSHOO.2026-09-04T13:48:22.986.fits,1
ARCFILE,XSHOO.2026-09-04T13:48:43.907.fits,1
ARCFILE,XSHOO.2026-09-04T13:49:06.906.fits,1
ARCFILE,XSHOO.2026-09-04T13:49:27.826.fits,1
ARCFILE,XSHOO.2026-09-04T13:49:50.131.fits,1
ARCFILE,XSHOO.2026-09-04T13:50:11.054.fits,1
ARCFILE,XSHOO.2026-09-04T13:50:33.361.fits,1
ARCFILE,XSHOO.2026-09-04T13:50:54.280.fits,1
ARCFILE,XSHOO.2026-09-04T13:51:15.894.fits,1
ARCFILE,XSHOO.2026-09-04T13:54:01.971.fits,1
ARCFILE,XSHOO.2026-09-04T13:54:39.404.fits,1
ARCFILE,XSHOO.2026-09-04T13:55:17.337.fits,1
ARCFILE,XSHOO.2026-09-04T13:55:55.290.fits,1
ARCFILE,XSHOO.2026-09-04T13:56:33.323.fits,1
ARCFILE,XSHOO.2026-09-04T13:57:51.830.fits,1
ARCFILE,XSHOO.2026-09-04T13:58:54.315.fits,1
ARCFILE,XSHOO.2026-09-04T13:59:56.420.fits,1
ARCFILE,XSHOO.2026-09-04T14:00:57.984.fits,1
ARCFILE,XSHOO.2026-09-04T14:01:57.040.fits,1
ARCFILE,XSHOO.2026-09-04T14:03:07.725.fits,1
ARCFILE,XSHOO.2026-09-04T14:04:06.040.fits,1
ARCFILE,XSHOO.2026-09-04T14:05:05.235.fits,1
ARCFILE,XSHOO.2026-09-04T14:06:07.390.fits,1
ARCFILE,XSHOO.2026-09-04T14:07:09.085.fits,1
ARCFILE,XSHOO.2026-09-04T14:08:26.881.fits,1
ARCFILE,XSHOO.2026-09-04T14:08:45.028.fits,1
ARCFILE,XSHOO.2026-09-04T14:09:01.788.fits,1
ARCFILE,XSHOO.2026-09-04T14:09:16.469.fits,1
ARCFILE,XSHOO.2026-09-04T14:09:33.233.fits,1
ARCFILE,XSHOO.2026-09-04T14:09:51.381.fits,1
ARCFILE,XSHOO.2026-09-04T14:10:08.835.fits,1
ARCFILE,XSHOO.2026-09-04T14:10:26.979.fits,1
ARCFILE,XSHOO.2026-09-04T14:10:43.742.fits,1
ARCFILE,XSHOO.2026-09-04T14:11:01.888.fits,1
ARCFILE,XSHOO.2026-09-04T14:13:43.517.fits,1
ARCFILE,XSHOO.2026-09-04T14:14:18.410.fits,1
ARCFILE,XSHOO.2026-09-04T14:14:54.263.fits,1
ARCFILE,XSHOO.2026-09-04T14:15:29.416.fits,1
ARCFILE,XSHOO.2026-09-04T14:16:05.238.fits,1
ARCFILE,XSHOO.2026-09-04T14:17:17.694.fits,1
ARCFILE,XSHOO.2026-09-04T14:18:12.288.fits,1
ARCFILE,XSHOO.2026-09-04T14:19:07.313.fits,1
ARCFILE,XSHOO.2026-09-04T14:20:02.408.fits,1
ARCFILE,XSHOO.2026-09-04T14:20:53.922.fits,1
ARCFILE,XSHOO.2026-09-04T14:22:03.657.fits,1
ARCFILE,XSHOO.2026-09-04T14:22:58.081.fits,1
ARCFILE,XSHOO.2026-09-04T14:23:53.386.fits,1
ARCFILE,XSHOO.2026-09-04T14:24:48.291.fits,1
ARCFILE,XSHOO.2026-09-04T14:25:43.385.fits,1
ARCFILE,XSHOO.2026-09-04T14:29:05.791.fits,1
ARCFILE,XSHOO.2026-09-04T14:29:40.394.fits,1
ARCFILE,XSHOO.2026-09-04T14:30:14.407.fits,1
ARCFILE,XSHOO.2026-09-04T14:30:47.309.fits,1
ARCFILE,XSHOO.2026-09-04T14:31:22.193.fits,1
ARCFILE,XSHOO.2026-09-04T14:32:35.929.fits,1
ARCFILE,XSHOO.2026-09-04T14:33:24.412.fits,1
ARCFILE,XSHOO.2026-09-04T14:34:12.387.fits,1
ARCFILE,XSHOO.2026-09-04T14:35:00.290.fits,1
ARCFILE,XSHOO.2026-09-04T14:35:45.284.fits,1
ARCFILE,XSHOO.2026-09-04T14:36:50.789.fits,1
ARCFILE,XSHOO.2026-09-04T14:37:40.294.fits,1
ARCFILE,XSHOO.2026-09-04T14:38:29.288.fits,1
ARCFILE,XSHOO.2026-09-04T14:39:18.302.fits,1
ARCFILE,XSHOO.2026-09-04T14:40:04.036.fits,1
ARCFILE,XSHOO.2026-09-04T14:43:22.801.fits,1
ARCFILE,XSHOO.2026-09-04T14:43:56.294.fits,1
ARCFILE,XSHOO.2026-09-04T14:44:28.016.fits,1
ARCFILE,XSHOO.2026-09-04T14:44:56.929.fits,1
ARCFILE,XSHOO.2026-09-04T14:45:25.051.fits,1
ARCFILE,XSHOO.2026-09-04T14:46:38.047.fits,1
ARCFILE,XSHOO.2026-09-04T14:47:23.201.fits,1
ARCFILE,XSHOO.2026-09-04T14:48:07.285.fits,1
ARCFILE,XSHOO.2026-09-04T14:48:51.288.fits,1
ARCFILE,XSHOO.2026-09-04T14:49:35.321.fits,1
ARCFILE,XSHOO.2026-09-04T14:50:39.797.fits,1
ARCFILE,XSHOO.2026-09-04T14:51:25.390.fits,1
ARCFILE,XSHOO.2026-09-04T14:52:11.284.fits,1
ARCFILE,XSHOO.2026-09-04T14:52:56.998.fits,1
ARCFILE,XSHOO.2026-09-04T14:53:42.291.fits,1
ARCFILE,XSHOO.2026-09-04T15:16:59.118.fits,1
ARCFILE,XSHOO.2026-09-04T15:17:20.733.fits,1
ARCFILE,XSHOO.2026-09-04T15:17:41.654.fits,1
ARCFILE,XSHOO.2026-09-04T15:18:03.961.fits,1
ARCFILE,XSHOO.2026-09-04T15:18:22.107.fits,1
ARCFILE,XSHOO.2026-09-04T15:18:44.414.fits,1
ARCFILE,XSHOO.2026-09-04T15:19:05.336.fits,1
ARCFILE,XSHOO.2026-09-04T15:19:24.173.fits,1
ARCFILE,XSHOO.2026-09-04T15:19:45.095.fits,1
ARCFILE,XSHOO.2026-09-04T15:20:07.402.fits,1
ARCFILE,XSHOO.2026-09-04T15:20:36.059.fits,1
ARCFILE,XSHOO.2026-09-04T15:20:54.207.fits,1
ARCFILE,XSHOO.2026-09-04T15:21:10.967.fits,1
ARCFILE,XSHOO.2026-09-04T15:21:29.116.fits,1
ARCFILE,XSHOO.2026-09-04T15:21:45.879.fits,1
ARCFILE,XSHOO.2026-09-04T15:22:04.028.fits,1
ARCFILE,XSHOO.2026-09-04T15:22:20.789.fits,1
ARCFILE,XSHOO.2026-09-04T15:22:35.469.fits,1
ARCFILE,XSHOO.2026-09-04T15:22:52.231.fits,1
ARCFILE,XSHOO.2026-09-04T15:23:10.378.fits,1
ARCFILE,XSHOO.2026-09-04T15:26:02.899.fits,1
ARCFILE,XSHOO.2026-09-04T15:26:31.291.fits,1
ARCFILE,XSHOO.2026-09-04T15:26:56.043.fits,1
ARCFILE,XSHOO.2026-09-04T15:27:24.416.fits,1
ARCFILE,XSHOO.2026-09-04T15:27:52.298.fits,1
ARCFILE,XSHOO.2026-09-04T15:29:00.933.fits,1
ARCFILE,XSHOO.2026-09-04T15:29:32.396.fits,1
ARCFILE,XSHOO.2026-09-04T15:30:01.049.fits,1
ARCFILE,XSHOO.2026-09-04T15:30:33.391.fits,1
ARCFILE,XSHOO.2026-09-04T15:31:02.283.fits,1
ARCFILE,XSHOO.2026-09-04T15:31:57.828.fits,1
ARCFILE,XSHOO.2026-09-04T15:32:33.391.fits,1
ARCFILE,XSHOO.2026-09-04T15:33:09.084.fits,1
ARCFILE,XSHOO.2026-09-04T15:33:45.397.fits,1
ARCFILE,XSHOO.2026-09-04T15:34:18.039.fits,1
ARCFILE,XSHOO.2026-09-04T15:37:23.634.fits,1
ARCFILE,XSHOO.2026-09-04T15:38:44.261.fits,1
ARCFILE,XSHOO.2026-09-04T15:40:05.377.fits,1
ARCFILE,XSHOO.2026-09-04T15:41:28.354.fits,1
ARCFILE,XSHOO.2026-09-04T15:42:46.230.fits,1
ARCFILE,XSHOO.2026-09-04T15:44:47.980.fits,1
ARCFILE,XSHOO.2026-09-04T15:46:16.247.fits,1
ARCFILE,XSHOO.2026-09-04T15:47:44.254.fits,1
ARCFILE,XSHOO.2026-09-04T15:49:09.242.fits,1
ARCFILE,XSHOO.2026-09-04T15:50:37.258.fits,1
ARCFILE,XSHOO.2026-09-04T15:52:27.747.fits,1
ARCFILE,XSHOO.2026-09-04T15:54:17.336.fits,1
ARCFILE,XSHOO.2026-09-04T15:56:08.235.fits,1
ARCFILE,XSHOO.2026-09-04T15:57:57.244.fits,1
ARCFILE,XSHOO.2026-09-04T15:59:47.323.fits,1
ARCFILE,XSHOO.2026-09-04T16:04:01.624.fits,1
ARCFILE,XSHOO.2026-09-04T16:05:23.360.fits,1
ARCFILE,XSHOO.2026-09-04T16:06:45.247.fits,1
ARCFILE,XSHOO.2026-09-04T16:08:07.264.fits,1
ARCFILE,XSHOO.2026-09-04T16:09:29.051.fits,1
ARCFILE,XSHOO.2026-09-04T16:11:30.890.fits,1
ARCFILE,XSHOO.2026-09-04T16:13:02.257.fits,1
ARCFILE,XSHOO.2026-09-04T16:14:33.345.fits,1
ARCFILE,XSHOO.2026-09-04T16:16:04.372.fits,1
ARCFILE,XSHOO.2026-09-04T16:17:35.350.fits,1
ARCFILE,XSHOO.2026-09-04T16:19:04.547.fits,1
ARCFILE,XSHOO.2026-09-04T16:20:06.003.fits,1
ARCFILE,XSHOO.2026-09-04T16:21:06.207.fits,1
ARCFILE,XSHOO.2026-09-04T16:22:08.002.fits,1
ARCFILE,XSHOO.2026-09-04T16:23:09.197.fits,1
ARCFILE,XSHOO.2026-09-04T16:26:34.574.fits,1
ARCFILE,XSHOO.2026-09-04T16:27:21.928.fits,1
ARCFILE,XSHOO.2026-09-04T16:28:08.331.fits,1
ARCFILE,XSHOO.2026-09-04T16:28:55.235.fits,1
ARCFILE,XSHOO.2026-09-04T16:29:42.329.fits,1
ARCFILE,XSHOO.2026-09-04T16:31:09.966.fits,1
ARCFILE,XSHOO.2026-09-04T16:32:00.320.fits,1
ARCFILE,XSHOO.2026-09-04T16:32:53.285.fits,1
ARCFILE,XSHOO.2026-09-04T16:33:41.149.fits,1
ARCFILE,XSHOO.2026-09-04T16:34:32.333.fits,1
ARCFILE,XSHOO.2026-09-04T16:37:33.257.fits,1
ARCFILE,XSHOO.2026-09-04T16:37:52.169.fits,1
ARCFILE,XSHOO.2026-09-04T16:38:10.380.fits,1
ARCFILE,XSHOO.2026-09-04T16:38:28.372.fits,1
ARCFILE,XSHOO.2026-09-04T16:38:46.264.fits,1
ARCFILE,XSHOO.2026-09-04T16:39:41.888.fits,1
ARCFILE,XSHOO.2026-09-04T16:40:03.950.fits,1
ARCFILE,XSHOO.2026-09-04T16:40:26.262.fits,1
ARCFILE,XSHOO.2026-09-04T16:40:48.273.fits,1
ARCFILE,XSHOO.2026-09-04T16:41:08.005.fits,1
ARCFILE,XSHOO.2026-09-04T16:43:45.508.fits,1
ARCFILE,XSHOO.2026-09-04T16:44:18.010.fits,1
ARCFILE,XSHOO.2026-09-04T16:44:50.403.fits,1
ARCFILE,XSHOO.2026-09-04T16:45:19.286.fits,1
ARCFILE,XSHOO.2026-09-04T16:45:51.408.fits,1
ARCFILE,XSHOO.2026-09-04T16:47:01.874.fits,1
ARCFILE,XSHOO.2026-09-04T16:47:46.408.fits,1
ARCFILE,XSHOO.2026-09-04T16:48:30.101.fits,1
ARCFILE,XSHOO.2026-09-04T16:49:14.404.fits,1
ARCFILE,XSHOO.2026-09-04T16:49:58.298.fits,1
ARCFILE,XSHOO.2026-09-04T16:50:44.411.fits,1
ARCFILE,XSHOO.2026-09-04T16:51:29.306.fits,1
ARCFILE,XSHOO.2026-09-04T16:52:14.389.fits,1
ARCFILE,XSHOO.2026-09-04T16:52:59.283.fits,1
ARCFILE,XSHOO.2026-09-04T16:53:45.186.fits,1
ARCFILE,XSHOO.2026-09-04T16:55:11.363.fits,1
ARCFILE,XSHOO.2026-09-04T16:55:16.504.fits,1
ARCFILE,XSHOO.2026-09-04T17:12:11.746.fits,1
ARCFILE,XSHOO.2026-09-04T17:12:16.837.fits,1
ARCFILE,XSHOO.2026-09-04T18:12:29.590.fits,1
ARCFILE,XSHOO.2026-09-04T18:12:35.700.fits,1
ARCFILE,XSHOO.2026-09-04T19:12:47.873.fits,1
ARCFILE,XSHOO.2026-09-04T19:12:55.324.fits,1
ARCFILE,XSHOO.2026-09-04T20:21:00.646.fits,1
ARCFILE,XSHOO.2026-09-04T20:21:01.777.fits,1
ARCFILE,XSHOO.2026-09-04T20:21:01.866.fits,1
ARCFILE,XSHOO.2026-09-04T20:21:29.748.fits,1
ARCFILE,XSHOO.2026-09-04T20:21:30.968.fits,1
ARCFILE,XSHOO.2026-09-04T20:21:30.990.fits,1
ARCFILE,XSHOO.2026-09-04T20:24:28.072.fits,1
ARCFILE,XSHOO.2026-09-04T20:26:32.542.fits,1
ARCFILE,XSHOO.2026-09-04T20:28:36.972.fits,1
ARCFILE,XSHOO.2026-09-04T20:30:41.884.fits,1
ARCFILE,XSHOO.2026-09-04T20:31:04.110.fits,1
ARCFILE,XSHOO.2026-09-04T23:52:25.265.fits,1
ARCFILE,XSHOO.2026-09-04T23:52:30.406.fits,1
ARCFILE,XSHOO.2026-09-05T00:55:08.050.fits,1
ARCFILE,XSHOO.2026-09-05T00:55:14.200.fits,1
ARCFILE,XSHOO.2026-09-05T01:57:51.115.fits,1
ARCFILE,XSHOO.2026-09-05T01:57:57.275.fits,1
ARCFILE,XSHOO.2026-09-05T07:03:06.579.fits,1
ARCFILE,XSHOO.2026-09-05T07:03:07.799.fits,1
ARCFILE,XSHOO.2026-09-05T07:03:07.949.fits,1
ARCFILE,XSHOO.2026-09-05T07:03:35.902.fits,1
ARCFILE,XSHOO.2026-09-05T07:03:37.122.fits,1
ARCFILE,XSHOO.2026-09-05T07:03:37.163.fits,1
ARCFILE,XSHOO.2026-09-05T07:03:53.663.fits,1
ARCFILE,XSHOO.2026-09-05T07:03:54.883.fits,1
ARCFILE,XSHOO.2026-09-05T07:03:54.884.fits,1
ARCFILE,XSHOO.2026-09-05T07:06:56.678.fits,1
ARCFILE,XSHOO.2026-09-05T07:07:01.888.fits,1
ARCFILE,XSHOO.2026-09-05T07:07:05.268.fits,1
ARCFILE,XSHOO.2026-09-05T07:11:56.822.fits,1
ARCFILE,XSHOO.2026-09-05T07:12:02.082.fits,1
ARCFILE,XSHOO.2026-09-05T07:12:05.447.fits,1
ARCFILE,XSHOO.2026-09-05T07:20:56.416.fits,1
ARCFILE,XSHOO.2026-09-05T07:20:57.636.fits,1
ARCFILE,XSHOO.2026-09-05T07:20:57.844.fits,1
ARCFILE,XSHOO.2026-09-05T07:21:26.889.fits,1
ARCFILE,XSHOO.2026-09-05T07:21:27.776.fits,1
ARCFILE,XSHOO.2026-09-05T07:21:28.109.fits,1
ARCFILE,XSHOO.2026-09-05T07:21:44.131.fits,1
ARCFILE,XSHOO.2026-09-05T07:21:45.350.fits,1
ARCFILE,XSHOO.2026-09-05T07:21:45.498.fits,1
ARCFILE,XSHOO.2026-09-05T07:33:11.396.fits,1
ARCFILE,XSHOO.2026-09-05T07:33:12.616.fits,1
ARCFILE,XSHOO.2026-09-05T07:33:12.853.fits,1
ARCFILE,XSHOO.2026-09-05T07:33:39.878.fits,1
ARCFILE,XSHOO.2026-09-05T07:33:40.733.fits,1
ARCFILE,XSHOO.2026-09-05T07:33:41.098.fits,1
ARCFILE,XSHOO.2026-09-05T07:33:57.159.fits,1
ARCFILE,XSHOO.2026-09-05T07:33:58.379.fits,1
ARCFILE,XSHOO.2026-09-05T07:33:58.456.fits,1
ARCFILE,XSHOO.2026-09-05T07:40:39.522.fits,1
ARCFILE,XSHOO.2026-09-05T07:40:40.742.fits,1
ARCFILE,XSHOO.2026-09-05T07:40:40.919.fits,1
ARCFILE,XSHOO.2026-09-05T07:41:07.844.fits,1
ARCFILE,XSHOO.2026-09-05T07:41:08.801.fits,1
ARCFILE,XSHOO.2026-09-05T07:41:09.064.fits,1
ARCFILE,XSHOO.2026-09-05T07:41:26.136.fits,1
ARCFILE,XSHOO.2026-09-05T07:41:27.186.fits,1
ARCFILE,XSHOO.2026-09-05T07:41:27.355.fits,1
ARCFILE,XSHOO.2026-09-05T08:41:19.667.fits,1
ARCFILE,XSHOO.2026-09-05T08:41:20.519.fits,1
ARCFILE,XSHOO.2026-09-05T08:41:20.887.fits,1
ARCFILE,XSHOO.2026-09-05T08:41:48.889.fits,1
ARCFILE,XSHOO.2026-09-05T08:41:49.786.fits,1
ARCFILE,XSHOO.2026-09-05T08:41:50.109.fits,1
ARCFILE,XSHOO.2026-09-05T08:42:06.630.fits,1
ARCFILE,XSHOO.2026-09-05T08:42:07.508.fits,1
ARCFILE,XSHOO.2026-09-05T08:42:07.850.fits,1
ARCFILE,XSHOO.2026-09-05T08:51:19.275.fits,1
ARCFILE,XSHOO.2026-09-05T08:51:20.495.fits,1
ARCFILE,XSHOO.2026-09-05T08:51:20.738.fits,1
ARCFILE,XSHOO.2026-09-05T08:51:47.877.fits,1
ARCFILE,XSHOO.2026-09-05T08:51:49.097.fits,1
ARCFILE,XSHOO.2026-09-05T08:51:49.285.fits,1
ARCFILE,XSHOO.2026-09-05T08:52:06.149.fits,1
ARCFILE,XSHOO.2026-09-05T08:52:07.007.fits,1
ARCFILE,XSHOO.2026-09-05T08:52:07.369.fits,1
ARCFILE,XSHOO.2026-09-05T09:02:55.572.fits,1
ARCFILE,XSHOO.2026-09-05T09:02:56.792.fits,1
ARCFILE,XSHOO.2026-09-05T09:02:57.029.fits,1
ARCFILE,XSHOO.2026-09-05T09:03:25.874.fits,1
ARCFILE,XSHOO.2026-09-05T09:03:26.964.fits,1
ARCFILE,XSHOO.2026-09-05T09:03:27.094.fits,1
ARCFILE,XSHOO.2026-09-05T09:03:43.195.fits,1
ARCFILE,XSHOO.2026-09-05T09:03:44.019.fits,1
ARCFILE,XSHOO.2026-09-05T09:03:44.415.fits,1
ARCFILE,XSHOO.2026-09-05T09:51:55.619.fits,1
ARCFILE,XSHOO.2026-09-05T09:51:59.589.fits,1
ARCFILE,XSHOO.2026-09-05T09:52:01.819.fits,1
ARCFILE,XSHOO.2026-09-05T09:52:04.148.fits,1
ARCFILE,XSHOO.2026-09-05T09:52:06.178.fits,1
ARCFILE,XSHOO.2026-09-05T09:52:10.409.fits,1
ARCFILE,XSHOO.2026-09-05T09:52:12.599.fits,1
ARCFILE,XSHOO.2026-09-05T09:52:14.748.fits,1
ARCFILE,XSHOO.2026-09-05T09:52:16.948.fits,1
ARCFILE,XSHOO.2026-09-05T09:52:21.189.fits,1
ARCFILE,XSHOO.2026-09-05T09:52:30.712.fits,1
ARCFILE,XSHOO.2026-09-05T09:53:45.957.fits,1
ARCFILE,XSHOO.2026-09-05T09:55:23.055.fits,1
ARCFILE,XSHOO.2026-09-05T09:56:38.071.fits,1
ARCFILE,XSHOO.2026-09-05T09:58:14.940.fits,1
ARCFILE,XSHOO.2026-09-05T09:59:30.065.fits,1
ARCFILE,XSHOO.2026-09-05T10:01:07.863.fits,1
ARCFILE,XSHOO.2026-09-05T10:02:19.960.fits,1
ARCFILE,XSHOO.2026-09-05T10:02:44.964.fits,1
ARCFILE,XSHOO.2026-09-05T10:03:01.022.fits,1
ARCFILE,XSHOO.2026-09-05T10:03:17.798.fits,1
ARCFILE,XSHOO.2026-09-05T10:03:56.947.fits,1
ARCFILE,XSHOO.2026-09-05T10:05:12.083.fits,1
ARCFILE,XSHOO.2026-09-05T10:06:48.931.fits,1
ARCFILE,XSHOO.2026-09-05T10:07:31.915.fits,1
ARCFILE,XSHOO.2026-09-05T10:08:25.019.fits,1
ARCFILE,XSHOO.2026-09-05T10:09:07.942.fits,1
ARCFILE,XSHOO.2026-09-05T10:10:00.936.fits,1
ARCFILE,XSHOO.2026-09-05T10:10:43.730.fits,1
ARCFILE,XSHOO.2026-09-05T10:11:37.034.fits,1
ARCFILE,XSHOO.2026-09-05T10:12:19.948.fits,1
ARCFILE,XSHOO.2026-09-05T10:13:13.042.fits,1
ARCFILE,XSHOO.2026-09-05T10:13:52.905.fits,1
ARCFILE,XSHOO.2026-09-05T10:14:45.910.fits,1
ARCFILE,XSHOO.2026-09-05T10:15:11.932.fits,1
ARCFILE,XSHOO.2026-09-05T10:15:43.934.fits,1
ARCFILE,XSHOO.2026-09-05T10:16:06.666.fits,1
ARCFILE,XSHOO.2026-09-05T10:16:39.029.fits,1
ARCFILE,XSHOO.2026-09-05T10:17:05.671.fits,1
ARCFILE,XSHOO.2026-09-05T10:17:37.914.fits,1
ARCFILE,XSHOO.2026-09-05T10:18:03.886.fits,1
ARCFILE,XSHOO.2026-09-05T10:18:36.028.fits,1
ARCFILE,XSHOO.2026-09-05T10:19:03.821.fits,1
ARCFILE,XSHOO.2026-09-05T10:19:36.083.fits,1
ARCFILE,XSHOO.2026-09-05T10:20:00.025.fits,1
ARCFILE,XSHOO.2026-09-05T10:20:29.108.fits,1
ARCFILE,XSHOO.2026-09-05T10:20:53.119.fits,1
ARCFILE,XSHOO.2026-09-05T10:21:18.852.fits,1
ARCFILE,XSHOO.2026-09-05T10:21:43.123.fits,1
ARCFILE,XSHOO.2026-09-05T10:22:12.806.fits,1
ARCFILE,XSHOO.2026-09-05T10:22:37.108.fits,1
ARCFILE,XSHOO.2026-09-05T10:23:06.110.fits,1
ARCFILE,XSHOO.2026-09-05T10:23:30.122.fits,1
ARCFILE,XSHOO.2026-09-05T10:23:59.094.fits,1
ARCFILE,XSHOO.2026-09-05T10:24:15.886.fits,1
ARCFILE,XSHOO.2026-09-05T10:24:35.088.fits,1
ARCFILE,XSHOO.2026-09-05T10:24:50.989.fits,1
ARCFILE,XSHOO.2026-09-05T10:25:09.990.fits,1
ARCFILE,XSHOO.2026-09-05T10:25:22.981.fits,1
ARCFILE,XSHOO.2026-09-05T10:25:41.983.fits,1
ARCFILE,XSHOO.2026-09-05T10:25:58.114.fits,1
ARCFILE,XSHOO.2026-09-05T10:26:17.075.fits,1
ARCFILE,XSHOO.2026-09-05T10:26:29.766.fits,1
ARCFILE,XSHOO.2026-09-05T10:26:49.078.fits,1
ARCFILE,XSHOO.2026-09-05T10:27:01.969.fits,1
ARCFILE,XSHOO.2026-09-05T10:27:16.060.fits,1
ARCFILE,XSHOO.2026-09-05T10:27:29.082.fits,1
ARCFILE,XSHOO.2026-09-05T10:27:42.972.fits,1
ARCFILE,XSHOO.2026-09-05T10:27:56.083.fits,1
ARCFILE,XSHOO.2026-09-05T10:28:10.065.fits,1
ARCFILE,XSHOO.2026-09-05T10:28:22.986.fits,1
ARCFILE,XSHOO.2026-09-05T10:28:33.966.fits,1
ARCFILE,XSHOO.2026-09-05T10:28:47.078.fits,1
ARCFILE,XSHOO.2026-09-05T10:29:00.453.fits,1
ARCFILE,XSHOO.2026-09-05T10:29:58.675.fits,1
ARCFILE,XSHOO.2026-09-05T10:30:57.561.fits,1
ARCFILE,XSHOO.2026-09-05T10:31:57.926.fits,1
ARCFILE,XSHOO.2026-09-05T10:36:16.777.fits,1
ARCFILE,XSHOO.2026-09-05T10:40:35.628.fits,1
ARCFILE,XSHOO.2026-09-05T10:44:55.291.fits,1
ARCFILE,XSHOO.2026-09-05T10:50:00.785.fits,1
ARCFILE,XSHOO.2026-09-05T10:55:10.269.fits,1
ARCFILE,XSHOO.2026-09-05T11:00:45.003.fits,1
ARCFILE,XSHOO.2026-09-05T11:00:45.834.fits,1
ARCFILE,XSHOO.2026-09-05T11:00:46.223.fits,1
ARCFILE,XSHOO.2026-09-05T11:01:13.745.fits,1
ARCFILE,XSHOO.2026-09-05T11:01:14.965.fits,1
ARCFILE,XSHOO.2026-09-05T11:01:15.049.fits,1
ARCFILE,XSHOO.2026-09-05T11:01:30.006.fits,1
ARCFILE,XSHOO.2026-09-05T11:01:30.773.fits,1
ARCFILE,XSHOO.2026-09-05T11:01:31.228.fits,1
ARCFILE,XSHOO.2026-09-05T11:04:28.081.fits,1
ARCFILE,XSHOO.2026-09-05T11:06:33.470.fits,1
ARCFILE,XSHOO.2026-09-05T11:08:34.630.fits,1
ARCFILE,XSHOO.2026-09-05T11:10:38.948.fits,1
ARCFILE,XSHOO.2026-09-05T11:11:00.508.fits,1
ARCFILE,XSHOO.2026-09-05T11:12:00.037.fits,1
ARCFILE,XSHOO.2026-09-05T11:12:05.168.fits,1
ARCFILE,XSHOO.2026-09-05T11:13:47.580.fits,1
ARCFILE,XSHOO.2026-09-05T11:14:52.680.fits,1
ARCFILE,XSHOO.2026-09-05T11:18:08.946.fits,1
ARCFILE,XSHOO.2026-09-05T11:19:40.734.fits,1
ARCFILE,XSHOO.2026-09-05T11:20:52.940.fits,1
ARCFILE,XSHOO.2026-09-05T11:22:40.546.fits,1
ARCFILE,XSHOO.2026-09-05T11:22:52.881.fits,1
ARCFILE,XSHOO.2026-09-05T11:23:45.364.fits,1
ARCFILE,XSHOO.2026-09-05T11:23:50.525.fits,1
ARCFILE,XSHOO.2026-09-05T11:25:24.743.fits,1
ARCFILE,XSHOO.2026-09-05T11:25:53.519.fits,1
ARCFILE,XSHOO.2026-09-05T11:28:45.798.fits,1
ARCFILE,XSHOO.2026-09-05T11:30:03.925.fits,1
ARCFILE,XSHOO.2026-09-05T11:31:22.741.fits,1
ARCFILE,XSHOO.2026-09-05T11:32:41.037.fits,1
ARCFILE,XSHOO.2026-09-05T11:33:58.953.fits,1
ARCFILE,XSHOO.2026-09-05T11:35:58.573.fits,1
ARCFILE,XSHOO.2026-09-05T11:37:17.950.fits,1
ARCFILE,XSHOO.2026-09-05T11:38:36.946.fits,1
ARCFILE,XSHOO.2026-09-05T11:39:55.733.fits,1
ARCFILE,XSHOO.2026-09-05T11:41:15.029.fits,1
ARCFILE,XSHOO.2026-09-05T11:42:53.646.fits,1
ARCFILE,XSHOO.2026-09-05T11:43:01.782.fits,1
ARCFILE,XSHOO.2026-09-05T11:43:08.442.fits,1
ARCFILE,XSHOO.2026-09-05T11:43:19.546.fits,1
ARCFILE,XSHOO.2026-09-05T11:43:29.903.fits,1
ARCFILE,XSHOO.2026-09-05T11:43:41.004.fits,1
ARCFILE,XSHOO.2026-09-05T11:43:51.358.fits,1
ARCFILE,XSHOO.2026-09-05T11:44:03.182.fits,1
ARCFILE,XSHOO.2026-09-05T11:44:09.852.fits,1
ARCFILE,XSHOO.2026-09-05T11:44:20.957.fits,1
ARCFILE,XSHOO.2026-09-05T11:44:52.406.fits,1
ARCFILE,XSHOO.2026-09-05T11:46:34.035.fits,1
ARCFILE,XSHOO.2026-09-05T11:48:15.033.fits,1
ARCFILE,XSHOO.2026-09-05T11:49:56.031.fits,1
ARCFILE,XSHOO.2026-09-05T11:51:36.599.fits,1
ARCFILE,XSHOO.2026-09-05T11:55:36.229.fits,1
ARCFILE,XSHOO.2026-09-05T11:55:50.940.fits,1
ARCFILE,XSHOO.2026-09-05T11:56:08.961.fits,1
ARCFILE,XSHOO.2026-09-05T11:56:27.053.fits,1
ARCFILE,XSHOO.2026-09-05T11:56:45.054.fits,1
ARCFILE,XSHOO.2026-09-05T11:57:40.339.fits,1
ARCFILE,XSHOO.2026-09-05T11:58:01.700.fits,1
ARCFILE,XSHOO.2026-09-05T11:58:26.062.fits,1
ARCFILE,XSHOO.2026-09-05T11:58:50.064.fits,1
ARCFILE,XSHOO.2026-09-05T11:59:13.636.fits,1
ARCFILE,XSHOO.2026-09-05T11:59:58.549.fits,1
ARCFILE,XSHOO.2026-09-05T12:00:21.946.fits,1
ARCFILE,XSHOO.2026-09-05T12:00:43.946.fits,1
ARCFILE,XSHOO.2026-09-05T12:01:06.815.fits,1
ARCFILE,XSHOO.2026-09-05T12:01:29.037.fits,1
ARCFILE,XSHOO.2026-09-05T12:02:05.520.fits,1
ARCFILE,XSHOO.2026-09-05T12:03:58.039.fits,1
ARCFILE,XSHOO.2026-09-05T12:05:50.098.fits,1
ARCFILE,XSHOO.2026-09-05T12:07:38.677.fits,1
ARCFILE,XSHOO.2026-09-05T12:09:30.916.fits,1
ARCFILE,XSHOO.2026-09-05T12:13:44.416.fits,1
ARCFILE,XSHOO.2026-09-05T12:15:05.933.fits,1
ARCFILE,XSHOO.2026-09-05T12:16:30.070.fits,1
ARCFILE,XSHOO.2026-09-05T12:17:55.047.fits,1
ARCFILE,XSHOO.2026-09-05T12:19:19.943.fits,1
ARCFILE,XSHOO.2026-09-05T12:21:26.694.fits,1
ARCFILE,XSHOO.2026-09-05T12:23:05.882.fits,1
ARCFILE,XSHOO.2026-09-05T12:24:41.680.fits,1
ARCFILE,XSHOO.2026-09-05T12:26:21.058.fits,1
ARCFILE,XSHOO.2026-09-05T12:27:56.675.fits,1
ARCFILE,XSHOO.2026-09-05T12:32:00.375.fits,1
ARCFILE,XSHOO.2026-09-05T12:32:35.088.fits,1
ARCFILE,XSHOO.2026-09-05T12:33:08.981.fits,1
ARCFILE,XSHOO.2026-09-05T12:33:42.993.fits,1
ARCFILE,XSHOO.2026-09-05T12:34:12.975.fits,1
ARCFILE,XSHOO.2026-09-05T12:35:27.702.fits,1
ARCFILE,XSHOO.2026-09-05T12:36:16.786.fits,1
ARCFILE,XSHOO.2026-09-05T12:37:05.089.fits,1
ARCFILE,XSHOO.2026-09-05T12:37:53.994.fits,1
ARCFILE,XSHOO.2026-09-05T12:38:42.997.fits,1
ARCFILE,XSHOO.2026-09-05T12:39:36.362.fits,1
ARCFILE,XSHOO.2026-09-05T12:40:26.109.fits,1
ARCFILE,XSHOO.2026-09-05T12:41:14.989.fits,1
ARCFILE,XSHOO.2026-09-05T12:42:03.994.fits,1
ARCFILE,XSHOO.2026-09-05T12:42:52.678.fits,1
ARCFILE,XSHOO.2026-09-05T12:43:52.125.fits,1
ARCFILE,XSHOO.2026-09-05T12:44:07.261.fits,1
ARCFILE,XSHOO.2026-09-05T12:44:22.394.fits,1
ARCFILE,XSHOO.2026-09-05T12:44:38.249.fits,1
ARCFILE,XSHOO.2026-09-05T12:44:49.784.fits,1
ARCFILE,XSHOO.2026-09-05T12:45:05.638.fits,1
ARCFILE,XSHOO.2026-09-05T12:45:20.053.fits,1
ARCFILE,XSHOO.2026-09-05T12:45:35.187.fits,1
ARCFILE,XSHOO.2026-09-05T12:45:46.723.fits,1
ARCFILE,XSHOO.2026-09-05T12:46:02.579.fits,1
ARCFILE,XSHOO.2026-09-05T12:46:59.278.fits,1
ARCFILE,XSHOO.2026-09-05T12:47:04.368.fits,1
ARCFILE,XSHOO.2026-09-05T12:48:31.014.fits,1
ARCFILE,XSHOO.2026-09-05T12:48:41.337.fits,1
ARCFILE,XSHOO.2026-09-05T12:55:22.448.fits,1
ARCFILE,XSHOO.2026-09-05T12:55:31.558.fits,1
ARCFILE,XSHOO.2026-09-05T12:55:38.709.fits,1
ARCFILE,XSHOO.2026-09-05T12:55:52.878.fits,1
ARCFILE,XSHOO.2026-09-05T12:56:07.919.fits,1
ARCFILE,XSHOO.2026-09-05T12:56:27.158.fits,1
ARCFILE,XSHOO.2026-09-05T12:56:46.298.fits,1
ARCFILE,XSHOO.2026-09-05T12:57:10.538.fits,1
ARCFILE,XSHOO.2026-09-05T12:57:34.568.fits,1
ARCFILE,XSHOO.2026-09-05T12:58:03.678.fits,1
ARCFILE,XSHOO.2026-09-05T12:58:32.689.fits,1
ARCFILE,XSHOO.2026-09-05T12:59:06.919.fits,1
ARCFILE,XSHOO.2026-09-05T12:59:41.058.fits,1
ARCFILE,XSHOO.2026-09-05T13:00:20.108.fits,1
ARCFILE,XSHOO.2026-09-05T13:00:59.268.fits,1
ARCFILE,XSHOO.2026-09-05T13:01:43.498.fits,1
ARCFILE,XSHOO.2026-09-05T13:02:25.668.fits,1
ARCFILE,XSHOO.2026-09-05T13:03:14.578.fits,1
ARCFILE,XSHOO.2026-09-05T13:04:03.568.fits,1
ARCFILE,XSHOO.2026-09-05T13:04:57.589.fits,1
ARCFILE,XSHOO.2026-09-05T13:05:51.668.fits,1
ARCFILE,XSHOO.2026-09-05T13:06:48.838.fits,1
ARCFILE,XSHOO.2026-09-05T13:07:47.668.fits,1
ARCFILE,XSHOO.2026-09-05T13:08:49.859.fits,1
ARCFILE,XSHOO.2026-09-05T13:09:52.038.fits,1
ARCFILE,XSHOO.2026-09-05T13:10:59.179.fits,1
ARCFILE,XSHOO.2026-09-05T13:12:06.178.fits,1
ARCFILE,XSHOO.2026-09-05T13:13:20.388.fits,1
ARCFILE,XSHOO.2026-09-05T13:14:34.528.fits,1
ARCFILE,XSHOO.2026-09-05T13:15:53.578.fits,1
ARCFILE,XSHOO.2026-09-05T13:17:14.479.fits,1
ARCFILE,XSHOO.2026-09-05T13:17:17.488.fits,1
ARCFILE,XSHOO.2026-09-05T13:17:19.678.fits,1
ARCFILE,XSHOO.2026-09-05T13:17:21.888.fits,1
ARCFILE,XSHOO.2026-09-05T13:17:24.009.fits,1
ARCFILE,XSHOO.2026-09-05T16:23:43.516.fits,1
ARCFILE,XSHOO.2026-09-05T16:23:48.627.fits,1
ARCFILE,XSHOO.2026-09-05T17:26:26.290.fits,1
ARCFILE,XSHOO.2026-09-05T17:26:32.391.fits,1
ARCFILE,XSHOO.2026-09-05T18:29:09.063.fits,1
ARCFILE,XSHOO.2026-09-05T18:29:15.174.fits,1
ARCFILE,XSHOO.2026-09-05T20:43:09.073.fits,1
ARCFILE,XSHOO.2026-09-05T20:43:10.200.fits,1
ARCFILE,XSHOO.2026-09-05T20:43:10.293.fits,1
ARCFILE,XSHOO.2026-09-05T20:43:37.775.fits,1
ARCFILE,XSHOO.2026-09-05T20:43:38.747.fits,1
ARCFILE,XSHOO.2026-09-05T20:43:38.995.fits,1
ARCFILE,XSHOO.2026-09-05T20:46:35.129.fits,1
ARCFILE,XSHOO.2026-09-05T20:48:39.599.fits,1
ARCFILE,XSHOO.2026-09-05T20:50:44.069.fits,1
ARCFILE,XSHOO.2026-09-05T20:52:48.974.fits,1
ARCFILE,XSHOO.2026-09-05T20:53:07.868.fits,1
ARCFILE,XSHOO.2026-09-05T22:43:40.588.fits,1
ARCFILE,XSHOO.2026-09-05T22:43:45.649.fits,1
ARCFILE,XSHOO.2026-09-05T22:43:48.658.fits,1
ARCFILE,XSHOO.2026-09-05T22:43:51.668.fits,1
ARCFILE,XSHOO.2026-09-05T22:43:56.648.fits,1
ARCFILE,XSHOO.2026-09-05T22:43:59.639.fits,1
ARCFILE,XSHOO.2026-09-05T22:44:02.558.fits,1
ARCFILE,XSHOO.2026-09-05T22:44:07.628.fits,1
ARCFILE,XSHOO.2026-09-05T22:44:10.579.fits,1
ARCFILE,XSHOO.2026-09-05T22:44:13.588.fits,1
ARCFILE,XSHOO.2026-09-05T22:44:35.749.fits,1
ARCFILE,XSHOO.2026-09-05T22:44:40.658.fits,1
ARCFILE,XSHOO.2026-09-05T22:44:43.628.fits,1
ARCFILE,XSHOO.2026-09-05T22:44:46.528.fits,1
ARCFILE,XSHOO.2026-09-05T22:44:51.529.fits,1
ARCFILE,XSHOO.2026-09-05T22:44:54.418.fits,1
ARCFILE,XSHOO.2026-09-05T22:44:57.358.fits,1
ARCFILE,XSHOO.2026-09-05T22:45:02.198.fits,1
ARCFILE,XSHOO.2026-09-05T22:45:05.138.fits,1
ARCFILE,XSHOO.2026-09-05T22:45:08.018.fits,1
ARCFILE,XSHOO.2026-09-05T22:53:18.768.fits,1
ARCFILE,XSHOO.2026-09-05T22:53:23.469.fits,1
ARCFILE,XSHOO.2026-09-05T22:53:26.138.fits,1
ARCFILE,XSHOO.2026-09-05T22:53:28.729.fits,1
ARCFILE,XSHOO.2026-09-05T22:53:33.539.fits,1
ARCFILE,XSHOO.2026-09-05T22:53:36.318.fits,1
ARCFILE,XSHOO.2026-09-05T22:53:39.059.fits,1
ARCFILE,XSHOO.2026-09-05T22:53:43.408.fits,1
ARCFILE,XSHOO.2026-09-05T22:53:46.158.fits,1
ARCFILE,XSHOO.2026-09-05T22:53:48.738.fits,1
ARCFILE,XSHOO.2026-09-05T22:54:08.648.fits,1
ARCFILE,XSHOO.2026-09-05T22:54:13.918.fits,1
ARCFILE,XSHOO.2026-09-05T22:54:17.198.fits,1
ARCFILE,XSHOO.2026-09-05T22:54:20.488.fits,1
ARCFILE,XSHOO.2026-09-05T22:54:25.709.fits,1
ARCFILE,XSHOO.2026-09-05T22:54:29.019.fits,1
ARCFILE,XSHOO.2026-09-05T22:54:32.329.fits,1
ARCFILE,XSHOO.2026-09-05T22:54:38.409.fits,1
ARCFILE,XSHOO.2026-09-05T22:54:41.688.fits,1
ARCFILE,XSHOO.2026-09-05T22:54:44.978.fits,1
ARCFILE,XSHOO.2026-09-05T22:55:01.218.fits,1
ARCFILE,XSHOO.2026-09-05T22:55:06.778.fits,1
ARCFILE,XSHOO.2026-09-05T22:55:10.238.fits,1
ARCFILE,XSHOO.2026-09-05T22:55:13.728.fits,1
ARCFILE,XSHOO.2026-09-05T22:55:19.169.fits,1
ARCFILE,XSHOO.2026-09-05T22:55:22.648.fits,1
ARCFILE,XSHOO.2026-09-05T22:55:26.198.fits,1
ARCFILE,XSHOO.2026-09-05T22:55:31.718.fits,1
ARCFILE,XSHOO.2026-09-05T22:55:35.229.fits,1
ARCFILE,XSHOO.2026-09-05T22:55:38.718.fits,1
ARCFILE,XSHOO.2026-09-05T22:56:00.568.fits,1
ARCFILE,XSHOO.2026-09-05T22:56:05.238.fits,1
ARCFILE,XSHOO.2026-09-05T22:56:08.018.fits,1
ARCFILE,XSHOO.2026-09-05T22:56:10.738.fits,1
ARCFILE,XSHOO.2026-09-05T22:56:15.508.fits,1
ARCFILE,XSHOO.2026-09-05T22:56:18.338.fits,1
ARCFILE,XSHOO.2026-09-05T22:56:21.138.fits,1
ARCFILE,XSHOO.2026-09-05T22:56:25.919.fits,1
ARCFILE,XSHOO.2026-09-05T22:56:28.728.fits,1
ARCFILE,XSHOO.2026-09-05T22:56:31.568.fits,1
ARCFILE,XSHOO.2026-09-05T22:56:52.528.fits,1
ARCFILE,XSHOO.2026-09-05T22:56:55.348.fits,1
ARCFILE,XSHOO.2026-09-05T22:57:00.098.fits,1
ARCFILE,XSHOO.2026-09-05T22:57:03.039.fits,1
ARCFILE,XSHOO.2026-09-05T22:57:05.728.fits,1
ARCFILE,XSHOO.2026-09-05T22:57:10.588.fits,1
ARCFILE,XSHOO.2026-09-05T22:57:13.418.fits,1
ARCFILE,XSHOO.2026-09-05T22:57:16.308.fits,1
ARCFILE,XSHOO.2026-09-05T22:57:21.178.fits,1
ARCFILE,XSHOO.2026-09-05T22:57:24.038.fits,1
ARCFILE,XSHOO.2026-09-05T22:57:44.728.fits,1
ARCFILE,XSHOO.2026-09-05T22:57:49.788.fits,1
ARCFILE,XSHOO.2026-09-05T22:57:52.739.fits,1
ARCFILE,XSHOO.2026-09-05T22:57:55.728.fits,1
ARCFILE,XSHOO.2026-09-05T22:58:00.808.fits,1
ARCFILE,XSHOO.2026-09-05T22:58:03.729.fits,1
ARCFILE,XSHOO.2026-09-05T22:58:06.728.fits,1
ARCFILE,XSHOO.2026-09-05T22:58:11.728.fits,1
ARCFILE,XSHOO.2026-09-05T22:58:14.728.fits,1
ARCFILE,XSHOO.2026-09-05T22:58:17.738.fits,1
ARCFILE,XSHOO.2026-09-05T22:58:35.828.fits,1
ARCFILE,XSHOO.2026-09-05T22:58:40.908.fits,1
ARCFILE,XSHOO.2026-09-05T22:58:43.728.fits,1
ARCFILE,XSHOO.2026-09-05T22:58:46.728.fits,1
ARCFILE,XSHOO.2026-09-05T22:58:51.408.fits,1
ARCFILE,XSHOO.2026-09-05T22:58:54.369.fits,1
ARCFILE,XSHOO.2026-09-05T22:58:57.399.fits,1
ARCFILE,XSHOO.2026-09-05T22:59:02.528.fits,1
ARCFILE,XSHOO.2026-09-05T22:59:05.598.fits,1
ARCFILE,XSHOO.2026-09-05T22:59:08.698.fits,1
ARCFILE,XSHOO.2026-09-05T22:59:30.028.fits,1
ARCFILE,XSHOO.2026-09-05T22:59:36.058.fits,1
ARCFILE,XSHOO.2026-09-05T22:59:40.138.fits,1
ARCFILE,XSHOO.2026-09-05T22:59:46.198.fits,1
ARCFILE,XSHOO.2026-09-05T22:59:50.278.fits,1
ARCFILE,XSHOO.2026-09-05T22:59:54.298.fits,1
ARCFILE,XSHOO.2026-09-05T22:59:58.349.fits,1
ARCFILE,XSHOO.2026-09-05T23:00:03.799.fits,1
ARCFILE,XSHOO.2026-09-05T23:00:07.728.fits,1
ARCFILE,XSHOO.2026-09-05T23:00:13.458.fits,1
ARCFILE,XSHOO.2026-09-05T23:11:47.493.fits,1
ARCFILE,XSHOO.2026-09-05T23:11:48.713.fits,1
ARCFILE,XSHOO.2026-09-05T23:11:49.002.fits,1
ARCFILE,XSHOO.2026-09-05T23:12:15.926.fits,1
ARCFILE,XSHOO.2026-09-05T23:12:16.883.fits,1
ARCFILE,XSHOO.2026-09-05T23:12:17.146.fits,1
ARCFILE,XSHOO.2026-09-05T23:12:33.677.fits,1
ARCFILE,XSHOO.2026-09-05T23:12:34.605.fits,1
ARCFILE,XSHOO.2026-09-05T23:12:34.897.fits,1
ARCFILE,XSHOO.2026-09-05T23:17:33.111.fits,1
ARCFILE,XSHOO.2026-09-05T23:17:38.322.fits,1
ARCFILE,XSHOO.2026-09-05T23:17:41.565.fits,1
ARCFILE,XSHOO.2026-09-05T23:21:56.032.fits,1
ARCFILE,XSHOO.2026-09-05T23:22:01.283.fits,1
ARCFILE,XSHOO.2026-09-05T23:22:04.507.fits,1
ARCFILE,XSHOO.2026-09-06T03:33:02.897.fits,1
ARCFILE,XSHOO.2026-09-06T03:33:04.117.fits,1
ARCFILE,XSHOO.2026-09-06T03:33:04.369.fits,1
ARCFILE,XSHOO.2026-09-06T03:33:31.930.fits,1
ARCFILE,XSHOO.2026-09-06T03:33:32.919.fits,1
ARCFILE,XSHOO.2026-09-06T03:33:33.149.fits,1
ARCFILE,XSHOO.2026-09-06T03:33:48.682.fits,1
ARCFILE,XSHOO.2026-09-06T03:33:49.901.fits,1
ARCFILE,XSHOO.2026-09-06T03:33:49.971.fits,1
ARCFILE,XSHOO.2026-09-06T04:21:42.924.fits,1
ARCFILE,XSHOO.2026-09-06T04:21:44.143.fits,1
ARCFILE,XSHOO.2026-09-06T04:21:44.353.fits,1
ARCFILE,XSHOO.2026-09-06T04:22:12.126.fits,1
ARCFILE,XSHOO.2026-09-06T04:22:12.898.fits,1
ARCFILE,XSHOO.2026-09-06T04:22:13.345.fits,1
ARCFILE,XSHOO.2026-09-06T05:08:18.799.fits,1
ARCFILE,XSHOO.2026-09-06T05:08:20.019.fits,1
ARCFILE,XSHOO.2026-09-06T05:08:20.203.fits,1
ARCFILE,XSHOO.2026-09-06T05:08:47.931.fits,1
ARCFILE,XSHOO.2026-09-06T05:08:48.751.fits,1
ARCFILE,XSHOO.2026-09-06T05:08:49.152.fits,1
ARCFILE,XSHOO.2026-09-06T05:09:05.693.fits,1
ARCFILE,XSHOO.2026-09-06T05:09:06.472.fits,1
ARCFILE,XSHOO.2026-09-06T05:09:06.913.fits,1
ARCFILE,XSHOO.2026-09-06T06:07:37.637.fits,1
ARCFILE,XSHOO.2026-09-06T06:07:38.857.fits,1
ARCFILE,XSHOO.2026-09-06T06:07:39.069.fits,1
ARCFILE,XSHOO.2026-09-06T06:08:06.089.fits,1
ARCFILE,XSHOO.2026-09-06T06:08:06.949.fits,1
ARCFILE,XSHOO.2026-09-06T06:08:07.309.fits,1
ARCFILE,XSHOO.2026-09-06T06:08:24.200.fits,1
ARCFILE,XSHOO.2026-09-06T06:08:25.336.fits,1
ARCFILE,XSHOO.2026-09-06T06:08:25.420.fits,1
ARCFILE,XSHOO.2026-09-06T07:53:09.669.fits,1
ARCFILE,XSHOO.2026-09-06T07:53:10.889.fits,1
ARCFILE,XSHOO.2026-09-06T07:53:11.145.fits,1
ARCFILE,XSHOO.2026-09-06T07:53:37.941.fits,1
ARCFILE,XSHOO.2026-09-06T07:53:39.026.fits,1
ARCFILE,XSHOO.2026-09-06T07:53:39.161.fits,1
ARCFILE,XSHOO.2026-09-06T07:53:53.672.fits,1
ARCFILE,XSHOO.2026-09-06T07:53:54.692.fits,1
ARCFILE,XSHOO.2026-09-06T07:53:54.892.fits,1
ARCFILE,XSHOO.2026-09-06T08:00:40.755.fits,1
ARCFILE,XSHOO.2026-09-06T08:00:41.975.fits,1
ARCFILE,XSHOO.2026-09-06T08:00:42.185.fits,1
ARCFILE,XSHOO.2026-09-06T08:01:10.927.fits,1
ARCFILE,XSHOO.2026-09-06T08:01:12.120.fits,1
ARCFILE,XSHOO.2026-09-06T08:01:12.147.fits,1
ARCFILE,XSHOO.2026-09-06T08:01:28.669.fits,1
ARCFILE,XSHOO.2026-09-06T08:01:29.840.fits,1
ARCFILE,XSHOO.2026-09-06T08:01:29.889.fits,1
ARCFILE,XSHOO.2026-09-06T08:03:33.488.fits,1
ARCFILE,XSHOO.2026-09-06T08:04:09.298.fits,1
ARCFILE,XSHOO.2026-09-06T08:04:59.035.fits,1
ARCFILE,XSHOO.2026-09-06T08:05:04.287.fits,1
ARCFILE,XSHOO.2026-09-06T08:05:07.348.fits,1
ARCFILE,XSHOO.2026-09-06T08:14:05.529.fits,1
ARCFILE,XSHOO.2026-09-06T08:14:10.800.fits,1
ARCFILE,XSHOO.2026-09-06T08:14:14.081.fits,1
ARCFILE,XSHOO.2026-09-06T08:23:05.473.fits,1
ARCFILE,XSHOO.2026-09-06T08:23:10.704.fits,1
ARCFILE,XSHOO.2026-09-06T08:23:13.491.fits,1
ARCFILE,XSHOO.2026-09-06T08:32:11.797.fits,1
ARCFILE,XSHOO.2026-09-06T08:32:17.047.fits,1
ARCFILE,XSHOO.2026-09-06T08:32:20.225.fits,1
ARCFILE,XSHOO.2026-09-06T08:41:13.901.fits,1
ARCFILE,XSHOO.2026-09-06T08:41:19.161.fits,1
ARCFILE,XSHOO.2026-09-06T08:41:22.297.fits,1
ARCFILE,XSHOO.2026-09-06T08:50:20.485.fits,1
ARCFILE,XSHOO.2026-09-06T08:50:25.725.fits,1
ARCFILE,XSHOO.2026-09-06T08:50:29.030.fits,1
ARCFILE,XSHOO.2026-09-06T09:02:39.595.fits,1
ARCFILE,XSHOO.2026-09-06T09:02:40.815.fits,1
ARCFILE,XSHOO.2026-09-06T09:02:41.025.fits,1
ARCFILE,XSHOO.2026-09-06T09:03:09.918.fits,1
ARCFILE,XSHOO.2026-09-06T09:03:10.959.fits,1
ARCFILE,XSHOO.2026-09-06T09:03:11.138.fits,1
ARCFILE,XSHOO.2026-09-06T09:03:27.198.fits,1
ARCFILE,XSHOO.2026-09-06T09:03:28.014.fits,1
ARCFILE,XSHOO.2026-09-06T09:03:28.418.fits,1
ARCFILE,XSHOO.2026-09-06T10:01:10.129.fits,1
ARCFILE,XSHOO.2026-09-06T10:01:12.269.fits,1
ARCFILE,XSHOO.2026-09-06T10:01:14.418.fits,1
ARCFILE,XSHOO.2026-09-06T10:01:16.528.fits,1
ARCFILE,XSHOO.2026-09-06T10:01:18.708.fits,1
ARCFILE,XSHOO.2026-09-06T10:01:22.859.fits,1
ARCFILE,XSHOO.2026-09-06T10:01:25.019.fits,1
ARCFILE,XSHOO.2026-09-06T10:01:27.179.fits,1
ARCFILE,XSHOO.2026-09-06T10:01:29.378.fits,1
ARCFILE,XSHOO.2026-09-06T10:01:33.609.fits,1
ARCFILE,XSHOO.2026-09-06T10:01:44.690.fits,1
ARCFILE,XSHOO.2026-09-06T10:02:59.977.fits,1
ARCFILE,XSHOO.2026-09-06T10:04:33.794.fits,1
ARCFILE,XSHOO.2026-09-06T10:05:49.100.fits,1
ARCFILE,XSHOO.2026-09-06T10:07:25.988.fits,1
ARCFILE,XSHOO.2026-09-06T10:08:41.904.fits,1
ARCFILE,XSHOO.2026-09-06T10:10:18.002.fits,1
ARCFILE,XSHOO.2026-09-06T10:11:32.978.fits,1
ARCFILE,XSHOO.2026-09-06T10:11:58.686.fits,1
ARCFILE,XSHOO.2026-09-06T10:12:14.742.fits,1
ARCFILE,XSHOO.2026-09-06T10:12:30.797.fits,1
ARCFILE,XSHOO.2026-09-06T10:13:06.956.fits,1
ARCFILE,XSHOO.2026-09-06T10:14:22.092.fits,1
ARCFILE,XSHOO.2026-09-06T10:15:58.969.fits,1
ARCFILE,XSHOO.2026-09-06T10:16:42.073.fits,1
ARCFILE,XSHOO.2026-09-06T10:17:34.957.fits,1
ARCFILE,XSHOO.2026-09-06T10:18:18.871.fits,1
ARCFILE,XSHOO.2026-09-06T10:19:11.955.fits,1
ARCFILE,XSHOO.2026-09-06T10:19:54.968.fits,1
ARCFILE,XSHOO.2026-09-06T10:20:48.072.fits,1
ARCFILE,XSHOO.2026-09-06T10:21:30.746.fits,1
ARCFILE,XSHOO.2026-09-06T10:22:24.071.fits,1
ARCFILE,XSHOO.2026-09-06T10:23:06.973.fits,1
ARCFILE,XSHOO.2026-09-06T10:23:59.948.fits,1
ARCFILE,XSHOO.2026-09-06T10:24:26.060.fits,1
ARCFILE,XSHOO.2026-09-06T10:24:58.953.fits,1
ARCFILE,XSHOO.2026-09-06T10:25:24.955.fits,1
ARCFILE,XSHOO.2026-09-06T10:25:57.057.fits,1
ARCFILE,XSHOO.2026-09-06T10:26:23.950.fits,1
ARCFILE,XSHOO.2026-09-06T10:26:52.702.fits,1
ARCFILE,XSHOO.2026-09-06T10:27:18.964.fits,1
ARCFILE,XSHOO.2026-09-06T10:27:51.057.fits,1
ARCFILE,XSHOO.2026-09-06T10:28:17.959.fits,1
ARCFILE,XSHOO.2026-09-06T10:28:50.012.fits,1
ARCFILE,XSHOO.2026-09-06T10:29:14.163.fits,1
ARCFILE,XSHOO.2026-09-06T10:29:43.136.fits,1
ARCFILE,XSHOO.2026-09-06T10:30:07.138.fits,1
ARCFILE,XSHOO.2026-09-06T10:30:36.040.fits,1
ARCFILE,XSHOO.2026-09-06T10:30:56.992.fits,1
ARCFILE,XSHOO.2026-09-06T10:31:26.144.fits,1
ARCFILE,XSHOO.2026-09-06T10:31:50.036.fits,1
ARCFILE,XSHOO.2026-09-06T10:32:19.148.fits,1
ARCFILE,XSHOO.2026-09-06T10:32:43.140.fits,1
ARCFILE,XSHOO.2026-09-06T10:33:08.852.fits,1
ARCFILE,XSHOO.2026-09-06T10:33:25.114.fits,1
ARCFILE,XSHOO.2026-09-06T10:33:43.995.fits,1
ARCFILE,XSHOO.2026-09-06T10:34:00.017.fits,1
ARCFILE,XSHOO.2026-09-06T10:34:15.778.fits,1
ARCFILE,XSHOO.2026-09-06T10:34:32.019.fits,1
ARCFILE,XSHOO.2026-09-06T10:34:51.011.fits,1
ARCFILE,XSHOO.2026-09-06T10:35:07.922.fits,1
ARCFILE,XSHOO.2026-09-06T10:35:27.123.fits,1
ARCFILE,XSHOO.2026-09-06T10:35:43.024.fits,1
ARCFILE,XSHOO.2026-09-06T10:36:02.006.fits,1
ARCFILE,XSHOO.2026-09-06T10:36:14.997.fits,1
ARCFILE,XSHOO.2026-09-06T10:36:29.108.fits,1
ARCFILE,XSHOO.2026-09-06T10:36:41.990.fits,1
ARCFILE,XSHOO.2026-09-06T10:36:56.110.fits,1
ARCFILE,XSHOO.2026-09-06T10:37:09.022.fits,1
ARCFILE,XSHOO.2026-09-06T10:37:19.993.fits,1
ARCFILE,XSHOO.2026-09-06T10:37:33.004.fits,1
ARCFILE,XSHOO.2026-09-06T10:37:47.104.fits,1
ARCFILE,XSHOO.2026-09-06T10:38:00.006.fits,1
ARCFILE,XSHOO.2026-09-06T10:38:13.451.fits,1
ARCFILE,XSHOO.2026-09-06T10:40:27.345.fits,1
ARCFILE,XSHOO.2026-09-06T10:42:37.895.fits,1
ARCFILE,XSHOO.2026-09-06T10:44:49.253.fits,1
ARCFILE,XSHOO.2026-09-06T10:54:58.011.fits,1
ARCFILE,XSHOO.2026-09-06T11:05:03.443.fits,1
ARCFILE,XSHOO.2026-09-06T11:15:13.008.fits,1
ARCFILE,XSHOO.2026-09-06T11:15:34.379.fits,1
ARCFILE,XSHOO.2026-09-06T11:15:55.750.fits,1
ARCFILE,XSHOO.2026-09-06T11:16:18.614.fits,1
ARCFILE,XSHOO.2026-09-06T11:24:24.106.fits,1
ARCFILE,XSHOO.2026-09-06T11:32:32.264.fits,1
ARCFILE,XSHOO.2026-09-06T11:41:07.029.fits,1
ARCFILE,XSHOO.2026-09-06T11:41:07.854.fits,1
ARCFILE,XSHOO.2026-09-06T11:41:08.249.fits,1
ARCFILE,XSHOO.2026-09-06T11:41:35.792.fits,1
ARCFILE,XSHOO.2026-09-06T11:41:37.012.fits,1
ARCFILE,XSHOO.2026-09-06T11:41:37.067.fits,1
ARCFILE,XSHOO.2026-09-06T11:41:53.542.fits,1
ARCFILE,XSHOO.2026-09-06T11:41:54.762.fits,1
ARCFILE,XSHOO.2026-09-06T11:41:54.787.fits,1
ARCFILE,XSHOO.2026-09-06T11:44:51.017.fits,1
ARCFILE,XSHOO.2026-09-06T11:46:55.606.fits,1
ARCFILE,XSHOO.2026-09-06T11:48:59.977.fits,1
ARCFILE,XSHOO.2026-09-06T11:51:04.350.fits,1
ARCFILE,XSHOO.2026-09-06T11:51:25.910.fits,1
ARCFILE,XSHOO.2026-09-06T11:54:37.814.fits,1
ARCFILE,XSHOO.2026-09-06T11:55:24.638.fits,1
ARCFILE,XSHOO.2026-09-06T11:56:12.861.fits,1
ARCFILE,XSHOO.2026-09-06T11:56:59.955.fits,1
ARCFILE,XSHOO.2026-09-06T11:57:46.959.fits,1
ARCFILE,XSHOO.2026-09-06T11:59:11.336.fits,1
ARCFILE,XSHOO.2026-09-06T12:00:01.960.fits,1
ARCFILE,XSHOO.2026-09-06T12:00:53.107.fits,1
ARCFILE,XSHOO.2026-09-06T12:01:39.928.fits,1
ARCFILE,XSHOO.2026-09-06T12:02:29.952.fits,1
ARCFILE,XSHOO.2026-09-06T12:03:29.427.fits,1
ARCFILE,XSHOO.2026-09-06T12:04:30.931.fits,1
ARCFILE,XSHOO.2026-09-06T12:05:32.067.fits,1
ARCFILE,XSHOO.2026-09-06T12:06:32.961.fits,1
ARCFILE,XSHOO.2026-09-06T12:07:34.036.fits,1
ARCFILE,XSHOO.2026-09-06T12:08:41.528.fits,1
ARCFILE,XSHOO.2026-09-06T12:09:06.489.fits,1
ARCFILE,XSHOO.2026-09-06T12:09:34.126.fits,1
ARCFILE,XSHOO.2026-09-06T12:10:03.098.fits,1
ARCFILE,XSHOO.2026-09-06T12:10:30.732.fits,1
ARCFILE,XSHOO.2026-09-06T12:10:59.708.fits,1
ARCFILE,XSHOO.2026-09-06T12:11:27.341.fits,1
ARCFILE,XSHOO.2026-09-06T12:11:55.647.fits,1
ARCFILE,XSHOO.2026-09-06T12:12:19.941.fits,1
ARCFILE,XSHOO.2026-09-06T12:12:48.245.fits,1
ARCFILE,XSHOO.2026-09-06T12:13:25.485.fits,1
ARCFILE,XSHOO.2026-09-06T12:14:51.131.fits,1
ARCFILE,XSHOO.2026-09-06T12:16:15.128.fits,1
ARCFILE,XSHOO.2026-09-06T12:17:37.005.fits,1
ARCFILE,XSHOO.2026-09-06T12:19:01.992.fits,1
ARCFILE,XSHOO.2026-09-06T12:22:36.968.fits,1
ARCFILE,XSHOO.2026-09-06T12:22:55.760.fits,1
ARCFILE,XSHOO.2026-09-06T12:23:12.992.fits,1
ARCFILE,XSHOO.2026-09-06T12:23:31.103.fits,1
ARCFILE,XSHOO.2026-09-06T12:23:48.984.fits,1
ARCFILE,XSHOO.2026-09-06T12:24:44.379.fits,1
ARCFILE,XSHOO.2026-09-06T12:25:03.731.fits,1
ARCFILE,XSHOO.2026-09-06T12:25:25.997.fits,1
ARCFILE,XSHOO.2026-09-06T12:25:48.104.fits,1
ARCFILE,XSHOO.2026-09-06T12:26:06.945.fits,1
ARCFILE,XSHOO.2026-09-06T12:28:40.028.fits,1
ARCFILE,XSHOO.2026-09-06T12:29:16.031.fits,1
ARCFILE,XSHOO.2026-09-06T12:29:52.123.fits,1
ARCFILE,XSHOO.2026-09-06T12:30:24.797.fits,1
ARCFILE,XSHOO.2026-09-06T12:31:01.149.fits,1
ARCFILE,XSHOO.2026-09-06T12:32:17.685.fits,1
ARCFILE,XSHOO.2026-09-06T12:33:13.119.fits,1
ARCFILE,XSHOO.2026-09-06T12:34:08.014.fits,1
ARCFILE,XSHOO.2026-09-06T12:35:03.128.fits,1
ARCFILE,XSHOO.2026-09-06T12:35:58.133.fits,1
ARCFILE,XSHOO.2026-09-06T12:36:55.128.fits,1
ARCFILE,XSHOO.2026-09-06T12:37:46.992.fits,1
ARCFILE,XSHOO.2026-09-06T12:38:42.006.fits,1
ARCFILE,XSHOO.2026-09-06T12:39:37.020.fits,1
ARCFILE,XSHOO.2026-09-06T12:40:32.129.fits,1
ARCFILE,XSHOO.2026-09-06T12:41:42.141.fits,1
ARCFILE,XSHOO.2026-09-06T12:42:00.287.fits,1
ARCFILE,XSHOO.2026-09-06T12:42:17.742.fits,1
ARCFILE,XSHOO.2026-09-06T12:42:35.887.fits,1
ARCFILE,XSHOO.2026-09-06T12:42:52.651.fits,1
ARCFILE,XSHOO.2026-09-06T12:43:07.331.fits,1
ARCFILE,XSHOO.2026-09-06T12:43:24.091.fits,1
ARCFILE,XSHOO.2026-09-06T12:43:42.237.fits,1
ARCFILE,XSHOO.2026-09-06T12:43:58.999.fits,1
ARCFILE,XSHOO.2026-09-06T12:44:13.681.fits,1
ARCFILE,XSHOO.2026-09-06T12:44:49.908.fits,1
ARCFILE,XSHOO.2026-09-06T12:45:08.747.fits,1
ARCFILE,XSHOO.2026-09-06T12:45:26.203.fits,1
ARCFILE,XSHOO.2026-09-06T12:45:44.347.fits,1
ARCFILE,XSHOO.2026-09-06T12:46:01.802.fits,1
ARCFILE,XSHOO.2026-09-06T12:46:19.256.fits,1
ARCFILE,XSHOO.2026-09-06T12:46:36.015.fits,1
ARCFILE,XSHOO.2026-09-06T12:46:54.160.fits,1
ARCFILE,XSHOO.2026-09-06T12:47:10.919.fits,1
ARCFILE,XSHOO.2026-09-06T12:47:26.294.fits,1
ARCFILE,XSHOO.2026-09-06T12:48:25.513.fits,1
ARCFILE,XSHOO.2026-09-06T12:48:30.603.fits,1
ARCFILE,XSHOO.2026-09-06T12:50:00.131.fits,1
ARCFILE,XSHOO.2026-09-06T12:50:10.453.fits,1
ARCFILE,XSHOO.2026-09-06T12:50:40.106.fits,1
ARCFILE,XSHOO.2026-09-06T12:50:50.428.fits,1
ARCFILE,XSHOO.2026-09-06T13:50:05.990.fits,1
ARCFILE,XSHOO.2026-09-06T13:50:11.150.fits,1
ARCFILE,XSHOO.2026-09-06T14:50:49.921.fits,1
ARCFILE,XSHOO.2026-09-06T14:50:56.022.fits,1
ARCFILE,XSHOO.2026-09-06T15:51:33.605.fits,1
ARCFILE,XSHOO.2026-09-06T15:51:39.715.fits,1
ARCFILE,XSHOO.2026-09-06T19:35:10.683.fits,1
ARCFILE,XSHOO.2026-09-06T19:35:11.810.fits,1
ARCFILE,XSHOO.2026-09-06T19:35:11.893.fits,1
ARCFILE,XSHOO.2026-09-06T19:35:39.225.fits,1
ARCFILE,XSHOO.2026-09-06T19:35:40.359.fits,1
ARCFILE,XSHOO.2026-09-06T19:35:40.445.fits,1
ARCFILE,XSHOO.2026-09-06T19:38:37.879.fits,1
ARCFILE,XSHOO.2026-09-06T19:40:42.959.fits,1
ARCFILE,XSHOO.2026-09-06T19:42:44.439.fits,1
ARCFILE,XSHOO.2026-09-06T19:44:49.259.fits,1
ARCFILE,XSHOO.2026-09-06T19:45:11.483.fits,1
ARCFILE,XSHOO.2026-09-07T10:05:27.698.fits,1
ARCFILE,XSHOO.2026-09-07T10:05:29.828.fits,1
ARCFILE,XSHOO.2026-09-07T10:05:33.918.fits,1
ARCFILE,XSHOO.2026-09-07T10:05:36.139.fits,1
ARCFILE,XSHOO.2026-09-07T10:05:38.278.fits,1
ARCFILE,XSHOO.2026-09-07T10:05:40.459.fits,1
ARCFILE,XSHOO.2026-09-07T10:05:44.508.fits,1
ARCFILE,XSHOO.2026-09-07T10:05:46.558.fits,1
ARCFILE,XSHOO.2026-09-07T10:05:48.559.fits,1
ARCFILE,XSHOO.2026-09-07T10:05:50.558.fits,1
ARCFILE,XSHOO.2026-09-07T10:05:59.183.fits,1
ARCFILE,XSHOO.2026-09-07T10:07:14.509.fits,1
ARCFILE,XSHOO.2026-09-07T10:08:51.437.fits,1
ARCFILE,XSHOO.2026-09-07T10:10:06.543.fits,1
ARCFILE,XSHOO.2026-09-07T10:11:44.341.fits,1
ARCFILE,XSHOO.2026-09-07T10:12:56.426.fits,1
ARCFILE,XSHOO.2026-09-07T10:14:33.524.fits,1
ARCFILE,XSHOO.2026-09-07T10:15:48.550.fits,1
ARCFILE,XSHOO.2026-09-07T10:16:10.464.fits,1
ARCFILE,XSHOO.2026-09-07T10:16:26.521.fits,1
ARCFILE,XSHOO.2026-09-07T10:16:42.575.fits,1
ARCFILE,XSHOO.2026-09-07T10:17:25.418.fits,1
ARCFILE,XSHOO.2026-09-07T10:18:40.534.fits,1
ARCFILE,XSHOO.2026-09-07T10:20:18.302.fits,1
ARCFILE,XSHOO.2026-09-07T10:21:00.515.fits,1
ARCFILE,XSHOO.2026-09-07T10:21:53.409.fits,1
ARCFILE,XSHOO.2026-09-07T10:22:33.163.fits,1
ARCFILE,XSHOO.2026-09-07T10:23:26.397.fits,1
ARCFILE,XSHOO.2026-09-07T10:24:09.510.fits,1
ARCFILE,XSHOO.2026-09-07T10:25:02.405.fits,1
ARCFILE,XSHOO.2026-09-07T10:25:42.347.fits,1
ARCFILE,XSHOO.2026-09-07T10:26:35.402.fits,1
ARCFILE,XSHOO.2026-09-07T10:27:18.515.fits,1
ARCFILE,XSHOO.2026-09-07T10:28:11.500.fits,1
ARCFILE,XSHOO.2026-09-07T10:28:38.422.fits,1
ARCFILE,XSHOO.2026-09-07T10:29:10.414.fits,1
ARCFILE,XSHOO.2026-09-07T10:29:36.386.fits,1
ARCFILE,XSHOO.2026-09-07T10:30:05.179.fits,1
ARCFILE,XSHOO.2026-09-07T10:30:31.501.fits,1
ARCFILE,XSHOO.2026-09-07T10:31:04.143.fits,1
ARCFILE,XSHOO.2026-09-07T10:31:30.406.fits,1
ARCFILE,XSHOO.2026-09-07T10:32:02.498.fits,1
ARCFILE,XSHOO.2026-09-07T10:32:29.490.fits,1
ARCFILE,XSHOO.2026-09-07T10:33:02.562.fits,1
ARCFILE,XSHOO.2026-09-07T10:33:26.634.fits,1
ARCFILE,XSHOO.2026-09-07T10:33:55.577.fits,1
ARCFILE,XSHOO.2026-09-07T10:34:19.499.fits,1
ARCFILE,XSHOO.2026-09-07T10:34:48.581.fits,1
ARCFILE,XSHOO.2026-09-07T10:35:09.483.fits,1
ARCFILE,XSHOO.2026-09-07T10:35:38.495.fits,1
ARCFILE,XSHOO.2026-09-07T10:36:02.597.fits,1
ARCFILE,XSHOO.2026-09-07T10:36:31.479.fits,1
ARCFILE,XSHOO.2026-09-07T10:36:55.592.fits,1
ARCFILE,XSHOO.2026-09-07T10:37:21.304.fits,1
ARCFILE,XSHOO.2026-09-07T10:37:37.454.fits,1
ARCFILE,XSHOO.2026-09-07T10:37:56.446.fits,1
ARCFILE,XSHOO.2026-09-07T10:38:12.587.fits,1
ARCFILE,XSHOO.2026-09-07T10:38:28.279.fits,1
ARCFILE,XSHOO.2026-09-07T10:38:44.560.fits,1
ARCFILE,XSHOO.2026-09-07T10:39:03.552.fits,1
ARCFILE,XSHOO.2026-09-07T10:39:20.363.fits,1
ARCFILE,XSHOO.2026-09-07T10:39:39.564.fits,1
ARCFILE,XSHOO.2026-09-07T10:39:55.576.fits,1
ARCFILE,XSHOO.2026-09-07T10:40:14.548.fits,1
ARCFILE,XSHOO.2026-09-07T10:40:27.568.fits,1
ARCFILE,XSHOO.2026-09-07T10:40:41.449.fits,1
ARCFILE,XSHOO.2026-09-07T10:40:54.550.fits,1
ARCFILE,XSHOO.2026-09-07T10:41:08.441.fits,1
ARCFILE,XSHOO.2026-09-07T10:41:21.452.fits,1
ARCFILE,XSHOO.2026-09-07T10:41:32.404.fits,1
ARCFILE,XSHOO.2026-09-07T10:41:45.565.fits,1
ARCFILE,XSHOO.2026-09-07T10:41:59.455.fits,1
ARCFILE,XSHOO.2026-09-07T10:42:12.446.fits,1
ARCFILE,XSHOO.2026-09-07T10:42:42.389.fits,1
ARCFILE,XSHOO.2026-09-07T10:42:43.215.fits,1
ARCFILE,XSHOO.2026-09-07T10:42:43.609.fits,1
ARCFILE,XSHOO.2026-09-07T10:43:11.231.fits,1
ARCFILE,XSHOO.2026-09-07T10:43:12.431.fits,1
ARCFILE,XSHOO.2026-09-07T10:43:12.451.fits,1
ARCFILE,XSHOO.2026-09-07T10:43:28.472.fits,1
ARCFILE,XSHOO.2026-09-07T10:43:29.484.fits,1
ARCFILE,XSHOO.2026-09-07T10:43:29.692.fits,1
ARCFILE,XSHOO.2026-09-07T10:46:26.507.fits,1
ARCFILE,XSHOO.2026-09-07T10:48:31.847.fits,1
ARCFILE,XSHOO.2026-09-07T10:50:34.097.fits,1
ARCFILE,XSHOO.2026-09-07T10:52:39.045.fits,1
ARCFILE,XSHOO.2026-09-07T10:53:00.605.fits,1
ARCFILE,XSHOO.2026-09-07T10:54:00.134.fits,1
ARCFILE,XSHOO.2026-09-07T10:54:05.265.fits,1
ARCFILE,XSHOO.2026-09-07T10:55:47.018.fits,1
ARCFILE,XSHOO.2026-09-07T10:56:52.117.fits,1
ARCFILE,XSHOO.2026-09-07T11:00:08.424.fits,1
ARCFILE,XSHOO.2026-09-07T11:01:42.091.fits,1
ARCFILE,XSHOO.2026-09-07T11:02:53.857.fits,1
ARCFILE,XSHOO.2026-09-07T11:04:41.316.fits,1
ARCFILE,XSHOO.2026-09-07T11:04:53.650.fits,1
ARCFILE,XSHOO.2026-09-07T11:05:46.081.fits,1
ARCFILE,XSHOO.2026-09-07T11:05:51.231.fits,1
ARCFILE,XSHOO.2026-09-07T11:07:25.336.fits,1
ARCFILE,XSHOO.2026-09-07T11:07:54.113.fits,1
ARCFILE,XSHOO.2026-09-07T11:10:45.695.fits,1
ARCFILE,XSHOO.2026-09-07T11:11:21.448.fits,1
ARCFILE,XSHOO.2026-09-07T11:11:59.391.fits,1
ARCFILE,XSHOO.2026-09-07T11:12:37.504.fits,1
ARCFILE,XSHOO.2026-09-07T11:13:15.497.fits,1
ARCFILE,XSHOO.2026-09-07T11:14:34.064.fits,1
ARCFILE,XSHOO.2026-09-07T11:15:36.108.fits,1
ARCFILE,XSHOO.2026-09-07T11:16:35.453.fits,1
ARCFILE,XSHOO.2026-09-07T11:17:37.418.fits,1
ARCFILE,XSHOO.2026-09-07T11:18:39.573.fits,1
ARCFILE,XSHOO.2026-09-07T11:19:46.648.fits,1
ARCFILE,XSHOO.2026-09-07T11:20:48.203.fits,1
ARCFILE,XSHOO.2026-09-07T11:21:49.448.fits,1
ARCFILE,XSHOO.2026-09-07T11:22:50.423.fits,1
ARCFILE,XSHOO.2026-09-07T11:23:54.238.fits,1
ARCFILE,XSHOO.2026-09-07T11:25:08.592.fits,1
ARCFILE,XSHOO.2026-09-07T11:25:30.899.fits,1
ARCFILE,XSHOO.2026-09-07T11:25:53.204.fits,1
ARCFILE,XSHOO.2026-09-07T11:26:15.513.fits,1
ARCFILE,XSHOO.2026-09-07T11:26:36.433.fits,1
ARCFILE,XSHOO.2026-09-07T11:26:59.431.fits,1
ARCFILE,XSHOO.2026-09-07T11:27:20.350.fits,1
ARCFILE,XSHOO.2026-09-07T11:27:42.656.fits,1
ARCFILE,XSHOO.2026-09-07T11:28:00.805.fits,1
ARCFILE,XSHOO.2026-09-07T11:28:23.110.fits,1
ARCFILE,XSHOO.2026-09-07T11:29:00.002.fits,1
ARCFILE,XSHOO.2026-09-07T11:29:22.307.fits,1
ARCFILE,XSHOO.2026-09-07T11:29:43.227.fits,1
ARCFILE,XSHOO.2026-09-07T11:30:06.227.fits,1
ARCFILE,XSHOO.2026-09-07T11:30:27.149.fits,1
ARCFILE,XSHOO.2026-09-07T11:30:49.457.fits,1
ARCFILE,XSHOO.2026-09-07T11:31:07.604.fits,1
ARCFILE,XSHOO.2026-09-07T11:31:29.911.fits,1
ARCFILE,XSHOO.2026-09-07T11:31:50.830.fits,1
ARCFILE,XSHOO.2026-09-07T11:32:13.139.fits,1
ARCFILE,XSHOO.2026-09-07T11:33:16.584.fits,1
ARCFILE,XSHOO.2026-09-07T11:33:21.693.fits,1
ARCFILE,XSHOO.2026-09-07T11:34:54.482.fits,1
ARCFILE,XSHOO.2026-09-07T11:35:07.335.fits,1
ARCFILE,XSHOO.2026-09-07T11:35:35.675.fits,1
ARCFILE,XSHOO.2026-09-07T11:35:48.531.fits,1
ARCFILE,XSHOO.2026-09-07T19:49:31.675.fits,1
ARCFILE,XSHOO.2026-09-07T19:49:32.797.fits,1
ARCFILE,XSHOO.2026-09-07T19:49:32.895.fits,1
ARCFILE,XSHOO.2026-09-07T19:50:00.407.fits,1
ARCFILE,XSHOO.2026-09-07T19:50:01.344.fits,1
ARCFILE,XSHOO.2026-09-07T19:50:01.626.fits,1
ARCFILE,XSHOO.2026-09-07T19:50:17.668.fits,1
ARCFILE,XSHOO.2026-09-07T19:50:18.400.fits,1
ARCFILE,XSHOO.2026-09-07T19:50:18.888.fits,1
ARCFILE,XSHOO.2026-09-07T19:53:16.002.fits,1
ARCFILE,XSHOO.2026-09-07T19:55:20.202.fits,1
ARCFILE,XSHOO.2026-09-07T19:57:25.462.fits,1
ARCFILE,XSHOO.2026-09-07T19:59:29.300.fits,1
ARCFILE,XSHOO.2026-09-07T19:59:51.526.fits,1
ARCFILE,XSHOO.2026-09-07T23:25:04.692.fits,1
ARCFILE,XSHOO.2026-09-07T23:26:41.320.fits,1
ARCFILE,XSHOO.2026-09-07T23:28:20.688.fits,1
ARCFILE,XSHOO.2026-09-07T23:30:03.677.fits,1
ARCFILE,XSHOO.2026-09-07T23:31:44.674.fits,1
ARCFILE,XSHOO.2026-09-07T23:33:26.682.fits,1
ARCFILE,XSHOO.2026-09-07T23:35:08.572.fits,1
ARCFILE,XSHOO.2026-09-07T23:36:51.568.fits,1
ARCFILE,XSHOO.2026-09-07T23:38:34.587.fits,1
ARCFILE,XSHOO.2026-09-07T23:40:21.475.fits,1
ARCFILE,XSHOO.2026-09-07T23:42:05.594.fits,1
ARCFILE,XSHOO.2026-09-07T23:43:50.252.fits,1
ARCFILE,XSHOO.2026-09-07T23:45:35.561.fits,1
ARCFILE,XSHOO.2026-09-07T23:47:21.570.fits,1
ARCFILE,XSHOO.2026-09-07T23:49:04.328.fits,1
ARCFILE,XSHOO.2026-09-07T23:50:51.676.fits,1
ARCFILE,XSHOO.2026-09-07T23:52:38.545.fits,1
ARCFILE,XSHOO.2026-09-07T23:54:23.323.fits,1
ARCFILE,XSHOO.2026-09-07T23:56:11.512.fits,1
ARCFILE,XSHOO.2026-09-07T23:58:01.671.fits,1
ARCFILE,XSHOO.2026-09-07T23:59:48.320.fits,1
ARCFILE,XSHOO.2026-09-08T00:01:40.678.fits,1
ARCFILE,XSHOO.2026-09-08T00:03:31.688.fits,1
ARCFILE,XSHOO.2026-09-08T00:05:23.686.fits,1
ARCFILE,XSHOO.2026-09-08T00:07:12.565.fits,1
ARCFILE,XSHOO.2026-09-08T00:09:05.575.fits,1
ARCFILE,XSHOO.2026-09-08T00:10:58.594.fits,1
ARCFILE,XSHOO.2026-09-08T00:12:53.683.fits,1
ARCFILE,XSHOO.2026-09-08T00:14:44.322.fits,1
ARCFILE,XSHOO.2026-09-08T00:16:39.681.fits,1
ARCFILE,XSHOO.2026-09-08T00:18:34.671.fits,1
ARCFILE,XSHOO.2026-09-08T00:20:30.580.fits,1
ARCFILE,XSHOO.2026-09-08T00:22:26.689.fits,1
ARCFILE,XSHOO.2026-09-08T00:24:03.597.fits,1
ARCFILE,XSHOO.2026-09-08T00:25:40.585.fits,1
ARCFILE,XSHOO.2026-09-08T00:27:17.713.fits,1
ARCFILE,XSHOO.2026-09-08T00:28:54.680.fits,1
ARCFILE,XSHOO.2026-09-08T00:32:00.505.fits,1
ARCFILE,XSHOO.2026-09-08T00:32:27.637.fits,1
ARCFILE,XSHOO.2026-09-08T00:32:51.600.fits,1
ARCFILE,XSHOO.2026-09-08T00:33:25.612.fits,1
ARCFILE,XSHOO.2026-09-08T00:33:56.595.fits,1
ARCFILE,XSHOO.2026-09-08T00:34:37.708.fits,1
ARCFILE,XSHOO.2026-09-08T00:35:18.722.fits,1
ARCFILE,XSHOO.2026-09-08T00:36:03.565.fits,1
ARCFILE,XSHOO.2026-09-08T00:36:51.709.fits,1
ARCFILE,XSHOO.2026-09-08T00:37:46.624.fits,1
ARCFILE,XSHOO.2026-09-08T00:38:41.728.fits,1
ARCFILE,XSHOO.2026-09-08T00:39:43.713.fits,1
ARCFILE,XSHOO.2026-09-08T00:40:45.627.fits,1
ARCFILE,XSHOO.2026-09-08T00:41:54.703.fits,1
ARCFILE,XSHOO.2026-09-08T00:43:03.618.fits,1
ARCFILE,XSHOO.2026-09-08T00:44:19.715.fits,1
ARCFILE,XSHOO.2026-09-08T00:45:36.511.fits,1
ARCFILE,XSHOO.2026-09-08T00:46:59.618.fits,1
ARCFILE,XSHOO.2026-09-08T00:48:22.714.fits,1
ARCFILE,XSHOO.2026-09-08T00:49:52.352.fits,1
ARCFILE,XSHOO.2026-09-08T00:51:22.709.fits,1
ARCFILE,XSHOO.2026-09-08T00:52:59.726.fits,1
ARCFILE,XSHOO.2026-09-08T00:54:36.715.fits,1
ARCFILE,XSHOO.2026-09-08T00:56:17.373.fits,1
ARCFILE,XSHOO.2026-09-08T00:58:01.611.fits,1
ARCFILE,XSHOO.2026-09-08T00:59:52.640.fits,1
ARCFILE,XSHOO.2026-09-08T01:01:43.399.fits,1
ARCFILE,XSHOO.2026-09-08T01:03:40.288.fits,1
ARCFILE,XSHOO.2026-09-08T01:05:39.418.fits,1
ARCFILE,XSHOO.2026-09-08T01:07:41.237.fits,1
ARCFILE,XSHOO.2026-09-08T01:09:46.628.fits,1
ARCFILE,XSHOO.2026-09-08T01:11:58.719.fits,1
ARCFILE,XSHOO.2026-09-08T01:14:11.429.fits,1
ARCFILE,XSHOO.2026-09-08T01:14:35.711.fits,1
ARCFILE,XSHOO.2026-09-08T01:14:59.723.fits,1
ARCFILE,XSHOO.2026-09-08T01:15:20.605.fits,1
ARCFILE,XSHOO.2026-09-08T01:15:44.637.fits,1
ARCFILE,XSHOO.2026-09-08T01:16:53.202.fits,1
ARCFILE,XSHOO.2026-09-08T01:17:08.674.fits,1
ARCFILE,XSHOO.2026-09-08T01:17:25.385.fits,1
ARCFILE,XSHOO.2026-09-08T01:17:42.686.fits,1
ARCFILE,XSHOO.2026-09-08T01:17:59.598.fits,1
ARCFILE,XSHOO.2026-09-08T01:18:17.679.fits,1
ARCFILE,XSHOO.2026-09-08T01:18:33.560.fits,1
ARCFILE,XSHOO.2026-09-08T01:18:53.581.fits,1
ARCFILE,XSHOO.2026-09-08T01:19:13.583.fits,1
ARCFILE,XSHOO.2026-09-08T01:19:35.575.fits,1
ARCFILE,XSHOO.2026-09-08T01:19:57.677.fits,1
ARCFILE,XSHOO.2026-09-08T01:20:20.578.fits,1
ARCFILE,XSHOO.2026-09-08T01:20:40.320.fits,1
ARCFILE,XSHOO.2026-09-08T01:21:04.572.fits,1
ARCFILE,XSHOO.2026-09-08T01:21:28.604.fits,1
ARCFILE,XSHOO.2026-09-08T01:21:54.566.fits,1
ARCFILE,XSHOO.2026-09-08T01:22:20.578.fits,1
ARCFILE,XSHOO.2026-09-08T01:22:44.560.fits,1
ARCFILE,XSHOO.2026-09-08T01:23:11.702.fits,1
ARCFILE,XSHOO.2026-09-08T01:23:40.685.fits,1
ARCFILE,XSHOO.2026-09-08T01:24:09.677.fits,1
ARCFILE,XSHOO.2026-09-08T01:24:40.679.fits,1
ARCFILE,XSHOO.2026-09-08T01:25:10.682.fits,1
ARCFILE,XSHOO.2026-09-08T01:25:42.584.fits,1
ARCFILE,XSHOO.2026-09-08T01:26:14.597.fits,1
ARCFILE,XSHOO.2026-09-08T01:26:48.680.fits,1
ARCFILE,XSHOO.2026-09-08T01:27:22.593.fits,1
ARCFILE,XSHOO.2026-09-08T01:27:57.676.fits,1
ARCFILE,XSHOO.2026-09-08T01:28:32.678.fits,1
ARCFILE,XSHOO.2026-09-08T01:29:08.501.fits,1
ARCFILE,XSHOO.2026-09-08T01:29:44.584.fits,1
ARCFILE,XSHOO.2026-09-08T01:30:22.187.fits,1
ARCFILE,XSHOO.2026-09-08T01:31:00.640.fits,1
ARCFILE,XSHOO.2026-09-08T01:31:13.701.fits,1
ARCFILE,XSHOO.2026-09-08T01:31:26.593.fits,1
ARCFILE,XSHOO.2026-09-08T01:31:39.613.fits,1
ARCFILE,XSHOO.2026-09-08T01:31:52.624.fits,1
ARCFILE,XSHOO.2026-09-08T01:32:48.879.fits,1
ARCFILE,XSHOO.2026-09-08T01:33:07.601.fits,1
ARCFILE,XSHOO.2026-09-08T01:33:23.331.fits,1
ARCFILE,XSHOO.2026-09-08T01:33:45.684.fits,1
ARCFILE,XSHOO.2026-09-08T01:34:08.606.fits,1
ARCFILE,XSHOO.2026-09-08T01:34:31.337.fits,1
ARCFILE,XSHOO.2026-09-08T01:34:57.609.fits,1
ARCFILE,XSHOO.2026-09-08T01:35:27.592.fits,1
ARCFILE,XSHOO.2026-09-08T01:35:56.694.fits,1
ARCFILE,XSHOO.2026-09-08T01:36:29.277.fits,1
ARCFILE,XSHOO.2026-09-08T01:37:02.699.fits,1
ARCFILE,XSHOO.2026-09-08T01:37:36.332.fits,1
ARCFILE,XSHOO.2026-09-08T01:38:12.695.fits,1
ARCFILE,XSHOO.2026-09-08T01:38:52.568.fits,1
ARCFILE,XSHOO.2026-09-08T01:39:33.382.fits,1
ARCFILE,XSHOO.2026-09-08T01:40:16.695.fits,1
ARCFILE,XSHOO.2026-09-08T01:41:00.599.fits,1
ARCFILE,XSHOO.2026-09-08T01:41:47.232.fits,1
ARCFILE,XSHOO.2026-09-08T01:42:34.706.fits,1
ARCFILE,XSHOO.2026-09-08T01:43:25.690.fits,1
ARCFILE,XSHOO.2026-09-08T01:44:16.584.fits,1
ARCFILE,XSHOO.2026-09-08T01:45:10.698.fits,1
ARCFILE,XSHOO.2026-09-08T01:46:01.572.fits,1
ARCFILE,XSHOO.2026-09-08T01:47:00.387.fits,1
ARCFILE,XSHOO.2026-09-08T01:48:00.412.fits,1
ARCFILE,XSHOO.2026-09-08T01:49:01.587.fits,1
ARCFILE,XSHOO.2026-09-08T01:50:02.592.fits,1
ARCFILE,XSHOO.2026-09-08T01:51:04.577.fits,1
ARCFILE,XSHOO.2026-09-08T01:52:08.692.fits,1
ARCFILE,XSHOO.2026-09-08T01:53:13.337.fits,1
ARCFILE,XSHOO.2026-09-08T01:54:18.342.fits,1
ARCFILE,XSHOO.2026-09-08T01:55:29.408.fits,1
ARCFILE,XSHOO.2026-09-08T01:56:40.714.fits,1
ARCFILE,XSHOO.2026-09-08T01:56:56.706.fits,1
ARCFILE,XSHOO.2026-09-08T01:57:12.607.fits,1
ARCFILE,XSHOO.2026-09-08T01:57:25.588.fits,1
ARCFILE,XSHOO.2026-09-08T01:57:41.699.fits,1
ARCFILE,XSHOO.2026-09-08T03:06:48.821.fits,1
ARCFILE,XSHOO.2026-09-08T03:07:10.703.fits,1
ARCFILE,XSHOO.2026-09-08T03:07:32.705.fits,1
ARCFILE,XSHOO.2026-09-08T03:07:56.507.fits,1
ARCFILE,XSHOO.2026-09-08T03:08:19.699.fits,1
ARCFILE,XSHOO.2026-09-08T03:08:43.702.fits,1
ARCFILE,XSHOO.2026-09-08T03:09:05.532.fits,1
ARCFILE,XSHOO.2026-09-08T03:09:30.705.fits,1
ARCFILE,XSHOO.2026-09-08T03:09:55.717.fits,1
ARCFILE,XSHOO.2026-09-08T03:10:22.688.fits,1
ARCFILE,XSHOO.2026-09-08T03:10:49.680.fits,1
ARCFILE,XSHOO.2026-09-08T03:11:14.583.fits,1
ARCFILE,XSHOO.2026-09-08T03:11:44.716.fits,1
ARCFILE,XSHOO.2026-09-08T03:12:14.598.fits,1
ARCFILE,XSHOO.2026-09-08T03:12:44.601.fits,1
ARCFILE,XSHOO.2026-09-08T03:13:15.703.fits,1
ARCFILE,XSHOO.2026-09-08T03:13:46.705.fits,1
ARCFILE,XSHOO.2026-09-08T03:14:19.298.fits,1
ARCFILE,XSHOO.2026-09-08T03:14:51.700.fits,1
ARCFILE,XSHOO.2026-09-08T03:15:22.622.fits,1
ARCFILE,XSHOO.2026-09-08T03:15:56.596.fits,1
ARCFILE,XSHOO.2026-09-08T03:16:28.348.fits,1
ARCFILE,XSHOO.2026-09-08T03:17:03.602.fits,1
ARCFILE,XSHOO.2026-09-08T03:17:40.604.fits,1
ARCFILE,XSHOO.2026-09-08T03:18:17.577.fits,1
ARCFILE,XSHOO.2026-09-08T03:18:55.590.fits,1
ARCFILE,XSHOO.2026-09-08T03:19:33.693.fits,1
ARCFILE,XSHOO.2026-09-08T03:20:13.556.fits,1
ARCFILE,XSHOO.2026-09-08T03:20:52.619.fits,1
ARCFILE,XSHOO.2026-09-08T03:21:32.682.fits,1
ARCFILE,XSHOO.2026-09-08T03:22:13.596.fits,1
ARCFILE,XSHOO.2026-09-08T03:22:52.339.fits,1
ARCFILE,XSHOO.2026-09-08T03:23:34.713.fits,1
ARCFILE,XSHOO.2026-09-08T03:23:50.594.fits,1
ARCFILE,XSHOO.2026-09-08T03:24:09.615.fits,1
ARCFILE,XSHOO.2026-09-08T03:24:28.597.fits,1
ARCFILE,XSHOO.2026-09-08T03:24:48.408.fits,1
ARCFILE,XSHOO.2026-09-08T03:25:49.653.fits,1
ARCFILE,XSHOO.2026-09-08T03:26:03.335.fits,1
ARCFILE,XSHOO.2026-09-08T03:26:19.686.fits,1
ARCFILE,XSHOO.2026-09-08T03:26:36.677.fits,1
ARCFILE,XSHOO.2026-09-08T03:26:54.489.fits,1
ARCFILE,XSHOO.2026-09-08T03:27:12.680.fits,1
ARCFILE,XSHOO.2026-09-08T03:27:30.581.fits,1
ARCFILE,XSHOO.2026-09-08T03:27:49.582.fits,1
ARCFILE,XSHOO.2026-09-08T03:28:05.514.fits,1
ARCFILE,XSHOO.2026-09-08T03:28:24.596.fits,1
ARCFILE,XSHOO.2026-09-08T03:28:44.587.fits,1
ARCFILE,XSHOO.2026-09-08T03:29:05.679.fits,1
ARCFILE,XSHOO.2026-09-08T03:29:26.680.fits,1
ARCFILE,XSHOO.2026-09-08T03:29:47.672.fits,1
ARCFILE,XSHOO.2026-09-08T03:30:08.384.fits,1
ARCFILE,XSHOO.2026-09-08T03:30:30.596.fits,1
ARCFILE,XSHOO.2026-09-08T03:30:52.698.fits,1
ARCFILE,XSHOO.2026-09-08T03:31:12.569.fits,1
ARCFILE,XSHOO.2026-09-08T03:31:37.681.fits,1
ARCFILE,XSHOO.2026-09-08T03:32:01.573.fits,1
ARCFILE,XSHOO.2026-09-08T03:32:25.295.fits,1
ARCFILE,XSHOO.2026-09-08T03:32:47.207.fits,1
ARCFILE,XSHOO.2026-09-08T03:33:12.368.fits,1
ARCFILE,XSHOO.2026-09-08T03:33:37.691.fits,1
ARCFILE,XSHOO.2026-09-08T03:34:03.693.fits,1
ARCFILE,XSHOO.2026-09-08T03:34:26.344.fits,1
ARCFILE,XSHOO.2026-09-08T03:34:52.607.fits,1
ARCFILE,XSHOO.2026-09-08T03:35:20.389.fits,1
ARCFILE,XSHOO.2026-09-08T03:35:47.602.fits,1
ARCFILE,XSHOO.2026-09-08T03:36:15.583.fits,1
ARCFILE,XSHOO.2026-09-08T03:36:43.585.fits,1
ARCFILE,XSHOO.2026-09-08T03:37:12.688.fits,1
ARCFILE,XSHOO.2026-09-08T03:37:38.340.fits,1
ARCFILE,XSHOO.2026-09-08T03:37:51.601.fits,1
ARCFILE,XSHOO.2026-09-08T03:38:05.592.fits,1
ARCFILE,XSHOO.2026-09-08T03:38:18.703.fits,1
ARCFILE,XSHOO.2026-09-08T03:38:33.384.fits,1
ARCFILE,XSHOO.2026-09-08T08:20:53.268.fits,1
ARCFILE,XSHOO.2026-09-08T08:20:55.349.fits,1
ARCFILE,XSHOO.2026-09-08T08:20:57.349.fits,1
ARCFILE,XSHOO.2026-09-08T08:20:59.348.fits,1
ARCFILE,XSHOO.2026-09-08T08:21:01.348.fits,1
ARCFILE,XSHOO.2026-09-08T08:21:05.528.fits,1
ARCFILE,XSHOO.2026-09-08T08:21:07.718.fits,1
ARCFILE,XSHOO.2026-09-08T08:21:09.929.fits,1
ARCFILE,XSHOO.2026-09-08T08:21:12.128.fits,1
ARCFILE,XSHOO.2026-09-08T08:21:16.348.fits,1
ARCFILE,XSHOO.2026-09-08T08:21:24.248.fits,1
ARCFILE,XSHOO.2026-09-08T08:22:39.693.fits,1
ARCFILE,XSHOO.2026-09-08T08:24:13.551.fits,1
ARCFILE,XSHOO.2026-09-08T08:25:28.697.fits,1
ARCFILE,XSHOO.2026-09-08T08:27:05.705.fits,1
ARCFILE,XSHOO.2026-09-08T08:28:21.510.fits,1
ARCFILE,XSHOO.2026-09-08T08:29:57.638.fits,1
ARCFILE,XSHOO.2026-09-08T08:31:12.715.fits,1
ARCFILE,XSHOO.2026-09-08T08:31:38.330.fits,1
ARCFILE,XSHOO.2026-09-08T08:31:54.384.fits,1
ARCFILE,XSHOO.2026-09-08T08:32:10.439.fits,1
ARCFILE,XSHOO.2026-09-08T08:32:46.592.fits,1
ARCFILE,XSHOO.2026-09-08T08:34:01.618.fits,1
ARCFILE,XSHOO.2026-09-08T08:35:38.576.fits,1
ARCFILE,XSHOO.2026-09-08T08:36:21.679.fits,1
ARCFILE,XSHOO.2026-09-08T08:37:14.684.fits,1
ARCFILE,XSHOO.2026-09-08T08:37:58.477.fits,1
ARCFILE,XSHOO.2026-09-08T08:38:51.681.fits,1
ARCFILE,XSHOO.2026-09-08T08:39:34.575.fits,1
ARCFILE,XSHOO.2026-09-08T08:40:27.609.fits,1
ARCFILE,XSHOO.2026-09-08T08:41:10.653.fits,1
ARCFILE,XSHOO.2026-09-08T08:42:03.687.fits,1
ARCFILE,XSHOO.2026-09-08T08:42:46.691.fits,1
ARCFILE,XSHOO.2026-09-08T08:43:39.574.fits,1
ARCFILE,XSHOO.2026-09-08T08:44:05.567.fits,1
ARCFILE,XSHOO.2026-09-08T08:44:37.659.fits,1
ARCFILE,XSHOO.2026-09-08T08:45:04.671.fits,1
ARCFILE,XSHOO.2026-09-08T08:45:37.384.fits,1
ARCFILE,XSHOO.2026-09-08T08:46:03.576.fits,1
ARCFILE,XSHOO.2026-09-08T08:46:32.538.fits,1
ARCFILE,XSHOO.2026-09-08T08:46:58.670.fits,1
ARCFILE,XSHOO.2026-09-08T08:47:32.364.fits,1
ARCFILE,XSHOO.2026-09-08T08:47:58.665.fits,1
ARCFILE,XSHOO.2026-09-08T08:48:30.568.fits,1
ARCFILE,XSHOO.2026-09-08T08:48:54.750.fits,1
ARCFILE,XSHOO.2026-09-08T08:49:23.652.fits,1
ARCFILE,XSHOO.2026-09-08T08:49:44.414.fits,1
ARCFILE,XSHOO.2026-09-08T08:50:12.746.fits,1
ARCFILE,XSHOO.2026-09-08T08:50:37.578.fits,1
ARCFILE,XSHOO.2026-09-08T08:51:06.761.fits,1
ARCFILE,XSHOO.2026-09-08T08:51:30.763.fits,1
ARCFILE,XSHOO.2026-09-08T08:51:59.655.fits,1
ARCFILE,XSHOO.2026-09-08T08:52:23.657.fits,1
ARCFILE,XSHOO.2026-09-08T08:52:49.609.fits,1
ARCFILE,XSHOO.2026-09-08T08:53:05.650.fits,1
ARCFILE,XSHOO.2026-09-08T08:53:24.622.fits,1
ARCFILE,XSHOO.2026-09-08T08:53:40.633.fits,1
ARCFILE,XSHOO.2026-09-08T08:53:56.615.fits,1
ARCFILE,XSHOO.2026-09-08T08:54:12.656.fits,1
ARCFILE,XSHOO.2026-09-08T08:54:31.737.fits,1
ARCFILE,XSHOO.2026-09-08T08:54:47.738.fits,1
ARCFILE,XSHOO.2026-09-08T08:55:03.429.fits,1
ARCFILE,XSHOO.2026-09-08T08:55:19.641.fits,1
ARCFILE,XSHOO.2026-09-08T08:55:38.612.fits,1
ARCFILE,XSHOO.2026-09-08T08:55:51.623.fits,1
ARCFILE,XSHOO.2026-09-08T08:56:02.614.fits,1
ARCFILE,XSHOO.2026-09-08T08:56:15.636.fits,1
ARCFILE,XSHOO.2026-09-08T08:56:29.746.fits,1
ARCFILE,XSHOO.2026-09-08T08:56:42.727.fits,1
ARCFILE,XSHOO.2026-09-08T08:56:56.719.fits,1
ARCFILE,XSHOO.2026-09-08T08:57:06.569.fits,1
ARCFILE,XSHOO.2026-09-08T08:57:19.731.fits,1
ARCFILE,XSHOO.2026-09-08T08:57:32.621.fits,1
ARCFILE,XSHOO.2026-09-08T08:58:02.844.fits,1
ARCFILE,XSHOO.2026-09-08T08:58:03.642.fits,1
ARCFILE,XSHOO.2026-09-08T08:58:04.064.fits,1
ARCFILE,XSHOO.2026-09-08T08:58:31.417.fits,1
ARCFILE,XSHOO.2026-09-08T08:58:32.188.fits,1
ARCFILE,XSHOO.2026-09-08T08:58:32.637.fits,1
ARCFILE,XSHOO.2026-09-08T09:01:28.681.fits,1
ARCFILE,XSHOO.2026-09-08T09:03:33.230.fits,1
ARCFILE,XSHOO.2026-09-08T09:05:37.630.fits,1
ARCFILE,XSHOO.2026-09-08T09:07:43.751.fits,1
ARCFILE,XSHOO.2026-09-08T09:08:05.310.fits,1
ARCFILE,XSHOO.2026-09-08T09:11:17.248.fits,1
ARCFILE,XSHOO.2026-09-08T09:12:03.742.fits,1
ARCFILE,XSHOO.2026-09-08T09:12:49.745.fits,1
ARCFILE,XSHOO.2026-09-08T09:13:35.638.fits,1
ARCFILE,XSHOO.2026-09-08T09:14:21.733.fits,1
ARCFILE,XSHOO.2026-09-08T09:15:49.180.fits,1
ARCFILE,XSHOO.2026-09-08T09:17:14.416.fits,1
ARCFILE,XSHOO.2026-09-08T09:18:38.623.fits,1
ARCFILE,XSHOO.2026-09-08T09:20:02.729.fits,1
ARCFILE,XSHOO.2026-09-08T09:21:26.637.fits,1
ARCFILE,XSHOO.2026-09-08T09:22:59.804.fits,1
ARCFILE,XSHOO.2026-09-08T09:24:24.721.fits,1
ARCFILE,XSHOO.2026-09-08T09:25:49.528.fits,1
ARCFILE,XSHOO.2026-09-08T09:27:15.724.fits,1
ARCFILE,XSHOO.2026-09-08T09:28:40.731.fits,1
ARCFILE,XSHOO.2026-09-08T09:30:12.677.fits,1
ARCFILE,XSHOO.2026-09-08T09:30:40.980.fits,1
ARCFILE,XSHOO.2026-09-08T09:31:08.616.fits,1
ARCFILE,XSHOO.2026-09-08T09:31:36.921.fits,1
ARCFILE,XSHOO.2026-09-08T09:32:04.557.fits,1
ARCFILE,XSHOO.2026-09-08T09:32:32.860.fits,1
ARCFILE,XSHOO.2026-09-08T09:33:00.495.fits,1
ARCFILE,XSHOO.2026-09-08T09:33:28.799.fits,1
ARCFILE,XSHOO.2026-09-08T09:33:56.437.fits,1
ARCFILE,XSHOO.2026-09-08T09:34:21.399.fits,1
ARCFILE,XSHOO.2026-09-08T09:35:31.044.fits,1
ARCFILE,XSHOO.2026-09-08T09:35:36.144.fits,1
ARCFILE,XSHOO.2026-09-08T09:37:15.970.fits,1
ARCFILE,XSHOO.2026-09-08T09:37:29.484.fits,1
ARCFILE,XSHOO.2026-09-08T20:32:14.704.fits,1
ARCFILE,XSHOO.2026-09-08T20:32:15.834.fits,1
ARCFILE,XSHOO.2026-09-08T20:32:15.924.fits,1
ARCFILE,XSHOO.2026-09-08T20:32:43.315.fits,1
ARCFILE,XSHOO.2026-09-08T20:32:44.381.fits,1
ARCFILE,XSHOO.2026-09-08T20:32:44.535.fits,1
ARCFILE,XSHOO.2026-09-08T20:35:42.689.fits,1
ARCFILE,XSHOO.2026-09-08T20:37:47.089.fits,1
ARCFILE,XSHOO.2026-09-08T20:39:51.549.fits,1
ARCFILE,XSHOO.2026-09-08T20:41:56.664.fits,1
ARCFILE,XSHOO.2026-09-08T20:42:18.890.fits,1
ARCFILE,XSHOO.2026-09-09T05:43:29.680.fits,1
ARCFILE,XSHOO.2026-09-09T05:43:30.899.fits,1
ARCFILE,XSHOO.2026-09-09T05:43:31.033.fits,1
ARCFILE,XSHOO.2026-09-09T05:44:00.452.fits,1
ARCFILE,XSHOO.2026-09-09T05:44:01.634.fits,1
ARCFILE,XSHOO.2026-09-09T05:44:01.672.fits,1
ARCFILE,XSHOO.2026-09-09T05:44:19.234.fits,1
ARCFILE,XSHOO.2026-09-09T05:44:20.454.fits,1
ARCFILE,XSHOO.2026-09-09T05:44:20.688.fits,1
ARCFILE,XSHOO.2026-09-09T05:47:07.506.fits,1
ARCFILE,XSHOO.2026-09-09T05:47:12.707.fits,1
ARCFILE,XSHOO.2026-09-09T05:47:15.523.fits,1
ARCFILE,XSHOO.2026-09-09T05:51:28.967.fits,1
ARCFILE,XSHOO.2026-09-09T05:51:34.188.fits,1
ARCFILE,XSHOO.2026-09-09T05:51:37.123.fits,1
ARCFILE,XSHOO.2026-09-09T05:59:40.075.fits,1
ARCFILE,XSHOO.2026-09-09T05:59:41.295.fits,1
ARCFILE,XSHOO.2026-09-09T05:59:41.535.fits,1
ARCFILE,XSHOO.2026-09-09T06:00:08.448.fits,1
ARCFILE,XSHOO.2026-09-09T06:00:09.416.fits,1
ARCFILE,XSHOO.2026-09-09T06:00:09.668.fits,1
ARCFILE,XSHOO.2026-09-09T06:00:26.179.fits,1
ARCFILE,XSHOO.2026-09-09T06:00:27.137.fits,1
ARCFILE,XSHOO.2026-09-09T06:00:27.402.fits,1
ARCFILE,XSHOO.2026-09-09T07:04:10.201.fits,1
ARCFILE,XSHOO.2026-09-09T07:04:11.421.fits,1
ARCFILE,XSHOO.2026-09-09T07:04:11.643.fits,1
ARCFILE,XSHOO.2026-09-09T07:04:39.443.fits,1
ARCFILE,XSHOO.2026-09-09T07:04:40.663.fits,1
ARCFILE,XSHOO.2026-09-09T07:04:40.856.fits,1
ARCFILE,XSHOO.2026-09-09T07:04:56.704.fits,1
ARCFILE,XSHOO.2026-09-09T07:04:57.912.fits,1
ARCFILE,XSHOO.2026-09-09T07:04:57.925.fits,1
ARCFILE,XSHOO.2026-09-09T08:07:59.553.fits,1
ARCFILE,XSHOO.2026-09-09T08:08:00.773.fits,1
ARCFILE,XSHOO.2026-09-09T08:08:01.020.fits,1
ARCFILE,XSHOO.2026-09-09T08:08:28.475.fits,1
ARCFILE,XSHOO.2026-09-09T08:08:29.567.fits,1
ARCFILE,XSHOO.2026-09-09T08:08:29.695.fits,1
ARCFILE,XSHOO.2026-09-09T08:08:46.256.fits,1
ARCFILE,XSHOO.2026-09-09T08:08:47.289.fits,1
ARCFILE,XSHOO.2026-09-09T08:08:47.476.fits,1
ARCFILE,XSHOO.2026-09-09T09:06:57.271.fits,1
ARCFILE,XSHOO.2026-09-09T09:06:58.095.fits,1
ARCFILE,XSHOO.2026-09-09T09:06:58.490.fits,1
ARCFILE,XSHOO.2026-09-09T09:07:26.432.fits,1
ARCFILE,XSHOO.2026-09-09T09:07:27.307.fits,1
ARCFILE,XSHOO.2026-09-09T09:07:27.652.fits,1
ARCFILE,XSHOO.2026-09-09T09:07:43.704.fits,1
ARCFILE,XSHOO.2026-09-09T09:07:44.924.fits,1
ARCFILE,XSHOO.2026-09-09T09:07:45.029.fits,1
ARCFILE,XSHOO.2026-09-09T09:20:58.177.fits,1
ARCFILE,XSHOO.2026-09-09T09:20:59.406.fits,1
ARCFILE,XSHOO.2026-09-09T09:20:59.614.fits,1
ARCFILE,XSHOO.2026-09-09T09:21:27.449.fits,1
ARCFILE,XSHOO.2026-09-09T09:21:28.669.fits,1
ARCFILE,XSHOO.2026-09-09T09:21:28.827.fits,1
ARCFILE,XSHOO.2026-09-09T09:21:44.180.fits,1
ARCFILE,XSHOO.2026-09-09T09:21:45.216.fits,1
ARCFILE,XSHOO.2026-09-09T09:21:45.399.fits,1
ARCFILE,XSHOO.2026-09-09T09:56:58.528.fits,1
ARCFILE,XSHOO.2026-09-09T09:57:00.668.fits,1
ARCFILE,XSHOO.2026-09-09T09:57:04.478.fits,1
ARCFILE,XSHOO.2026-09-09T09:57:06.688.fits,1
ARCFILE,XSHOO.2026-09-09T09:57:08.808.fits,1
ARCFILE,XSHOO.2026-09-09T09:57:10.888.fits,1
ARCFILE,XSHOO.2026-09-09T09:57:15.078.fits,1
ARCFILE,XSHOO.2026-09-09T09:57:17.278.fits,1
ARCFILE,XSHOO.2026-09-09T09:57:19.528.fits,1
ARCFILE,XSHOO.2026-09-09T09:57:21.678.fits,1
ARCFILE,XSHOO.2026-09-09T09:57:33.089.fits,1
ARCFILE,XSHOO.2026-09-09T09:58:48.545.fits,1
ARCFILE,XSHOO.2026-09-09T10:00:25.613.fits,1
ARCFILE,XSHOO.2026-09-09T10:01:40.528.fits,1
ARCFILE,XSHOO.2026-09-09T10:03:18.436.fits,1
ARCFILE,XSHOO.2026-09-09T10:04:30.512.fits,1
ARCFILE,XSHOO.2026-09-09T10:06:04.309.fits,1
ARCFILE,XSHOO.2026-09-09T10:07:19.535.fits,1
ARCFILE,XSHOO.2026-09-09T10:07:44.800.fits,1
ARCFILE,XSHOO.2026-09-09T10:08:00.854.fits,1
ARCFILE,XSHOO.2026-09-09T10:08:16.909.fits,1
ARCFILE,XSHOO.2026-09-09T10:08:56.313.fits,1
ARCFILE,XSHOO.2026-09-09T10:10:11.528.fits,1
ARCFILE,XSHOO.2026-09-09T10:11:48.596.fits,1
ARCFILE,XSHOO.2026-09-09T10:12:31.489.fits,1
ARCFILE,XSHOO.2026-09-09T10:13:24.493.fits,1
ARCFILE,XSHOO.2026-09-09T10:14:04.487.fits,1
ARCFILE,XSHOO.2026-09-09T10:14:54.191.fits,1
ARCFILE,XSHOO.2026-09-09T10:15:36.604.fits,1
ARCFILE,XSHOO.2026-09-09T10:16:29.478.fits,1
ARCFILE,XSHOO.2026-09-09T10:17:13.292.fits,1
ARCFILE,XSHOO.2026-09-09T10:18:06.606.fits,1
ARCFILE,XSHOO.2026-09-09T10:18:49.489.fits,1
ARCFILE,XSHOO.2026-09-09T10:19:42.504.fits,1
ARCFILE,XSHOO.2026-09-09T10:20:08.585.fits,1
ARCFILE,XSHOO.2026-09-09T10:20:41.167.fits,1
ARCFILE,XSHOO.2026-09-09T10:21:07.600.fits,1
ARCFILE,XSHOO.2026-09-09T10:21:37.292.fits,1
ARCFILE,XSHOO.2026-09-09T10:22:03.504.fits,1
ARCFILE,XSHOO.2026-09-09T10:22:35.487.fits,1
ARCFILE,XSHOO.2026-09-09T10:23:01.579.fits,1
ARCFILE,XSHOO.2026-09-09T10:23:33.471.fits,1
ARCFILE,XSHOO.2026-09-09T10:23:59.603.fits,1
ARCFILE,XSHOO.2026-09-09T10:24:32.527.fits,1
ARCFILE,XSHOO.2026-09-09T10:24:56.668.fits,1
ARCFILE,XSHOO.2026-09-09T10:25:25.560.fits,1
ARCFILE,XSHOO.2026-09-09T10:25:46.562.fits,1
ARCFILE,XSHOO.2026-09-09T10:26:15.574.fits,1
ARCFILE,XSHOO.2026-09-09T10:26:39.676.fits,1
ARCFILE,XSHOO.2026-09-09T10:27:08.658.fits,1
ARCFILE,XSHOO.2026-09-09T10:27:32.691.fits,1
ARCFILE,XSHOO.2026-09-09T10:27:58.412.fits,1
ARCFILE,XSHOO.2026-09-09T10:28:22.695.fits,1
ARCFILE,XSHOO.2026-09-09T10:28:52.446.fits,1
ARCFILE,XSHOO.2026-09-09T10:29:05.638.fits,1
ARCFILE,XSHOO.2026-09-09T10:29:24.539.fits,1
ARCFILE,XSHOO.2026-09-09T10:29:40.640.fits,1
ARCFILE,XSHOO.2026-09-09T10:29:59.642.fits,1
ARCFILE,XSHOO.2026-09-09T10:30:15.563.fits,1
ARCFILE,XSHOO.2026-09-09T10:30:34.555.fits,1
ARCFILE,XSHOO.2026-09-09T10:30:50.666.fits,1
ARCFILE,XSHOO.2026-09-09T10:31:06.357.fits,1
ARCFILE,XSHOO.2026-09-09T10:31:22.579.fits,1
ARCFILE,XSHOO.2026-09-09T10:31:41.650.fits,1
ARCFILE,XSHOO.2026-09-09T10:31:54.641.fits,1
ARCFILE,XSHOO.2026-09-09T10:32:08.282.fits,1
ARCFILE,XSHOO.2026-09-09T10:32:20.633.fits,1
ARCFILE,XSHOO.2026-09-09T10:32:34.534.fits,1
ARCFILE,XSHOO.2026-09-09T10:32:47.555.fits,1
ARCFILE,XSHOO.2026-09-09T10:33:01.636.fits,1
ARCFILE,XSHOO.2026-09-09T10:33:11.307.fits,1
ARCFILE,XSHOO.2026-09-09T10:33:24.538.fits,1
ARCFILE,XSHOO.2026-09-09T10:33:37.539.fits,1
ARCFILE,XSHOO.2026-09-09T10:33:51.406.fits,1
ARCFILE,XSHOO.2026-09-09T10:36:05.297.fits,1
ARCFILE,XSHOO.2026-09-09T10:38:18.521.fits,1
ARCFILE,XSHOO.2026-09-09T10:40:33.912.fits,1
ARCFILE,XSHOO.2026-09-09T10:43:12.115.fits,1
ARCFILE,XSHOO.2026-09-09T10:45:50.985.fits,1
ARCFILE,XSHOO.2026-09-09T10:48:30.661.fits,1
ARCFILE,XSHOO.2026-09-09T10:51:59.522.fits,1
ARCFILE,XSHOO.2026-09-09T10:55:27.714.fits,1
ARCFILE,XSHOO.2026-09-09T10:58:57.381.fits,1
ARCFILE,XSHOO.2026-09-09T10:59:56.267.fits,1
ARCFILE,XSHOO.2026-09-09T11:00:51.819.fits,1
ARCFILE,XSHOO.2026-09-09T11:01:48.181.fits,1
ARCFILE,XSHOO.2026-09-09T11:02:09.552.fits,1
ARCFILE,XSHOO.2026-09-09T11:02:30.921.fits,1
ARCFILE,XSHOO.2026-09-09T11:03:18.329.fits,1
ARCFILE,XSHOO.2026-09-09T11:03:19.154.fits,1
ARCFILE,XSHOO.2026-09-09T11:03:19.549.fits,1
ARCFILE,XSHOO.2026-09-09T11:03:47.312.fits,1
ARCFILE,XSHOO.2026-09-09T11:03:48.369.fits,1
ARCFILE,XSHOO.2026-09-09T11:03:48.531.fits,1
ARCFILE,XSHOO.2026-09-09T11:04:05.083.fits,1
ARCFILE,XSHOO.2026-09-09T11:04:06.089.fits,1
ARCFILE,XSHOO.2026-09-09T11:04:06.303.fits,1
ARCFILE,XSHOO.2026-09-09T11:07:03.897.fits,1
ARCFILE,XSHOO.2026-09-09T11:09:08.266.fits,1
ARCFILE,XSHOO.2026-09-09T11:11:13.467.fits,1
ARCFILE,XSHOO.2026-09-09T11:13:19.708.fits,1
ARCFILE,XSHOO.2026-09-09T11:13:37.933.fits,1
ARCFILE,XSHOO.2026-09-09T11:14:40.723.fits,1
ARCFILE,XSHOO.2026-09-09T11:14:45.903.fits,1
ARCFILE,XSHOO.2026-09-09T11:16:26.342.fits,1
ARCFILE,XSHOO.2026-09-09T11:17:31.441.fits,1
ARCFILE,XSHOO.2026-09-09T11:20:47.752.fits,1
ARCFILE,XSHOO.2026-09-09T11:22:21.299.fits,1
ARCFILE,XSHOO.2026-09-09T11:23:33.965.fits,1
ARCFILE,XSHOO.2026-09-09T11:25:22.691.fits,1
ARCFILE,XSHOO.2026-09-09T11:25:34.027.fits,1
ARCFILE,XSHOO.2026-09-09T11:26:26.469.fits,1
ARCFILE,XSHOO.2026-09-09T11:26:31.619.fits,1
ARCFILE,XSHOO.2026-09-09T11:28:06.919.fits,1
ARCFILE,XSHOO.2026-09-09T11:28:32.314.fits,1
ARCFILE,XSHOO.2026-09-09T11:29:13.678.fits,1
ARCFILE,XSHOO.2026-09-09T11:29:24.781.fits,1
ARCFILE,XSHOO.2026-09-09T11:29:31.435.fits,1
ARCFILE,XSHOO.2026-09-09T11:29:39.573.fits,1
ARCFILE,XSHOO.2026-09-09T11:29:49.926.fits,1
ARCFILE,XSHOO.2026-09-09T11:30:01.028.fits,1
ARCFILE,XSHOO.2026-09-09T11:30:11.383.fits,1
ARCFILE,XSHOO.2026-09-09T11:30:22.485.fits,1
ARCFILE,XSHOO.2026-09-09T11:30:33.587.fits,1
ARCFILE,XSHOO.2026-09-09T11:30:44.692.fits,1
ARCFILE,XSHOO.2026-09-09T11:33:25.841.fits,1
ARCFILE,XSHOO.2026-09-09T11:34:46.388.fits,1
ARCFILE,XSHOO.2026-09-09T11:36:01.253.fits,1
ARCFILE,XSHOO.2026-09-09T11:37:18.510.fits,1
ARCFILE,XSHOO.2026-09-09T11:38:36.606.fits,1
ARCFILE,XSHOO.2026-09-09T11:40:35.245.fits,1
ARCFILE,XSHOO.2026-09-09T11:41:54.602.fits,1
ARCFILE,XSHOO.2026-09-09T11:43:14.498.fits,1
ARCFILE,XSHOO.2026-09-09T11:44:30.494.fits,1
ARCFILE,XSHOO.2026-09-09T11:45:49.500.fits,1
ARCFILE,XSHOO.2026-09-09T11:47:20.037.fits,1
ARCFILE,XSHOO.2026-09-09T11:49:00.485.fits,1
ARCFILE,XSHOO.2026-09-09T11:50:41.493.fits,1
ARCFILE,XSHOO.2026-09-09T11:52:22.522.fits,1
ARCFILE,XSHOO.2026-09-09T11:54:03.509.fits,1
ARCFILE,XSHOO.2026-09-09T11:57:59.868.fits,1
ARCFILE,XSHOO.2026-09-09T11:58:26.209.fits,1
ARCFILE,XSHOO.2026-09-09T11:58:55.482.fits,1
ARCFILE,XSHOO.2026-09-09T11:59:24.124.fits,1
ARCFILE,XSHOO.2026-09-09T11:59:53.587.fits,1
ARCFILE,XSHOO.2026-09-09T12:01:03.122.fits,1
ARCFILE,XSHOO.2026-09-09T12:01:30.214.fits,1
ARCFILE,XSHOO.2026-09-09T12:02:01.567.fits,1
ARCFILE,XSHOO.2026-09-09T12:02:29.449.fits,1
ARCFILE,XSHOO.2026-09-09T12:03:00.572.fits,1
ARCFILE,XSHOO.2026-09-09T12:03:55.086.fits,1
ARCFILE,XSHOO.2026-09-09T12:04:33.448.fits,1
ARCFILE,XSHOO.2026-09-09T12:05:09.551.fits,1
ARCFILE,XSHOO.2026-09-09T12:05:46.207.fits,1
ARCFILE,XSHOO.2026-09-09T12:06:22.477.fits,1
ARCFILE,XSHOO.2026-09-09T12:07:08.929.fits,1
ARCFILE,XSHOO.2026-09-09T12:07:24.995.fits,1
ARCFILE,XSHOO.2026-09-09T12:07:39.675.fits,1
ARCFILE,XSHOO.2026-09-09T12:07:55.743.fits,1
ARCFILE,XSHOO.2026-09-09T12:08:10.423.fits,1
ARCFILE,XSHOO.2026-09-09T12:08:26.489.fits,1
ARCFILE,XSHOO.2026-09-09T12:08:41.167.fits,1
ARCFILE,XSHOO.2026-09-09T12:08:57.236.fits,1
ARCFILE,XSHOO.2026-09-09T12:09:11.917.fits,1
ARCFILE,XSHOO.2026-09-09T12:09:27.983.fits,1
ARCFILE,XSHOO.2026-09-09T12:10:04.345.fits,1
ARCFILE,XSHOO.2026-09-09T12:10:42.279.fits,1
ARCFILE,XSHOO.2026-09-09T12:11:19.470.fits,1
ARCFILE,XSHOO.2026-09-09T12:11:53.193.fits,1
ARCFILE,XSHOO.2026-09-09T12:12:29.466.fits,1
ARCFILE,XSHOO.2026-09-09T12:15:21.824.fits,1
ARCFILE,XSHOO.2026-09-09T12:15:39.622.fits,1
ARCFILE,XSHOO.2026-09-09T12:15:58.413.fits,1
ARCFILE,XSHOO.2026-09-09T12:16:15.524.fits,1
ARCFILE,XSHOO.2026-09-09T12:16:33.526.fits,1
ARCFILE,XSHOO.2026-09-09T12:17:32.170.fits,1
ARCFILE,XSHOO.2026-09-09T12:17:55.612.fits,1
ARCFILE,XSHOO.2026-09-09T12:18:16.263.fits,1
ARCFILE,XSHOO.2026-09-09T12:18:40.526.fits,1
ARCFILE,XSHOO.2026-09-09T12:19:04.617.fits,1
ARCFILE,XSHOO.2026-09-09T12:19:43.898.fits,1
ARCFILE,XSHOO.2026-09-09T12:20:02.043.fits,1
ARCFILE,XSHOO.2026-09-09T12:20:16.030.fits,1
ARCFILE,XSHOO.2026-09-09T12:20:34.176.fits,1
ARCFILE,XSHOO.2026-09-09T12:20:50.937.fits,1
ARCFILE,XSHOO.2026-09-09T12:21:09.084.fits,1
ARCFILE,XSHOO.2026-09-09T12:21:23.072.fits,1
ARCFILE,XSHOO.2026-09-09T12:21:41.220.fits,1
ARCFILE,XSHOO.2026-09-09T12:21:57.978.fits,1
ARCFILE,XSHOO.2026-09-09T12:22:16.128.fits,1
ARCFILE,XSHOO.2026-09-09T12:22:48.525.fits,1
ARCFILE,XSHOO.2026-09-09T12:23:10.466.fits,1
ARCFILE,XSHOO.2026-09-09T12:23:29.418.fits,1
ARCFILE,XSHOO.2026-09-09T12:23:51.490.fits,1
ARCFILE,XSHOO.2026-09-09T12:24:13.592.fits,1
ARCFILE,XSHOO.2026-09-09T15:45:07.574.fits,1
ARCFILE,XSHOO.2026-09-09T15:45:12.694.fits,1
ARCFILE,XSHOO.2026-09-09T16:47:51.662.fits,1
ARCFILE,XSHOO.2026-09-09T16:47:57.772.fits,1
ARCFILE,XSHOO.2026-09-09T17:50:34.496.fits,1
ARCFILE,XSHOO.2026-09-09T17:50:40.608.fits,1
ARCFILE,XSHOO.2026-09-09T19:33:35.323.fits,1
ARCFILE,XSHOO.2026-09-09T19:33:36.454.fits,1
ARCFILE,XSHOO.2026-09-09T19:33:36.543.fits,1
ARCFILE,XSHOO.2026-09-09T19:34:03.924.fits,1
ARCFILE,XSHOO.2026-09-09T19:34:05.001.fits,1
ARCFILE,XSHOO.2026-09-09T19:34:05.144.fits,1
ARCFILE,XSHOO.2026-09-09T19:37:02.779.fits,1
ARCFILE,XSHOO.2026-09-09T19:39:07.658.fits,1
ARCFILE,XSHOO.2026-09-09T19:41:09.098.fits,1
ARCFILE,XSHOO.2026-09-09T19:43:13.896.fits,1
ARCFILE,XSHOO.2026-09-09T19:43:36.121.fits,1
DATE,2026-09-04T01:43:45.325,1
DATE,2026-09-04T01:43:43.116,1
DATE,2026-09-04T01:43:45.7785,1
DATE,2026-09-04T01:44:14.613,1
DATE,2026-09-04T01:44:11.973,1
DATE,2026-09-04T01:44:15.1894,1
DATE,2026-09-04T01:44:31.235,1
DATE,2026-09-04T01:44:31.5887,1
DATE,2026-09-04T01:44:28.924,1
DATE,2026-09-04T02:42:03.999,1
DATE,2026-09-04T02:42:01.645,1
DATE,2026-09-04T02:42:04.3745,1
DATE,2026-09-04T02:42:32.596,1
DATE,2026-09-04T02:42:30.016,1
DATE,2026-09-04T02:42:33.1620,1
DATE,2026-09-04T02:42:49.468,1
DATE,2026-09-04T02:42:49.5042,1
DATE,2026-09-04T02:42:46.912,1
DATE,2026-09-04T03:15:33.136,1
DATE,2026-09-04T03:15:30.907,1
DATE,2026-09-04T03:15:33.8729,1
DATE,2026-09-04T03:16:02.433,1
DATE,2026-09-04T03:16:00.194,1
DATE,2026-09-04T03:16:03.0417,1
DATE,2026-09-04T03:16:20.244,1
DATE,2026-09-04T03:16:18.024,1
DATE,2026-09-04T03:16:20.5595,1
DATE,2026-09-04T04:15:36.326,1
DATE,2026-09-04T04:15:35.708,1
DATE,2026-09-04T04:15:36.9630,1
DATE,2026-09-04T04:16:06.628,1
DATE,2026-09-04T04:16:03.989,1
DATE,2026-09-04T04:16:07.0624,1
DATE,2026-09-04T04:16:24.380,1
DATE,2026-09-04T04:16:24.7541,1
DATE,2026-09-04T04:16:22.084,1
DATE,2026-09-04T04:36:32.104,1
DATE,2026-09-04T04:36:29.790,1
DATE,2026-09-04T04:36:32.8474,1
DATE,2026-09-04T04:37:00.676,1
DATE,2026-09-04T04:37:00.6814,1
DATE,2026-09-04T04:36:58.058,1
DATE,2026-09-04T04:37:17.090,1
DATE,2026-09-04T04:37:15.068,1
DATE,2026-09-04T04:37:17.7807,1
DATE,2026-09-04T10:05:01.236,1
DATE,2026-09-04T10:05:06.266,1
DATE,2026-09-04T10:05:08.390,1
DATE,2026-09-04T10:05:10.392,1
DATE,2026-09-04T10:05:12.396,1
DATE,2026-09-04T10:05:16.482,1
DATE,2026-09-04T10:05:18.411,1
DATE,2026-09-04T10:05:20.394,1
DATE,2026-09-04T10:05:22.396,1
DATE,2026-09-04T10:05:26.408,1
DATE,2026-09-04T10:05:32.121,1
DATE,2026-09-04T10:06:47.321,1
DATE,2026-09-04T10:08:21.248,1
DATE,2026-09-04T10:09:36.116,1
DATE,2026-09-04T10:11:12.301,1
DATE,2026-09-04T10:12:27.430,1
DATE,2026-09-04T10:14:04.295,1
DATE,2026-09-04T10:15:19.307,1
DATE,2026-09-04T10:15:57.5813,1
DATE,2026-09-04T10:16:13.6450,1
DATE,2026-09-04T10:16:29.6947,1
DATE,2026-09-04T10:16:53.048,1
DATE,2026-09-04T10:18:08.296,1
DATE,2026-09-04T10:19:45.385,1
DATE,2026-09-04T10:20:28.422,1
DATE,2026-09-04T10:21:21.287,1
DATE,2026-09-04T10:22:05.172,1
DATE,2026-09-04T10:22:58.374,1
DATE,2026-09-04T10:23:41.290,1
DATE,2026-09-04T10:24:34.274,1
DATE,2026-09-04T10:25:18.187,1
DATE,2026-09-04T10:26:11.370,1
DATE,2026-09-04T10:26:54.285,1
DATE,2026-09-04T10:27:47.360,1
DATE,2026-09-04T10:28:14.285,1
DATE,2026-09-04T10:28:46.292,1
DATE,2026-09-04T10:29:12.264,1
DATE,2026-09-04T10:29:41.026,1
DATE,2026-09-04T10:30:07.278,1
DATE,2026-09-04T10:30:39.318,1
DATE,2026-09-04T10:31:05.301,1
DATE,2026-09-04T10:31:37.413,1
DATE,2026-09-04T10:32:04.427,1
DATE,2026-09-04T10:32:37.356,1
DATE,2026-09-04T10:33:01.542,1
DATE,2026-09-04T10:33:30.485,1
DATE,2026-09-04T10:33:51.388,1
DATE,2026-09-04T10:34:20.498,1
DATE,2026-09-04T10:34:44.421,1
DATE,2026-09-04T10:35:13.412,1
DATE,2026-09-04T10:35:37.406,1
DATE,2026-09-04T10:36:03.137,1
DATE,2026-09-04T10:36:26.409,1
DATE,2026-09-04T10:36:55.376,1
DATE,2026-09-04T10:37:08.139,1
DATE,2026-09-04T10:37:27.362,1
DATE,2026-09-04T10:37:43.474,1
DATE,2026-09-04T10:38:03.265,1
DATE,2026-09-04T10:38:19.367,1
DATE,2026-09-04T10:38:38.378,1
DATE,2026-09-04T10:38:54.369,1
DATE,2026-09-04T10:39:10.341,1
DATE,2026-09-04T10:39:26.362,1
DATE,2026-09-04T10:39:45.356,1
DATE,2026-09-04T10:39:58.382,1
DATE,2026-09-04T10:40:12.355,1
DATE,2026-09-04T10:40:25.356,1
DATE,2026-09-04T10:40:39.420,1
DATE,2026-09-04T10:40:52.341,1
DATE,2026-09-04T10:41:06.321,1
DATE,2026-09-04T10:41:16.303,1
DATE,2026-09-04T10:41:30.324,1
DATE,2026-09-04T10:41:43.414,1
DATE,2026-09-04T10:42:06.7970,1
DATE,2026-09-04T10:42:22.3562,1
DATE,2026-09-04T10:42:33.9188,1
DATE,2026-09-04T10:42:47.6183,1
DATE,2026-09-04T10:43:00.5133,1
DATE,2026-09-04T10:43:13.4023,1
DATE,2026-09-04T10:43:26.6732,1
DATE,2026-09-04T10:43:38.6622,1
DATE,2026-09-04T10:43:50.6582,1
DATE,2026-09-04T11:29:03.6343,1
DATE,2026-09-04T11:44:15.9101,1
DATE,2026-09-04T11:54:23.4534,1
DATE,2026-09-04T12:04:31.7166,1
DATE,2026-09-04T12:14:37.1467,1
DATE,2026-09-04T12:29:46.6553,1
DATE,2026-09-04T12:44:55.3489,1
DATE,2026-09-04T13:00:04.3610,1
DATE,2026-09-04T13:03:34.3680,1
DATE,2026-09-04T13:07:02.9821,1
DATE,2026-09-04T13:10:31.8786,1
DATE,2026-09-04T13:11:09.811,1
DATE,2026-09-04T13:11:09.5419,1
DATE,2026-09-04T13:11:07.585,1
DATE,2026-09-04T13:11:38.325,1
DATE,2026-09-04T13:11:37.7052,1
DATE,2026-09-04T13:11:36.155,1
DATE,2026-09-04T13:11:55.756,1
DATE,2026-09-04T13:11:53.347,1
DATE,2026-09-04T13:11:55.4290,1
DATE,2026-09-04T13:14:55.110,1
DATE,2026-09-04T13:17:13.341,1
DATE,2026-09-04T13:19:09.539,1
DATE,2026-09-04T13:21:14.9513,1
DATE,2026-09-04T13:21:37.1792,1
DATE,2026-09-04T13:22:45.0395,1
DATE,2026-09-04T13:23:13.4044,1
DATE,2026-09-04T13:23:40.4571,1
DATE,2026-09-04T13:24:05.3299,1
DATE,2026-09-04T13:24:32.9637,1
DATE,2026-09-04T13:25:01.2711,1
DATE,2026-09-04T13:25:29.1654,1
DATE,2026-09-04T13:25:57.8794,1
DATE,2026-09-04T13:26:25.0534,1
DATE,2026-09-04T13:26:53.1557,1
DATE,2026-09-04T13:29:41.833,1
DATE,2026-09-04T13:30:23.589,1
DATE,2026-09-04T13:31:08.656,1
DATE,2026-09-04T13:31:53.461,1
DATE,2026-09-04T13:32:35.505,1
DATE,2026-09-04T13:34:39.695,1
DATE,2026-09-04T13:36:03.049,1
DATE,2026-09-04T13:37:23.356,1
DATE,2026-09-04T13:38:47.185,1
DATE,2026-09-04T13:40:11.108,1
DATE,2026-09-04T13:41:43.878,1
DATE,2026-09-04T13:43:08.267,1
DATE,2026-09-04T13:44:33.203,1
DATE,2026-09-04T13:45:54.529,1
DATE,2026-09-04T13:47:19.322,1
DATE,2026-09-04T13:48:17.0134,1
DATE,2026-09-04T13:48:39.3239,1
DATE,2026-09-04T13:49:00.2419,1
DATE,2026-09-04T13:49:23.2450,1
DATE,2026-09-04T13:49:44.1625,1
DATE,2026-09-04T13:50:06.4707,1
DATE,2026-09-04T13:50:27.3897,1
DATE,2026-09-04T13:50:49.6992,1
DATE,2026-09-04T13:51:10.6160,1
DATE,2026-09-04T13:51:32.2323,1
DATE,2026-09-04T13:54:16.002,1
DATE,2026-09-04T13:54:53.495,1
DATE,2026-09-04T13:55:31.837,1
DATE,2026-09-04T13:56:09.495,1
DATE,2026-09-04T13:56:47.474,1
DATE,2026-09-04T13:58:30.581,1
DATE,2026-09-04T13:59:32.617,1
DATE,2026-09-04T14:00:34.602,1
DATE,2026-09-04T14:01:36.436,1
DATE,2026-09-04T14:02:35.421,1
DATE,2026-09-04T14:03:40.897,1
DATE,2026-09-04T14:04:39.272,1
DATE,2026-09-04T14:05:38.420,1
DATE,2026-09-04T14:06:40.402,1
DATE,2026-09-04T14:07:42.497,1
DATE,2026-09-04T14:08:39.0560,1
DATE,2026-09-04T14:08:57.2060,1
DATE,2026-09-04T14:09:13.9641,1
DATE,2026-09-04T14:09:28.6482,1
DATE,2026-09-04T14:09:45.4094,1
DATE,2026-09-04T14:10:03.5632,1
DATE,2026-09-04T14:10:21.0100,1
DATE,2026-09-04T14:10:39.1589,1
DATE,2026-09-04T14:10:55.9180,1
DATE,2026-09-04T14:11:14.0669,1
DATE,2026-09-04T14:13:55.076,1
DATE,2026-09-04T14:14:30.520,1
DATE,2026-09-04T14:15:05.811,1
DATE,2026-09-04T14:15:41.155,1
DATE,2026-09-04T14:16:16.962,1
DATE,2026-09-04T14:17:48.846,1
DATE,2026-09-04T14:18:43.188,1
DATE,2026-09-04T14:19:38.264,1
DATE,2026-09-04T14:20:33.293,1
DATE,2026-09-04T14:21:24.861,1
DATE,2026-09-04T14:22:29.993,1
DATE,2026-09-04T14:23:24.323,1
DATE,2026-09-04T14:24:19.866,1
DATE,2026-09-04T14:25:14.536,1
DATE,2026-09-04T14:26:09.644,1
DATE,2026-09-04T14:29:16.677,1
DATE,2026-09-04T14:29:50.192,1
DATE,2026-09-04T14:30:23.768,1
DATE,2026-09-04T14:30:57.123,1
DATE,2026-09-04T14:31:31.911,1
DATE,2026-09-04T14:33:00.735,1
DATE,2026-09-04T14:33:49.008,1
DATE,2026-09-04T14:34:36.982,1
DATE,2026-09-04T14:35:24.646,1
DATE,2026-09-04T14:36:10.066,1
DATE,2026-09-04T14:37:11.465,1
DATE,2026-09-04T14:38:00.966,1
DATE,2026-09-04T14:38:49.434,1
DATE,2026-09-04T14:39:38.646,1
DATE,2026-09-04T14:40:24.122,1
DATE,2026-09-04T14:43:32.253,1
DATE,2026-09-04T14:44:04.781,1
DATE,2026-09-04T14:44:36.281,1
DATE,2026-09-04T14:45:05.077,1
DATE,2026-09-04T14:45:33.280,1
DATE,2026-09-04T14:46:58.256,1
DATE,2026-09-04T14:47:43.440,1
DATE,2026-09-04T14:48:27.864,1
DATE,2026-09-04T14:49:11.478,1
DATE,2026-09-04T14:49:55.742,1
DATE,2026-09-04T14:50:56.527,1
DATE,2026-09-04T14:51:42.581,1
DATE,2026-09-04T14:52:28.565,1
DATE,2026-09-04T14:53:13.828,1
DATE,2026-09-04T14:53:59.237,1
DATE,2026-09-04T15:17:15.4546,1
DATE,2026-09-04T15:17:37.0720,1
DATE,2026-09-04T15:17:57.9895,1
DATE,2026-09-04T15:18:20.2994,1
DATE,2026-09-04T15:18:38.4428,1
DATE,2026-09-04T15:19:00.7528,1
DATE,2026-09-04T15:19:21.6709,1
DATE,2026-09-04T15:19:40.5126,1
DATE,2026-09-04T15:20:01.4326,1
DATE,2026-09-04T15:20:23.7399,1
DATE,2026-09-04T15:20:48.2359,1
DATE,2026-09-04T15:21:06.3856,1
DATE,2026-09-04T15:21:23.1427,1
DATE,2026-09-04T15:21:41.2928,1
DATE,2026-09-04T15:21:58.0554,1
DATE,2026-09-04T15:22:16.2065,1
DATE,2026-09-04T15:22:32.9650,1
DATE,2026-09-04T15:22:47.6480,1
DATE,2026-09-04T15:23:04.4060,1
DATE,2026-09-04T15:23:22.5567,1
DATE,2026-09-04T15:26:07.324,1
DATE,2026-09-04T15:26:35.535,1
DATE,2026-09-04T15:27:00.609,1
DATE,2026-09-04T15:27:28.765,1
DATE,2026-09-04T15:27:56.554,1
DATE,2026-09-04T15:29:09.078,1
DATE,2026-09-04T15:29:40.535,1
DATE,2026-09-04T15:30:09.877,1
DATE,2026-09-04T15:30:41.400,1
DATE,2026-09-04T15:31:10.602,1
DATE,2026-09-04T15:32:05.079,1
DATE,2026-09-04T15:32:40.301,1
DATE,2026-09-04T15:33:16.413,1
DATE,2026-09-04T15:33:52.446,1
DATE,2026-09-04T15:34:25.124,1
DATE,2026-09-04T15:37:29.539,1
DATE,2026-09-04T15:38:50.060,1
DATE,2026-09-04T15:40:12.881,1
DATE,2026-09-04T15:41:34.259,1
DATE,2026-09-04T15:42:52.151,1
DATE,2026-09-04T15:45:01.027,1
DATE,2026-09-04T15:46:29.566,1
DATE,2026-09-04T15:47:57.578,1
DATE,2026-09-04T15:49:22.426,1
DATE,2026-09-04T15:50:51.819,1
DATE,2026-09-04T15:52:40.451,1
DATE,2026-09-04T15:54:31.883,1
DATE,2026-09-04T15:56:21.166,1
DATE,2026-09-04T15:58:10.315,1
DATE,2026-09-04T16:00:00.636,1
DATE,2026-09-04T16:04:08.173,1
DATE,2026-09-04T16:05:30.380,1
DATE,2026-09-04T16:06:52.117,1
DATE,2026-09-04T16:08:14.065,1
DATE,2026-09-04T16:09:35.781,1
DATE,2026-09-04T16:11:47.500,1
DATE,2026-09-04T16:13:18.115,1
DATE,2026-09-04T16:14:49.348,1
DATE,2026-09-04T16:16:20.516,1
DATE,2026-09-04T16:17:51.159,1
DATE,2026-09-04T16:19:12.510,1
DATE,2026-09-04T16:20:15.456,1
DATE,2026-09-04T16:21:13.993,1
DATE,2026-09-04T16:22:15.875,1
DATE,2026-09-04T16:23:17.150,1
DATE,2026-09-04T16:26:39.693,1
DATE,2026-09-04T16:27:25.970,1
DATE,2026-09-04T16:28:12.434,1
DATE,2026-09-04T16:28:59.448,1
DATE,2026-09-04T16:29:46.461,1
DATE,2026-09-04T16:31:17.738,1
DATE,2026-09-04T16:32:08.293,1
DATE,2026-09-04T16:33:01.272,1
DATE,2026-09-04T16:33:49.261,1
DATE,2026-09-04T16:34:40.139,1
DATE,2026-09-04T16:37:38.201,1
DATE,2026-09-04T16:37:57.131,1
DATE,2026-09-04T16:38:15.435,1
DATE,2026-09-04T16:38:33.192,1
DATE,2026-09-04T16:38:51.099,1
DATE,2026-09-04T16:39:51.625,1
DATE,2026-09-04T16:40:13.601,1
DATE,2026-09-04T16:40:35.717,1
DATE,2026-09-04T16:40:58.084,1
DATE,2026-09-04T16:41:17.518,1
DATE,2026-09-04T16:43:54.278,1
DATE,2026-09-04T16:44:26.553,1
DATE,2026-09-04T16:44:59.000,1
DATE,2026-09-04T16:45:27.979,1
DATE,2026-09-04T16:46:00.231,1
DATE,2026-09-04T16:47:22.388,1
DATE,2026-09-04T16:48:06.917,1
DATE,2026-09-04T16:48:50.511,1
DATE,2026-09-04T16:49:34.645,1
DATE,2026-09-04T16:50:18.838,1
DATE,2026-09-04T16:51:01.123,1
DATE,2026-09-04T16:51:45.977,1
DATE,2026-09-04T16:52:31.139,1
DATE,2026-09-04T16:53:15.790,1
DATE,2026-09-04T16:54:01.952,1
DATE,2026-09-04T16:55:26.963,1
DATE,2026-09-04T16:55:20.908,1
DATE,2026-09-04T18:12:14.261,1
DATE,2026-09-04T18:12:19.535,1
DATE,2026-09-04T19:12:31.855,1
DATE,2026-09-04T19:12:38.064,1
DATE,2026-09-04T20:12:50.426,1
DATE,2026-09-04T20:12:58.077,1
DATE,2026-09-04T20:21:07.843,1
DATE,2026-09-04T20:21:08.2881,1
DATE,2026-09-04T20:21:05.689,1
DATE,2026-09-04T20:21:37.064,1
DATE,2026-09-04T20:21:34.597,1
DATE,2026-09-04T20:21:37.4257,1
DATE,2026-09-04T20:24:36.897,1
DATE,2026-09-04T20:26:54.953,1
DATE,2026-09-04T20:28:51.881,1
DATE,2026-09-04T20:30:58.2637,1
DATE,2026-09-04T20:31:20.6982,1
DATE,2026-09-05T00:52:27.419,1
DATE,2026-09-05T00:52:33.143,1
DATE,2026-09-05T01:55:10.514,1
DATE,2026-09-05T01:55:17.018,1
DATE,2026-09-05T02:57:53.251,1
DATE,2026-09-05T02:57:59.816,1
DATE,2026-09-05T07:03:13.797,1
DATE,2026-09-05T07:03:11.657,1
DATE,2026-09-05T07:03:14.5345,1
DATE,2026-09-05T07:03:43.345,1
DATE,2026-09-05T07:03:40.836,1
DATE,2026-09-05T07:03:43.4915,1
DATE,2026-09-05T07:04:01.077,1
DATE,2026-09-05T07:04:01.4616,1
DATE,2026-09-05T07:03:58.682,1
DATE,2026-09-05T07:09:03.808,1
DATE,2026-09-05T07:10:14.967,1
DATE,2026-09-05T07:10:29.8226,1
DATE,2026-09-05T07:14:04.314,1
DATE,2026-09-05T07:15:14.688,1
DATE,2026-09-05T07:15:29.9930,1
DATE,2026-09-05T07:21:05.266,1
DATE,2026-09-05T07:21:03.065,1
DATE,2026-09-05T07:21:04.4287,1
DATE,2026-09-05T07:21:34.199,1
DATE,2026-09-05T07:21:34.3610,1
DATE,2026-09-05T07:21:32.049,1
DATE,2026-09-05T07:21:51.479,1
DATE,2026-09-05T07:21:49.168,1
DATE,2026-09-05T07:21:52.0912,1
DATE,2026-09-05T07:33:18.797,1
DATE,2026-09-05T07:33:16.392,1
DATE,2026-09-05T07:33:19.4411,1
DATE,2026-09-05T07:33:47.231,1
DATE,2026-09-05T07:33:47.3182,1
DATE,2026-09-05T07:33:44.919,1
DATE,2026-09-05T07:34:04.570,1
DATE,2026-09-05T07:34:02.300,1
DATE,2026-09-05T07:34:05.0470,1
DATE,2026-09-05T07:40:46.628,1
DATE,2026-09-05T07:40:44.446,1
DATE,2026-09-05T07:40:47.4996,1
DATE,2026-09-05T07:41:16.512,1
DATE,2026-09-05T07:41:15.3834,1
DATE,2026-09-05T07:41:14.377,1
DATE,2026-09-05T07:41:33.673,1
DATE,2026-09-05T07:41:33.7612,1
DATE,2026-09-05T07:41:30.992,1
DATE,2026-09-05T08:41:27.174,1
DATE,2026-09-05T08:41:27.1114,1
DATE,2026-09-05T08:41:24.843,1
DATE,2026-09-05T08:41:57.226,1
DATE,2026-09-05T08:41:56.3698,1
DATE,2026-09-05T08:41:55.528,1
DATE,2026-09-05T08:42:13.788,1
DATE,2026-09-05T08:42:14.0995,1
DATE,2026-09-05T08:42:11.627,1
DATE,2026-09-05T08:51:26.510,1
DATE,2026-09-05T08:51:23.922,1
DATE,2026-09-05T08:51:27.3190,1
DATE,2026-09-05T08:51:56.577,1
DATE,2026-09-05T08:51:54.080,1
DATE,2026-09-05T08:51:55.8683,1
DATE,2026-09-05T08:52:13.487,1
DATE,2026-09-05T08:52:13.5900,1
DATE,2026-09-05T08:52:11.069,1
DATE,2026-09-05T09:03:04.423,1
DATE,2026-09-05T09:03:01.918,1
DATE,2026-09-05T09:03:03.6057,1
DATE,2026-09-05T09:03:32.886,1
DATE,2026-09-05T09:03:33.5581,1
DATE,2026-09-05T09:03:30.678,1
DATE,2026-09-05T09:03:50.546,1
DATE,2026-09-05T09:03:50.6095,1
DATE,2026-09-05T09:03:47.946,1
DATE,2026-09-05T09:51:59.532,1
DATE,2026-09-05T09:52:03.539,1
DATE,2026-09-05T09:52:05.750,1
DATE,2026-09-05T09:52:08.063,1
DATE,2026-09-05T09:52:10.108,1
DATE,2026-09-05T09:52:14.290,1
DATE,2026-09-05T09:52:16.513,1
DATE,2026-09-05T09:52:18.709,1
DATE,2026-09-05T09:52:20.876,1
DATE,2026-09-05T09:52:25.104,1
DATE,2026-09-05T09:52:30.790,1
DATE,2026-09-05T09:53:46.037,1
DATE,2026-09-05T09:55:23.135,1
DATE,2026-09-05T09:56:38.118,1
DATE,2026-09-05T09:58:15.019,1
DATE,2026-09-05T09:59:30.111,1
DATE,2026-09-05T10:01:07.941,1
DATE,2026-09-05T10:02:20.006,1
DATE,2026-09-05T10:02:55.8798,1
DATE,2026-09-05T10:03:11.9364,1
DATE,2026-09-05T10:03:28.7137,1
DATE,2026-09-05T10:03:56.991,1
DATE,2026-09-05T10:05:12.130,1
DATE,2026-09-05T10:06:49.015,1
DATE,2026-09-05T10:07:32.002,1
DATE,2026-09-05T10:08:25.097,1
DATE,2026-09-05T10:09:08.021,1
DATE,2026-09-05T10:10:01.013,1
DATE,2026-09-05T10:10:43.808,1
DATE,2026-09-05T10:11:37.075,1
DATE,2026-09-05T10:12:19.990,1
DATE,2026-09-05T10:13:13.083,1
DATE,2026-09-05T10:13:52.948,1
DATE,2026-09-05T10:14:45.953,1
DATE,2026-09-05T10:15:11.977,1
DATE,2026-09-05T10:15:43.974,1
DATE,2026-09-05T10:16:06.706,1
DATE,2026-09-05T10:16:39.069,1
DATE,2026-09-05T10:17:05.711,1
DATE,2026-09-05T10:17:37.953,1
DATE,2026-09-05T10:18:03.925,1
DATE,2026-09-05T10:18:36.068,1
DATE,2026-09-05T10:19:03.860,1
DATE,2026-09-05T10:19:36.134,1
DATE,2026-09-05T10:20:00.081,1
DATE,2026-09-05T10:20:29.152,1
DATE,2026-09-05T10:20:53.166,1
DATE,2026-09-05T10:21:18.892,1
DATE,2026-09-05T10:21:43.170,1
DATE,2026-09-05T10:22:12.850,1
DATE,2026-09-05T10:22:37.150,1
DATE,2026-09-05T10:23:06.154,1
DATE,2026-09-05T10:23:30.168,1
DATE,2026-09-05T10:23:59.143,1
DATE,2026-09-05T10:24:15.937,1
DATE,2026-09-05T10:24:35.128,1
DATE,2026-09-05T10:24:51.029,1
DATE,2026-09-05T10:25:10.030,1
DATE,2026-09-05T10:25:23.021,1
DATE,2026-09-05T10:25:42.023,1
DATE,2026-09-05T10:25:58.154,1
DATE,2026-09-05T10:26:17.115,1
DATE,2026-09-05T10:26:29.806,1
DATE,2026-09-05T10:26:49.122,1
DATE,2026-09-05T10:27:02.013,1
DATE,2026-09-05T10:27:16.099,1
DATE,2026-09-05T10:27:29.121,1
DATE,2026-09-05T10:27:43.012,1
DATE,2026-09-05T10:27:56.120,1
DATE,2026-09-05T10:28:10.103,1
DATE,2026-09-05T10:28:23.025,1
DATE,2026-09-05T10:28:34.005,1
DATE,2026-09-05T10:28:47.116,1
DATE,2026-09-05T10:29:54.2480,1
DATE,2026-09-05T10:30:52.4725,1
DATE,2026-09-05T10:31:52.2519,1
DATE,2026-09-05T10:36:11.6894,1
DATE,2026-09-05T10:40:30.5376,1
DATE,2026-09-05T10:44:49.3913,1
DATE,2026-09-05T10:49:59.0301,1
DATE,2026-09-05T10:55:04.5275,1
DATE,2026-09-05T11:00:14.0087,1
DATE,2026-09-05T11:00:52.184,1
DATE,2026-09-05T11:00:51.6447,1
DATE,2026-09-05T11:00:50.018,1
DATE,2026-09-05T11:01:20.832,1
DATE,2026-09-05T11:01:18.506,1
DATE,2026-09-05T11:01:20.8536,1
DATE,2026-09-05T11:01:37.104,1
DATE,2026-09-05T11:01:36.5783,1
DATE,2026-09-05T11:01:34.818,1
DATE,2026-09-05T11:04:36.619,1
DATE,2026-09-05T11:06:55.826,1
DATE,2026-09-05T11:08:49.639,1
DATE,2026-09-05T11:10:54.7490,1
DATE,2026-09-05T11:11:16.3107,1
DATE,2026-09-05T11:12:42.928,1
DATE,2026-09-05T11:12:24.084,1
DATE,2026-09-05T11:14:46.9256,1
DATE,2026-09-05T11:15:52.0289,1
DATE,2026-09-05T11:18:36.576,1
DATE,2026-09-05T11:20:28.231,1
DATE,2026-09-05T11:21:55.455,1
DATE,2026-09-05T11:22:46.0154,1
DATE,2026-09-05T11:22:58.3536,1
DATE,2026-09-05T11:24:03.844,1
DATE,2026-09-05T11:24:03.106,1
DATE,2026-09-05T11:25:47.6681,1
DATE,2026-09-05T11:26:16.4447,1
DATE,2026-09-05T11:28:48.807,1
DATE,2026-09-05T11:30:06.824,1
DATE,2026-09-05T11:31:25.790,1
DATE,2026-09-05T11:32:44.057,1
DATE,2026-09-05T11:34:03.332,1
DATE,2026-09-05T11:36:03.143,1
DATE,2026-09-05T11:37:22.389,1
DATE,2026-09-05T11:38:41.335,1
DATE,2026-09-05T11:40:00.342,1
DATE,2026-09-05T11:41:19.369,1
DATE,2026-09-05T11:42:59.1117,1
DATE,2026-09-05T11:43:07.2494,1
DATE,2026-09-05T11:43:13.9068,1
DATE,2026-09-05T11:43:25.0134,1
DATE,2026-09-05T11:43:35.3672,1
DATE,2026-09-05T11:43:46.4720,1
DATE,2026-09-05T11:43:56.8241,1
DATE,2026-09-05T11:44:08.6506,1
DATE,2026-09-05T11:44:15.3184,1
DATE,2026-09-05T11:44:26.4249,1
DATE,2026-09-05T11:44:57.098,1
DATE,2026-09-05T11:46:38.707,1
DATE,2026-09-05T11:48:19.810,1
DATE,2026-09-05T11:50:00.624,1
DATE,2026-09-05T11:51:41.144,1
DATE,2026-09-05T11:55:41.564,1
DATE,2026-09-05T11:55:56.020,1
DATE,2026-09-05T11:56:14.068,1
DATE,2026-09-05T11:56:32.443,1
DATE,2026-09-05T11:56:50.404,1
DATE,2026-09-05T11:57:51.820,1
DATE,2026-09-05T11:58:12.762,1
DATE,2026-09-05T11:58:37.153,1
DATE,2026-09-05T11:59:01.562,1
DATE,2026-09-05T11:59:24.881,1
DATE,2026-09-05T12:00:08.918,1
DATE,2026-09-05T12:00:30.293,1
DATE,2026-09-05T12:00:52.525,1
DATE,2026-09-05T12:01:15.461,1
DATE,2026-09-05T12:01:37.673,1
DATE,2026-09-05T12:02:21.015,1
DATE,2026-09-05T12:04:13.653,1
DATE,2026-09-05T12:06:05.643,1
DATE,2026-09-05T12:07:54.473,1
DATE,2026-09-05T12:09:46.558,1
DATE,2026-09-05T12:13:54.211,1
DATE,2026-09-05T12:15:15.306,1
DATE,2026-09-05T12:16:39.741,1
DATE,2026-09-05T12:18:04.958,1
DATE,2026-09-05T12:19:30.824,1
DATE,2026-09-05T12:21:51.203,1
DATE,2026-09-05T12:23:30.358,1
DATE,2026-09-05T12:25:06.298,1
DATE,2026-09-05T12:26:45.259,1
DATE,2026-09-05T12:28:21.150,1
DATE,2026-09-05T12:32:11.455,1
DATE,2026-09-05T12:32:44.800,1
DATE,2026-09-05T12:33:19.060,1
DATE,2026-09-05T12:33:52.746,1
DATE,2026-09-05T12:34:23.134,1
DATE,2026-09-05T12:35:52.614,1
DATE,2026-09-05T12:36:41.586,1
DATE,2026-09-05T12:37:29.937,1
DATE,2026-09-05T12:38:18.832,1
DATE,2026-09-05T12:39:07.515,1
DATE,2026-09-05T12:39:57.069,1
DATE,2026-09-05T12:40:46.575,1
DATE,2026-09-05T12:41:35.564,1
DATE,2026-09-05T12:42:24.443,1
DATE,2026-09-05T12:43:13.369,1
DATE,2026-09-05T12:44:01.7961,1
DATE,2026-09-05T12:44:17.3585,1
DATE,2026-09-05T12:44:32.0652,1
DATE,2026-09-05T12:44:47.9224,1
DATE,2026-09-05T12:44:59.4554,1
DATE,2026-09-05T12:45:15.3117,1
DATE,2026-09-05T12:45:29.7236,1
DATE,2026-09-05T12:45:45.2717,1
DATE,2026-09-05T12:45:56.8105,1
DATE,2026-09-05T12:46:12.2521,1
DATE,2026-09-05T12:47:19.081,1
DATE,2026-09-05T12:47:10.113,1
DATE,2026-09-05T12:48:35.4809,1
DATE,2026-09-05T12:48:45.8053,1
DATE,2026-09-05T12:55:31.537,1
DATE,2026-09-05T12:55:40.641,1
DATE,2026-09-05T12:55:52.787,1
DATE,2026-09-05T12:56:06.968,1
DATE,2026-09-05T12:56:27.018,1
DATE,2026-09-05T12:56:46.235,1
DATE,2026-09-05T12:57:10.404,1
DATE,2026-09-05T12:57:34.618,1
DATE,2026-09-05T12:58:03.647,1
DATE,2026-09-05T12:58:32.762,1
DATE,2026-09-05T12:59:06.777,1
DATE,2026-09-05T12:59:41.001,1
DATE,2026-09-05T13:00:20.139,1
DATE,2026-09-05T13:00:59.193,1
DATE,2026-09-05T13:01:43.355,1
DATE,2026-09-05T13:02:27.585,1
DATE,2026-09-05T13:03:14.764,1
DATE,2026-09-05T13:04:03.664,1
DATE,2026-09-05T13:04:57.663,1
DATE,2026-09-05T13:05:51.690,1
DATE,2026-09-05T13:06:50.733,1
DATE,2026-09-05T13:07:47.925,1
DATE,2026-09-05T13:08:51.756,1
DATE,2026-09-05T13:09:53.970,1
DATE,2026-09-05T13:11:01.135,1
DATE,2026-09-05T13:12:08.246,1
DATE,2026-09-05T13:13:20.232,1
DATE,2026-09-05T13:14:34.510,1
DATE,2026-09-05T13:15:53.626,1
DATE,2026-09-05T13:17:12.680,1
DATE,2026-09-05T13:17:18.590,1
DATE,2026-09-05T13:17:21.570,1
DATE,2026-09-05T13:17:23.788,1
DATE,2026-09-05T13:17:25.944,1
DATE,2026-09-05T13:17:28.082,1
DATE,2026-09-05T17:23:45.644,1
DATE,2026-09-05T17:23:51.373,1
DATE,2026-09-05T18:26:28.455,1
DATE,2026-09-05T18:26:34.935,1
DATE,2026-09-05T19:29:11.608,1
DATE,2026-09-05T19:29:17.717,1
DATE,2026-09-05T20:43:16.413,1
DATE,2026-09-05T20:43:16.7982,1
DATE,2026-09-05T20:43:14.228,1
DATE,2026-09-05T20:43:44.853,1
DATE,2026-09-05T20:43:45.3392,1
DATE,2026-09-05T20:43:42.565,1
DATE,2026-09-05T20:46:43.642,1
DATE,2026-09-05T20:49:02.222,1
DATE,2026-09-05T20:50:59.309,1
DATE,2026-09-05T20:53:05.5565,1
DATE,2026-09-05T20:53:24.3779,1
DATE,2026-09-05T22:43:46.082,1
DATE,2026-09-05T22:43:51.150,1
DATE,2026-09-05T22:43:54.151,1
DATE,2026-09-05T22:43:57.160,1
DATE,2026-09-05T22:44:02.127,1
DATE,2026-09-05T22:44:05.088,1
DATE,2026-09-05T22:44:08.016,1
DATE,2026-09-05T22:44:13.119,1
DATE,2026-09-05T22:44:16.079,1
DATE,2026-09-05T22:44:19.076,1
DATE,2026-09-05T22:44:41.187,1
DATE,2026-09-05T22:44:46.087,1
DATE,2026-09-05T22:44:49.077,1
DATE,2026-09-05T22:44:51.966,1
DATE,2026-09-05T22:44:56.973,1
DATE,2026-09-05T22:44:59.863,1
DATE,2026-09-05T22:45:02.799,1
DATE,2026-09-05T22:45:07.646,1
DATE,2026-09-05T22:45:10.540,1
DATE,2026-09-05T22:45:13.461,1
DATE,2026-09-05T22:53:24.001,1
DATE,2026-09-05T22:53:28.665,1
DATE,2026-09-05T22:53:31.389,1
DATE,2026-09-05T22:53:33.962,1
DATE,2026-09-05T22:53:38.767,1
DATE,2026-09-05T22:53:41.558,1
DATE,2026-09-05T22:53:44.302,1
DATE,2026-09-05T22:53:48.650,1
DATE,2026-09-05T22:53:51.391,1
DATE,2026-09-05T22:53:53.959,1
DATE,2026-09-05T22:54:14.417,1
DATE,2026-09-05T22:54:19.721,1
DATE,2026-09-05T22:54:23.001,1
DATE,2026-09-05T22:54:26.293,1
DATE,2026-09-05T22:54:31.508,1
DATE,2026-09-05T22:54:34.789,1
DATE,2026-09-05T22:54:38.150,1
DATE,2026-09-05T22:54:44.209,1
DATE,2026-09-05T22:54:47.490,1
DATE,2026-09-05T22:54:50.779,1
DATE,2026-09-05T22:55:07.225,1
DATE,2026-09-05T22:55:12.748,1
DATE,2026-09-05T22:55:16.270,1
DATE,2026-09-05T22:55:19.756,1
DATE,2026-09-05T22:55:25.167,1
DATE,2026-09-05T22:55:28.703,1
DATE,2026-09-05T22:55:32.197,1
DATE,2026-09-05T22:55:37.720,1
DATE,2026-09-05T22:55:41.234,1
DATE,2026-09-05T22:55:44.718,1
DATE,2026-09-05T22:56:05.914,1
DATE,2026-09-05T22:56:10.529,1
DATE,2026-09-05T22:56:13.387,1
DATE,2026-09-05T22:56:16.069,1
DATE,2026-09-05T22:56:20.854,1
DATE,2026-09-05T22:56:23.637,1
DATE,2026-09-05T22:56:26.470,1
DATE,2026-09-05T22:56:31.250,1
DATE,2026-09-05T22:56:34.068,1
DATE,2026-09-05T22:56:36.874,1
DATE,2026-09-05T22:56:57.904,1
DATE,2026-09-05T22:57:00.756,1
DATE,2026-09-05T22:57:05.505,1
DATE,2026-09-05T22:57:08.439,1
DATE,2026-09-05T22:57:11.135,1
DATE,2026-09-05T22:57:15.977,1
DATE,2026-09-05T22:57:18.829,1
DATE,2026-09-05T22:57:21.710,1
DATE,2026-09-05T22:57:26.590,1
DATE,2026-09-05T22:57:29.435,1
DATE,2026-09-05T22:57:50.361,1
DATE,2026-09-05T22:57:55.392,1
DATE,2026-09-05T22:57:58.341,1
DATE,2026-09-05T22:58:01.331,1
DATE,2026-09-05T22:58:06.445,1
DATE,2026-09-05T22:58:09.334,1
DATE,2026-09-05T22:58:12.332,1
DATE,2026-09-05T22:58:17.343,1
DATE,2026-09-05T22:58:20.293,1
DATE,2026-09-05T22:58:23.341,1
DATE,2026-09-05T22:58:41.361,1
DATE,2026-09-05T22:58:46.411,1
DATE,2026-09-05T22:58:49.220,1
DATE,2026-09-05T22:58:52.224,1
DATE,2026-09-05T22:58:56.942,1
DATE,2026-09-05T22:58:59.901,1
DATE,2026-09-05T22:59:02.936,1
DATE,2026-09-05T22:59:08.060,1
DATE,2026-09-05T22:59:11.151,1
DATE,2026-09-05T22:59:14.243,1
DATE,2026-09-05T22:59:36.587,1
DATE,2026-09-05T22:59:42.646,1
DATE,2026-09-05T22:59:46.695,1
DATE,2026-09-05T22:59:52.769,1
DATE,2026-09-05T22:59:56.842,1
DATE,2026-09-05T23:00:00.854,1
DATE,2026-09-05T23:00:04.917,1
DATE,2026-09-05T23:00:10.354,1
DATE,2026-09-05T23:00:14.258,1
DATE,2026-09-05T23:00:19.996,1
DATE,2026-09-05T23:11:54.831,1
DATE,2026-09-05T23:11:52.301,1
DATE,2026-09-05T23:11:55.5706,1
DATE,2026-09-05T23:12:23.301,1
DATE,2026-09-05T23:12:23.4749,1
DATE,2026-09-05T23:12:20.655,1
DATE,2026-09-05T23:12:40.882,1
DATE,2026-09-05T23:12:41.1988,1
DATE,2026-09-05T23:12:38.484,1
DATE,2026-09-05T23:19:05.612,1
DATE,2026-09-05T23:19:47.095,1
DATE,2026-09-05T23:19:51.1372,1
DATE,2026-09-05T23:23:28.325,1
DATE,2026-09-05T23:24:08.659,1
DATE,2026-09-05T23:24:14.0831,1
DATE,2026-09-06T03:33:10.163,1
DATE,2026-09-06T03:33:07.842,1
DATE,2026-09-06T03:33:10.9617,1
DATE,2026-09-06T03:33:39.362,1
DATE,2026-09-06T03:33:39.5041,1
DATE,2026-09-06T03:33:36.792,1
DATE,2026-09-06T03:33:55.998,1
DATE,2026-09-06T03:33:53.685,1
DATE,2026-09-06T03:33:56.5348,1
DATE,2026-09-06T04:21:51.044,1
DATE,2026-09-06T04:21:47.995,1
DATE,2026-09-06T04:21:50.9485,1
DATE,2026-09-06T04:22:19.627,1
DATE,2026-09-06T04:22:19.4926,1
DATE,2026-09-06T04:22:17.107,1
DATE,2026-09-06T05:08:26.691,1
DATE,2026-09-06T05:08:23.809,1
DATE,2026-09-06T05:08:26.7691,1
DATE,2026-09-06T05:08:55.379,1
DATE,2026-09-06T05:08:55.3260,1
DATE,2026-09-06T05:08:52.918,1
DATE,2026-09-06T05:09:13.180,1
DATE,2026-09-06T05:09:13.0398,1
DATE,2026-09-06T05:09:10.610,1
DATE,2026-09-06T06:07:46.531,1
DATE,2026-09-06T06:07:42.517,1
DATE,2026-09-06T06:07:45.6304,1
DATE,2026-09-06T06:08:13.306,1
DATE,2026-09-06T06:08:13.5332,1
DATE,2026-09-06T06:08:11.305,1
DATE,2026-09-06T06:08:31.686,1
DATE,2026-09-06T06:08:31.8996,1
DATE,2026-09-06T06:08:28.997,1
DATE,2026-09-06T07:53:16.937,1
DATE,2026-09-06T07:53:14.365,1
DATE,2026-09-06T07:53:17.7429,1
DATE,2026-09-06T07:53:45.061,1
DATE,2026-09-06T07:53:45.6074,1
DATE,2026-09-06T07:53:42.561,1
DATE,2026-09-06T07:54:00.961,1
DATE,2026-09-06T07:54:01.2622,1
DATE,2026-09-06T07:53:58.282,1
DATE,2026-09-06T08:00:49.514,1
DATE,2026-09-06T08:00:47.015,1
DATE,2026-09-06T08:00:48.7755,1
DATE,2026-09-06T08:01:18.225,1
DATE,2026-09-06T08:01:18.6943,1
DATE,2026-09-06T08:01:15.924,1
DATE,2026-09-06T08:01:36.176,1
DATE,2026-09-06T08:01:36.4159,1
DATE,2026-09-06T08:01:33.325,1
DATE,2026-09-06T08:03:43.682,1
DATE,2026-09-06T08:04:19.498,1
DATE,2026-09-06T08:12:31.513,1
DATE,2026-09-06T08:13:06.747,1
DATE,2026-09-06T08:13:11.8527,1
DATE,2026-09-06T08:21:38.089,1
DATE,2026-09-06T08:22:13.107,1
DATE,2026-09-06T08:22:18.5840,1
DATE,2026-09-06T08:30:38.317,1
DATE,2026-09-06T08:31:13.750,1
DATE,2026-09-06T08:31:18.0118,1
DATE,2026-09-06T08:39:43.951,1
DATE,2026-09-06T08:40:20.027,1
DATE,2026-09-06T08:40:24.7424,1
DATE,2026-09-06T08:48:46.245,1
DATE,2026-09-06T08:49:21.558,1
DATE,2026-09-06T08:49:26.8174,1
DATE,2026-09-06T08:57:53.380,1
DATE,2026-09-06T08:58:29.583,1
DATE,2026-09-06T08:58:33.5548,1
DATE,2026-09-06T09:02:47.437,1
DATE,2026-09-06T09:02:46.075,1
DATE,2026-09-06T09:02:47.6148,1
DATE,2026-09-06T09:03:17.264,1
DATE,2026-09-06T09:03:17.5410,1
DATE,2026-09-06T09:03:14.616,1
DATE,2026-09-06T09:03:34.576,1
DATE,2026-09-06T09:03:34.5869,1
DATE,2026-09-06T09:03:31.916,1
DATE,2026-09-06T10:01:15.435,1
DATE,2026-09-06T10:01:17.577,1
DATE,2026-09-06T10:01:19.725,1
DATE,2026-09-06T10:01:21.838,1
DATE,2026-09-06T10:01:24.015,1
DATE,2026-09-06T10:01:28.178,1
DATE,2026-09-06T10:01:30.325,1
DATE,2026-09-06T10:01:32.517,1
DATE,2026-09-06T10:01:34.685,1
DATE,2026-09-06T10:01:38.926,1
DATE,2026-09-06T10:01:44.744,1
DATE,2026-09-06T10:03:00.056,1
DATE,2026-09-06T10:04:33.873,1
DATE,2026-09-06T10:05:49.141,1
DATE,2026-09-06T10:07:26.067,1
DATE,2026-09-06T10:08:41.984,1
DATE,2026-09-06T10:10:18.081,1
DATE,2026-09-06T10:11:33.058,1
DATE,2026-09-06T10:12:09.6212,1
DATE,2026-09-06T10:12:25.6699,1
DATE,2026-09-06T10:12:41.7255,1
DATE,2026-09-06T10:13:07.035,1
DATE,2026-09-06T10:14:22.138,1
DATE,2026-09-06T10:15:59.064,1
DATE,2026-09-06T10:16:42.160,1
DATE,2026-09-06T10:17:35.035,1
DATE,2026-09-06T10:18:18.948,1
DATE,2026-09-06T10:19:12.033,1
DATE,2026-09-06T10:19:55.046,1
DATE,2026-09-06T10:20:48.151,1
DATE,2026-09-06T10:21:30.824,1
DATE,2026-09-06T10:22:24.148,1
DATE,2026-09-06T10:23:07.053,1
DATE,2026-09-06T10:24:00.029,1
DATE,2026-09-06T10:24:26.142,1
DATE,2026-09-06T10:24:59.043,1
DATE,2026-09-06T10:25:25.032,1
DATE,2026-09-06T10:25:57.134,1
DATE,2026-09-06T10:26:24.027,1
DATE,2026-09-06T10:26:52.768,1
DATE,2026-09-06T10:27:19.004,1
DATE,2026-09-06T10:27:51.097,1
DATE,2026-09-06T10:28:17.999,1
DATE,2026-09-06T10:28:50.098,1
DATE,2026-09-06T10:29:14.282,1
DATE,2026-09-06T10:29:43.215,1
DATE,2026-09-06T10:30:07.219,1
DATE,2026-09-06T10:30:36.120,1
DATE,2026-09-06T10:30:57.072,1
DATE,2026-09-06T10:31:26.186,1
DATE,2026-09-06T10:31:50.081,1
DATE,2026-09-06T10:32:19.193,1
DATE,2026-09-06T10:32:43.220,1
DATE,2026-09-06T10:33:08.936,1
DATE,2026-09-06T10:33:25.201,1
DATE,2026-09-06T10:33:44.072,1
DATE,2026-09-06T10:34:00.084,1
DATE,2026-09-06T10:34:15.844,1
DATE,2026-09-06T10:34:32.087,1
DATE,2026-09-06T10:34:51.088,1
DATE,2026-09-06T10:35:07.963,1
DATE,2026-09-06T10:35:27.163,1
DATE,2026-09-06T10:35:43.065,1
DATE,2026-09-06T10:36:02.050,1
DATE,2026-09-06T10:36:15.043,1
DATE,2026-09-06T10:36:29.148,1
DATE,2026-09-06T10:36:42.029,1
DATE,2026-09-06T10:36:56.150,1
DATE,2026-09-06T10:37:09.062,1
DATE,2026-09-06T10:37:20.033,1
DATE,2026-09-06T10:37:33.042,1
DATE,2026-09-06T10:37:47.143,1
DATE,2026-09-06T10:38:00.045,1
DATE,2026-09-06T10:40:22.2400,1
DATE,2026-09-06T10:42:36.1361,1
DATE,2026-09-06T10:44:46.6833,1
DATE,2026-09-06T10:54:52.9335,1
DATE,2026-09-06T11:05:01.6888,1
DATE,2026-09-06T11:15:07.1242,1
DATE,2026-09-06T11:15:29.8482,1
DATE,2026-09-06T11:15:51.2230,1
DATE,2026-09-06T11:16:12.5908,1
DATE,2026-09-06T11:24:22.3534,1
DATE,2026-09-06T11:32:27.8446,1
DATE,2026-09-06T11:40:36.0047,1
DATE,2026-09-06T11:41:14.392,1
DATE,2026-09-06T11:41:13.7129,1
DATE,2026-09-06T11:41:11.942,1
DATE,2026-09-06T11:41:43.131,1
DATE,2026-09-06T11:41:40.935,1
DATE,2026-09-06T11:41:42.9356,1
DATE,2026-09-06T11:42:00.616,1
DATE,2026-09-06T11:41:58.318,1
DATE,2026-09-06T11:42:00.6441,1
DATE,2026-09-06T11:44:59.688,1
DATE,2026-09-06T11:47:18.177,1
DATE,2026-09-06T11:49:14.584,1
DATE,2026-09-06T11:51:20.1548,1
DATE,2026-09-06T11:51:41.7109,1
DATE,2026-09-06T11:54:42.584,1
DATE,2026-09-06T11:55:28.913,1
DATE,2026-09-06T11:56:17.145,1
DATE,2026-09-06T11:57:03.956,1
DATE,2026-09-06T11:57:51.130,1
DATE,2026-09-06T11:59:19.460,1
DATE,2026-09-06T12:00:10.137,1
DATE,2026-09-06T12:01:00.858,1
DATE,2026-09-06T12:01:47.489,1
DATE,2026-09-06T12:02:38.073,1
DATE,2026-09-06T12:03:37.235,1
DATE,2026-09-06T12:04:38.910,1
DATE,2026-09-06T12:05:40.065,1
DATE,2026-09-06T12:06:40.899,1
DATE,2026-09-06T12:07:41.644,1
DATE,2026-09-06T12:09:04.0620,1
DATE,2026-09-06T12:09:29.0198,1
DATE,2026-09-06T12:09:56.6589,1
DATE,2026-09-06T12:10:25.6282,1
DATE,2026-09-06T12:10:53.6767,1
DATE,2026-09-06T12:11:22.2365,1
DATE,2026-09-06T12:11:49.8750,1
DATE,2026-09-06T12:12:18.1758,1
DATE,2026-09-06T12:12:42.7128,1
DATE,2026-09-06T12:13:10.7748,1
DATE,2026-09-06T12:14:22.168,1
DATE,2026-09-06T12:15:46.846,1
DATE,2026-09-06T12:17:11.112,1
DATE,2026-09-06T12:18:32.974,1
DATE,2026-09-06T12:19:57.746,1
DATE,2026-09-06T12:22:43.200,1
DATE,2026-09-06T12:23:00.624,1
DATE,2026-09-06T12:23:18.005,1
DATE,2026-09-06T12:23:35.849,1
DATE,2026-09-06T12:23:53.866,1
DATE,2026-09-06T12:24:53.821,1
DATE,2026-09-06T12:25:13.016,1
DATE,2026-09-06T12:25:35.468,1
DATE,2026-09-06T12:25:57.474,1
DATE,2026-09-06T12:26:16.227,1
DATE,2026-09-06T12:28:52.129,1
DATE,2026-09-06T12:29:28.365,1
DATE,2026-09-06T12:30:04.214,1
DATE,2026-09-06T12:30:37.192,1
DATE,2026-09-06T12:31:13.313,1
DATE,2026-09-06T12:32:49.350,1
DATE,2026-09-06T12:33:44.391,1
DATE,2026-09-06T12:34:39.031,1
DATE,2026-09-06T12:35:34.579,1
DATE,2026-09-06T12:36:29.474,1
DATE,2026-09-06T12:37:21.470,1
DATE,2026-09-06T12:38:13.614,1
DATE,2026-09-06T12:39:08.398,1
DATE,2026-09-06T12:40:03.097,1
DATE,2026-09-06T12:40:58.117,1
DATE,2026-09-06T12:41:54.3198,1
DATE,2026-09-06T12:42:12.8730,1
DATE,2026-09-06T12:42:29.9204,1
DATE,2026-09-06T12:42:48.0643,1
DATE,2026-09-06T12:43:04.8283,1
DATE,2026-09-06T12:43:19.5070,1
DATE,2026-09-06T12:43:36.2704,1
DATE,2026-09-06T12:43:54.4165,1
DATE,2026-09-06T12:44:11.1784,1
DATE,2026-09-06T12:44:26.0624,1
DATE,2026-09-06T12:45:02.0864,1
DATE,2026-09-06T12:45:21.3321,1
DATE,2026-09-06T12:45:38.3804,1
DATE,2026-09-06T12:45:56.9335,1
DATE,2026-09-06T12:46:13.9815,1
DATE,2026-09-06T12:46:31.4318,1
DATE,2026-09-06T12:46:48.1941,1
DATE,2026-09-06T12:47:06.3367,1
DATE,2026-09-06T12:47:23.5566,1
DATE,2026-09-06T12:47:38.4703,1
DATE,2026-09-06T12:48:48.745,1
DATE,2026-09-06T12:48:38.471,1
DATE,2026-09-06T12:50:04.8108,1
DATE,2026-09-06T12:50:15.9417,1
DATE,2026-09-06T12:50:44.5744,1
DATE,2026-09-06T12:50:54.8934,1
DATE,2026-09-06T14:50:08.485,1
DATE,2026-09-06T14:50:13.558,1
DATE,2026-09-06T15:50:52.204,1
DATE,2026-09-06T15:50:58.576,1
DATE,2026-09-06T16:51:36.081,1
DATE,2026-09-06T16:51:42.373,1
DATE,2026-09-06T19:35:17.766,1
DATE,2026-09-06T19:35:18.4029,1
DATE,2026-09-06T19:35:15.695,1
DATE,2026-09-06T19:35:46.521,1
DATE,2026-09-06T19:35:46.9016,1
DATE,2026-09-06T19:35:44.213,1
DATE,2026-09-06T19:38:46.565,1
DATE,2026-09-06T19:41:05.540,1
DATE,2026-09-06T19:42:59.678,1
DATE,2026-09-06T19:45:05.8459,1
DATE,2026-09-06T19:45:28.0703,1
DATE,2026-09-07T10:05:28.678,1
DATE,2026-09-07T10:05:30.801,1
DATE,2026-09-07T10:05:34.893,1
DATE,2026-09-07T10:05:37.112,1
DATE,2026-09-07T10:05:39.247,1
DATE,2026-09-07T10:05:41.432,1
DATE,2026-09-07T10:05:45.446,1
DATE,2026-09-07T10:05:47.497,1
DATE,2026-09-07T10:05:49.527,1
DATE,2026-09-07T10:05:51.502,1
DATE,2026-09-07T10:05:59.228,1
DATE,2026-09-07T10:07:14.555,1
DATE,2026-09-07T10:08:51.481,1
DATE,2026-09-07T10:10:06.589,1
DATE,2026-09-07T10:11:44.385,1
DATE,2026-09-07T10:12:56.472,1
DATE,2026-09-07T10:14:33.567,1
DATE,2026-09-07T10:15:48.595,1
DATE,2026-09-07T10:16:21.4035,1
DATE,2026-09-07T10:16:37.4624,1
DATE,2026-09-07T10:16:53.5221,1
DATE,2026-09-07T10:17:25.462,1
DATE,2026-09-07T10:18:40.580,1
DATE,2026-09-07T10:20:18.350,1
DATE,2026-09-07T10:21:00.566,1
DATE,2026-09-07T10:21:53.450,1
DATE,2026-09-07T10:22:33.204,1
DATE,2026-09-07T10:23:26.438,1
DATE,2026-09-07T10:24:09.552,1
DATE,2026-09-07T10:25:02.447,1
DATE,2026-09-07T10:25:42.389,1
DATE,2026-09-07T10:26:35.443,1
DATE,2026-09-07T10:27:18.556,1
DATE,2026-09-07T10:28:11.543,1
DATE,2026-09-07T10:28:38.466,1
DATE,2026-09-07T10:29:10.454,1
DATE,2026-09-07T10:29:36.427,1
DATE,2026-09-07T10:30:05.218,1
DATE,2026-09-07T10:30:31.540,1
DATE,2026-09-07T10:31:04.184,1
DATE,2026-09-07T10:31:30.444,1
DATE,2026-09-07T10:32:02.538,1
DATE,2026-09-07T10:32:29.530,1
DATE,2026-09-07T10:33:02.614,1
DATE,2026-09-07T10:33:26.689,1
DATE,2026-09-07T10:33:55.619,1
DATE,2026-09-07T10:34:19.545,1
DATE,2026-09-07T10:34:48.625,1
DATE,2026-09-07T10:35:09.526,1
DATE,2026-09-07T10:35:38.539,1
DATE,2026-09-07T10:36:02.643,1
DATE,2026-09-07T10:36:31.524,1
DATE,2026-09-07T10:36:55.635,1
DATE,2026-09-07T10:37:21.351,1
DATE,2026-09-07T10:37:37.506,1
DATE,2026-09-07T10:37:56.487,1
DATE,2026-09-07T10:38:12.628,1
DATE,2026-09-07T10:38:28.319,1
DATE,2026-09-07T10:38:44.601,1
DATE,2026-09-07T10:39:03.592,1
DATE,2026-09-07T10:39:20.404,1
DATE,2026-09-07T10:39:39.605,1
DATE,2026-09-07T10:39:55.617,1
DATE,2026-09-07T10:40:14.590,1
DATE,2026-09-07T10:40:27.613,1
DATE,2026-09-07T10:40:41.489,1
DATE,2026-09-07T10:40:54.589,1
DATE,2026-09-07T10:41:08.481,1
DATE,2026-09-07T10:41:21.492,1
DATE,2026-09-07T10:41:32.443,1
DATE,2026-09-07T10:41:45.604,1
DATE,2026-09-07T10:41:59.495,1
DATE,2026-09-07T10:42:12.487,1
DATE,2026-09-07T10:42:49.758,1
DATE,2026-09-07T10:42:49.7277,1
DATE,2026-09-07T10:42:47.404,1
DATE,2026-09-07T10:43:18.262,1
DATE,2026-09-07T10:43:18.3762,1
DATE,2026-09-07T10:43:16.112,1
DATE,2026-09-07T10:43:35.392,1
DATE,2026-09-07T10:43:35.3560,1
DATE,2026-09-07T10:43:33.506,1
DATE,2026-09-07T10:46:35.396,1
DATE,2026-09-07T10:48:55.465,1
DATE,2026-09-07T10:50:50.165,1
DATE,2026-09-07T10:52:54.8495,1
DATE,2026-09-07T10:53:16.4068,1
DATE,2026-09-07T10:54:42.336,1
DATE,2026-09-07T10:54:22.895,1
DATE,2026-09-07T10:56:46.3667,1
DATE,2026-09-07T10:57:51.4641,1
DATE,2026-09-07T11:00:37.469,1
DATE,2026-09-07T11:02:29.170,1
DATE,2026-09-07T11:03:57.041,1
DATE,2026-09-07T11:04:46.7889,1
DATE,2026-09-07T11:04:59.1225,1
DATE,2026-09-07T11:06:03.331,1
DATE,2026-09-07T11:06:03.891,1
DATE,2026-09-07T11:07:48.2604,1
DATE,2026-09-07T11:08:17.0367,1
DATE,2026-09-07T11:11:00.504,1
DATE,2026-09-07T11:11:36.098,1
DATE,2026-09-07T11:12:13.925,1
DATE,2026-09-07T11:12:51.999,1
DATE,2026-09-07T11:13:30.023,1
DATE,2026-09-07T11:15:12.845,1
DATE,2026-09-07T11:16:14.870,1
DATE,2026-09-07T11:17:13.985,1
DATE,2026-09-07T11:18:15.780,1
DATE,2026-09-07T11:19:18.275,1
DATE,2026-09-07T11:20:22.521,1
DATE,2026-09-07T11:21:23.546,1
DATE,2026-09-07T11:22:25.141,1
DATE,2026-09-07T11:23:25.945,1
DATE,2026-09-07T11:24:29.871,1
DATE,2026-09-07T11:25:24.9315,1
DATE,2026-09-07T11:25:47.2340,1
DATE,2026-09-07T11:26:09.5438,1
DATE,2026-09-07T11:26:31.8505,1
DATE,2026-09-07T11:26:52.7712,1
DATE,2026-09-07T11:27:15.7688,1
DATE,2026-09-07T11:27:36.6895,1
DATE,2026-09-07T11:27:58.9934,1
DATE,2026-09-07T11:28:17.1444,1
DATE,2026-09-07T11:28:39.4470,1
DATE,2026-09-07T11:29:16.3409,1
DATE,2026-09-07T11:29:38.6445,1
DATE,2026-09-07T11:29:59.5665,1
DATE,2026-09-07T11:30:22.5637,1
DATE,2026-09-07T11:30:43.4883,1
DATE,2026-09-07T11:31:05.7939,1
DATE,2026-09-07T11:31:23.9432,1
DATE,2026-09-07T11:31:46.2461,1
DATE,2026-09-07T11:32:07.1687,1
DATE,2026-09-07T11:32:29.4751,1
DATE,2026-09-07T11:33:44.736,1
DATE,2026-09-07T11:33:32.849,1
DATE,2026-09-07T11:35:00.9160,1
DATE,2026-09-07T11:35:13.7668,1
DATE,2026-09-07T11:35:42.5564,1
DATE,2026-09-07T11:35:54.9621,1
DATE,2026-09-07T19:49:38.866,1
DATE,2026-09-07T19:49:39.4023,1
DATE,2026-09-07T19:49:36.433,1
DATE,2026-09-07T19:50:07.834,1
DATE,2026-09-07T19:50:07.5178,1
DATE,2026-09-07T19:50:05.303,1
DATE,2026-09-07T19:50:24.935,1
DATE,2026-09-07T19:50:24.9191,1
DATE,2026-09-07T19:50:22.656,1
DATE,2026-09-07T19:53:25.109,1
DATE,2026-09-07T19:55:42.924,1
DATE,2026-09-07T19:57:40.352,1
DATE,2026-09-07T19:59:45.5766,1
DATE,2026-09-07T20:00:07.8651,1
DATE,2026-09-07T23:25:07.881,1
DATE,2026-09-07T23:26:44.484,1
DATE,2026-09-07T23:28:26.674,1
DATE,2026-09-07T23:30:07.683,1
DATE,2026-09-07T23:31:50.016,1
DATE,2026-09-07T23:33:31.922,1
DATE,2026-09-07T23:35:14.989,1
DATE,2026-09-07T23:36:58.007,1
DATE,2026-09-07T23:38:43.595,1
DATE,2026-09-07T23:40:29.081,1
DATE,2026-09-07T23:42:13.920,1
DATE,2026-09-07T23:43:58.875,1
DATE,2026-09-07T23:45:45.293,1
DATE,2026-09-07T23:47:31.242,1
DATE,2026-09-07T23:49:15.365,1
DATE,2026-09-07T23:51:02.488,1
DATE,2026-09-07T23:52:50.527,1
DATE,2026-09-07T23:54:35.126,1
DATE,2026-09-07T23:56:24.678,1
DATE,2026-09-07T23:58:14.862,1
DATE,2026-09-08T00:00:03.611,1
DATE,2026-09-08T00:01:54.575,1
DATE,2026-09-08T00:03:46.864,1
DATE,2026-09-08T00:05:38.675,1
DATE,2026-09-08T00:07:28.590,1
DATE,2026-09-08T00:09:21.762,1
DATE,2026-09-08T00:11:16.561,1
DATE,2026-09-08T00:13:10.677,1
DATE,2026-09-08T00:15:02.675,1
DATE,2026-09-08T00:16:58.237,1
DATE,2026-09-08T00:18:54.267,1
DATE,2026-09-08T00:20:50.269,1
DATE,2026-09-08T00:22:26.733,1
DATE,2026-09-08T00:24:03.640,1
DATE,2026-09-08T00:25:40.628,1
DATE,2026-09-08T00:27:17.753,1
DATE,2026-09-08T00:28:54.724,1
DATE,2026-09-08T00:32:03.600,1
DATE,2026-09-08T00:32:30.699,1
DATE,2026-09-08T00:33:01.762,1
DATE,2026-09-08T00:33:35.755,1
DATE,2026-09-08T00:34:14.109,1
DATE,2026-09-08T00:34:54.912,1
DATE,2026-09-08T00:35:42.868,1
DATE,2026-09-08T00:36:27.634,1
DATE,2026-09-08T00:37:23.035,1
DATE,2026-09-08T00:38:17.790,1
DATE,2026-09-08T00:39:20.033,1
DATE,2026-09-08T00:40:22.250,1
DATE,2026-09-08T00:41:31.208,1
DATE,2026-09-08T00:42:40.203,1
DATE,2026-09-08T00:43:56.056,1
DATE,2026-09-08T00:45:11.874,1
DATE,2026-09-08T00:46:35.679,1
DATE,2026-09-08T00:47:58.678,1
DATE,2026-09-08T00:49:28.844,1
DATE,2026-09-08T00:50:58.752,1
DATE,2026-09-08T00:52:35.882,1
DATE,2026-09-08T00:54:12.768,1
DATE,2026-09-08T00:55:57.066,1
DATE,2026-09-08T00:57:37.804,1
DATE,2026-09-08T00:59:28.861,1
DATE,2026-09-08T01:01:19.970,1
DATE,2026-09-08T01:03:17.408,1
DATE,2026-09-08T01:05:14.458,1
DATE,2026-09-08T01:07:20.619,1
DATE,2026-09-08T01:09:22.708,1
DATE,2026-09-08T01:11:34.740,1
DATE,2026-09-08T01:13:46.673,1
DATE,2026-09-08T01:14:11.471,1
DATE,2026-09-08T01:14:35.754,1
DATE,2026-09-08T01:14:59.765,1
DATE,2026-09-08T01:15:20.647,1
DATE,2026-09-08T01:15:44.679,1
DATE,2026-09-08T01:16:56.129,1
DATE,2026-09-08T01:17:11.485,1
DATE,2026-09-08T01:17:29.556,1
DATE,2026-09-08T01:17:46.868,1
DATE,2026-09-08T01:18:05.250,1
DATE,2026-09-08T01:18:23.600,1
DATE,2026-09-08T01:18:40.832,1
DATE,2026-09-08T01:19:00.971,1
DATE,2026-09-08T01:19:22.471,1
DATE,2026-09-08T01:19:44.473,1
DATE,2026-09-08T01:20:08.180,1
DATE,2026-09-08T01:20:30.860,1
DATE,2026-09-08T01:20:52.164,1
DATE,2026-09-08T01:21:16.192,1
DATE,2026-09-08T01:21:42.017,1
DATE,2026-09-08T01:22:07.916,1
DATE,2026-09-08T01:22:35.221,1
DATE,2026-09-08T01:22:59.369,1
DATE,2026-09-08T01:23:28.085,1
DATE,2026-09-08T01:23:56.747,1
DATE,2026-09-08T01:24:27.548,1
DATE,2026-09-08T01:24:58.063,1
DATE,2026-09-08T01:25:29.775,1
DATE,2026-09-08T01:26:01.648,1
DATE,2026-09-08T01:26:35.496,1
DATE,2026-09-08T01:27:09.653,1
DATE,2026-09-08T01:27:44.655,1
DATE,2026-09-08T01:28:19.914,1
DATE,2026-09-08T01:28:56.212,1
DATE,2026-09-08T01:29:32.126,1
DATE,2026-09-08T01:30:09.969,1
DATE,2026-09-08T01:30:47.516,1
DATE,2026-09-08T01:31:00.679,1
DATE,2026-09-08T01:31:13.741,1
DATE,2026-09-08T01:31:26.632,1
DATE,2026-09-08T01:31:39.653,1
DATE,2026-09-08T01:31:52.663,1
DATE,2026-09-08T01:32:51.616,1
DATE,2026-09-08T01:33:10.262,1
DATE,2026-09-08T01:33:29.539,1
DATE,2026-09-08T01:33:51.865,1
DATE,2026-09-08T01:34:18.209,1
DATE,2026-09-08T01:34:40.851,1
DATE,2026-09-08T01:35:10.843,1
DATE,2026-09-08T01:35:40.743,1
DATE,2026-09-08T01:36:13.579,1
DATE,2026-09-08T01:36:46.161,1
DATE,2026-09-08T01:37:23.393,1
DATE,2026-09-08T01:37:56.571,1
DATE,2026-09-08T01:38:36.539,1
DATE,2026-09-08T01:39:16.263,1
DATE,2026-09-08T01:40:00.716,1
DATE,2026-09-08T01:40:44.009,1
DATE,2026-09-08T01:41:31.081,1
DATE,2026-09-08T01:42:17.810,1
DATE,2026-09-08T01:43:09.031,1
DATE,2026-09-08T01:43:59.910,1
DATE,2026-09-08T01:44:54.446,1
DATE,2026-09-08T01:45:48.333,1
DATE,2026-09-08T01:46:42.955,1
DATE,2026-09-08T01:47:43.039,1
DATE,2026-09-08T01:48:45.448,1
DATE,2026-09-08T01:49:46.532,1
DATE,2026-09-08T01:50:50.966,1
DATE,2026-09-08T01:51:52.653,1
DATE,2026-09-08T01:53:00.609,1
DATE,2026-09-08T01:54:04.983,1
DATE,2026-09-08T01:55:13.477,1
DATE,2026-09-08T01:56:24.684,1
DATE,2026-09-08T01:56:40.754,1
DATE,2026-09-08T01:56:56.746,1
DATE,2026-09-08T01:57:12.647,1
DATE,2026-09-08T01:57:25.628,1
DATE,2026-09-08T01:57:41.740,1
DATE,2026-09-08T03:06:52.038,1
DATE,2026-09-08T03:07:13.931,1
DATE,2026-09-08T03:07:36.819,1
DATE,2026-09-08T03:08:00.406,1
DATE,2026-09-08T03:08:25.299,1
DATE,2026-09-08T03:08:49.390,1
DATE,2026-09-08T03:09:12.152,1
DATE,2026-09-08T03:09:37.355,1
DATE,2026-09-08T03:10:04.000,1
DATE,2026-09-08T03:10:30.682,1
DATE,2026-09-08T03:10:59.353,1
DATE,2026-09-08T03:11:25.646,1
DATE,2026-09-08T03:11:55.407,1
DATE,2026-09-08T03:12:25.611,1
DATE,2026-09-08T03:12:56.994,1
DATE,2026-09-08T03:13:28.235,1
DATE,2026-09-08T03:14:00.350,1
DATE,2026-09-08T03:14:32.712,1
DATE,2026-09-08T03:15:06.780,1
DATE,2026-09-08T03:15:37.386,1
DATE,2026-09-08T03:16:12.838,1
DATE,2026-09-08T03:16:44.663,1
DATE,2026-09-08T03:17:21.375,1
DATE,2026-09-08T03:17:58.607,1
DATE,2026-09-08T03:18:36.462,1
DATE,2026-09-08T03:19:14.650,1
DATE,2026-09-08T03:19:54.497,1
DATE,2026-09-08T03:20:33.831,1
DATE,2026-09-08T03:21:14.065,1
DATE,2026-09-08T03:21:54.498,1
DATE,2026-09-08T03:22:36.952,1
DATE,2026-09-08T03:23:15.527,1
DATE,2026-09-08T03:23:34.754,1
DATE,2026-09-08T03:23:50.636,1
DATE,2026-09-08T03:24:09.657,1
DATE,2026-09-08T03:24:28.639,1
DATE,2026-09-08T03:24:48.450,1
DATE,2026-09-08T03:25:52.773,1
DATE,2026-09-08T03:26:06.377,1
DATE,2026-09-08T03:26:23.015,1
DATE,2026-09-08T03:26:40.246,1
DATE,2026-09-08T03:26:58.847,1
DATE,2026-09-08T03:27:17.149,1
DATE,2026-09-08T03:27:35.704,1
DATE,2026-09-08T03:27:55.272,1
DATE,2026-09-08T03:28:11.578,1
DATE,2026-09-08T03:28:31.005,1
DATE,2026-09-08T03:28:51.768,1
DATE,2026-09-08T03:29:12.648,1
DATE,2026-09-08T03:29:34.459,1
DATE,2026-09-08T03:29:55.531,1
DATE,2026-09-08T03:30:16.863,1
DATE,2026-09-08T03:30:39.445,1
DATE,2026-09-08T03:31:02.287,1
DATE,2026-09-08T03:31:23.699,1
DATE,2026-09-08T03:31:48.221,1
DATE,2026-09-08T03:32:12.202,1
DATE,2026-09-08T03:32:36.634,1
DATE,2026-09-08T03:32:58.408,1
DATE,2026-09-08T03:33:24.311,1
DATE,2026-09-08T03:33:50.053,1
DATE,2026-09-08T03:34:16.342,1
DATE,2026-09-08T03:34:39.296,1
DATE,2026-09-08T03:35:06.426,1
DATE,2026-09-08T03:35:34.290,1
DATE,2026-09-08T03:36:02.221,1
DATE,2026-09-08T03:36:30.463,1
DATE,2026-09-08T03:36:59.195,1
DATE,2026-09-08T03:37:28.197,1
DATE,2026-09-08T03:37:38.382,1
DATE,2026-09-08T03:37:51.680,1
DATE,2026-09-08T03:38:05.633,1
DATE,2026-09-08T03:38:18.744,1
DATE,2026-09-08T03:38:33.425,1
DATE,2026-09-08T08:20:55.517,1
DATE,2026-09-08T08:20:57.616,1
DATE,2026-09-08T08:20:59.594,1
DATE,2026-09-08T08:21:01.602,1
DATE,2026-09-08T08:21:03.596,1
DATE,2026-09-08T08:21:07.778,1
DATE,2026-09-08T08:21:09.999,1
DATE,2026-09-08T08:21:12.177,1
DATE,2026-09-08T08:21:14.390,1
DATE,2026-09-08T08:21:18.594,1
DATE,2026-09-08T08:21:24.301,1
DATE,2026-09-08T08:22:39.749,1
DATE,2026-09-08T08:24:13.595,1
DATE,2026-09-08T08:25:28.743,1
DATE,2026-09-08T08:27:05.750,1
DATE,2026-09-08T08:28:21.557,1
DATE,2026-09-08T08:29:57.684,1
DATE,2026-09-08T08:31:12.761,1
DATE,2026-09-08T08:31:49.2462,1
DATE,2026-09-08T08:32:05.3080,1
DATE,2026-09-08T08:32:21.3707,1
DATE,2026-09-08T08:32:46.637,1
DATE,2026-09-08T08:34:01.665,1
DATE,2026-09-08T08:35:38.624,1
DATE,2026-09-08T08:36:21.732,1
DATE,2026-09-08T08:37:14.725,1
DATE,2026-09-08T08:37:58.519,1
DATE,2026-09-08T08:38:51.729,1
DATE,2026-09-08T08:39:34.617,1
DATE,2026-09-08T08:40:27.650,1
DATE,2026-09-08T08:41:10.695,1
DATE,2026-09-08T08:42:03.728,1
DATE,2026-09-08T08:42:46.733,1
DATE,2026-09-08T08:43:39.618,1
DATE,2026-09-08T08:44:05.612,1
DATE,2026-09-08T08:44:37.699,1
DATE,2026-09-08T08:45:04.712,1
DATE,2026-09-08T08:45:37.424,1
DATE,2026-09-08T08:46:03.617,1
DATE,2026-09-08T08:46:32.578,1
DATE,2026-09-08T08:46:58.739,1
DATE,2026-09-08T08:47:32.441,1
DATE,2026-09-08T08:47:58.734,1
DATE,2026-09-08T08:48:30.625,1
DATE,2026-09-08T08:48:54.806,1
DATE,2026-09-08T08:49:23.697,1
DATE,2026-09-08T08:49:44.462,1
DATE,2026-09-08T08:50:12.827,1
DATE,2026-09-08T08:50:37.649,1
DATE,2026-09-08T08:51:06.806,1
DATE,2026-09-08T08:51:30.811,1
DATE,2026-09-08T08:51:59.697,1
DATE,2026-09-08T08:52:23.704,1
DATE,2026-09-08T08:52:49.659,1
DATE,2026-09-08T08:53:05.702,1
DATE,2026-09-08T08:53:24.663,1
DATE,2026-09-08T08:53:40.674,1
DATE,2026-09-08T08:53:56.656,1
DATE,2026-09-08T08:54:12.696,1
DATE,2026-09-08T08:54:31.778,1
DATE,2026-09-08T08:54:47.779,1
DATE,2026-09-08T08:55:03.472,1
DATE,2026-09-08T08:55:19.682,1
DATE,2026-09-08T08:55:38.656,1
DATE,2026-09-08T08:55:51.669,1
DATE,2026-09-08T08:56:02.655,1
DATE,2026-09-08T08:56:15.675,1
DATE,2026-09-08T08:56:29.786,1
DATE,2026-09-08T08:56:42.768,1
DATE,2026-09-08T08:56:56.759,1
DATE,2026-09-08T08:57:06.609,1
DATE,2026-09-08T08:57:19.770,1
DATE,2026-09-08T08:57:32.662,1
DATE,2026-09-08T08:58:10.084,1
DATE,2026-09-08T08:58:09.9229,1
DATE,2026-09-08T08:58:07.503,1
DATE,2026-09-08T08:58:38.784,1
DATE,2026-09-08T08:58:38.4766,1
DATE,2026-09-08T08:58:36.083,1
DATE,2026-09-08T09:01:37.307,1
DATE,2026-09-08T09:03:55.662,1
DATE,2026-09-08T09:05:53.701,1
DATE,2026-09-08T09:07:59.5550,1
DATE,2026-09-08T09:08:21.1116,1
DATE,2026-09-08T09:11:39.749,1
DATE,2026-09-08T09:12:25.815,1
DATE,2026-09-08T09:13:11.909,1
DATE,2026-09-08T09:13:57.580,1
DATE,2026-09-08T09:14:43.569,1
DATE,2026-09-08T09:16:49.642,1
DATE,2026-09-08T09:18:14.643,1
DATE,2026-09-08T09:19:39.001,1
DATE,2026-09-08T09:21:03.300,1
DATE,2026-09-08T09:22:28.259,1
DATE,2026-09-08T09:23:55.784,1
DATE,2026-09-08T09:25:20.595,1
DATE,2026-09-08T09:26:46.821,1
DATE,2026-09-08T09:28:11.566,1
DATE,2026-09-08T09:29:36.762,1
DATE,2026-09-08T09:30:35.2118,1
DATE,2026-09-08T09:31:03.5101,1
DATE,2026-09-08T09:31:31.1489,1
DATE,2026-09-08T09:31:59.4503,1
DATE,2026-09-08T09:32:27.0894,1
DATE,2026-09-08T09:32:55.3901,1
DATE,2026-09-08T09:33:23.0272,1
DATE,2026-09-08T09:33:51.3297,1
DATE,2026-09-08T09:34:18.9696,1
DATE,2026-09-08T09:34:43.9289,1
DATE,2026-09-08T09:36:15.139,1
DATE,2026-09-08T09:35:47.484,1
DATE,2026-09-08T09:37:22.4028,1
DATE,2026-09-08T09:37:35.9140,1
DATE,2026-09-08T20:32:21.919,1
DATE,2026-09-08T20:32:22.3635,1
DATE,2026-09-08T20:32:19.516,1
DATE,2026-09-08T20:32:50.669,1
DATE,2026-09-08T20:32:50.9982,1
DATE,2026-09-08T20:32:48.432,1
DATE,2026-09-08T20:35:51.247,1
DATE,2026-09-08T20:38:09.391,1
DATE,2026-09-08T20:40:06.563,1
DATE,2026-09-08T20:42:13.2120,1
DATE,2026-09-08T20:42:35.4581,1
DATE,2026-09-09T05:43:38.529,1
DATE,2026-09-09T05:43:36.111,1
DATE,2026-09-09T05:43:37.6133,1
DATE,2026-09-09T05:44:07.735,1
DATE,2026-09-09T05:44:08.2307,1
DATE,2026-09-09T05:44:05.258,1
DATE,2026-09-09T05:44:26.441,1
DATE,2026-09-09T05:44:24.091,1
DATE,2026-09-09T05:44:27.2827,1
DATE,2026-09-09T05:48:39.975,1
DATE,2026-09-09T05:49:20.128,1
DATE,2026-09-09T05:49:25.0892,1
DATE,2026-09-09T05:53:01.413,1
DATE,2026-09-09T05:53:41.708,1
DATE,2026-09-09T05:53:46.6971,1
DATE,2026-09-09T05:59:48.313,1
DATE,2026-09-09T05:59:44.913,1
DATE,2026-09-09T05:59:48.1217,1
DATE,2026-09-09T06:00:15.602,1
DATE,2026-09-09T06:00:15.9904,1
DATE,2026-09-09T06:00:13.337,1
DATE,2026-09-09T06:00:33.330,1
DATE,2026-09-09T06:00:33.7376,1
DATE,2026-09-09T06:00:31.069,1
DATE,2026-09-09T07:04:17.770,1
DATE,2026-09-09T07:04:15.114,1
DATE,2026-09-09T07:04:18.2248,1
DATE,2026-09-09T07:04:46.613,1
DATE,2026-09-09T07:04:44.330,1
DATE,2026-09-09T07:04:47.4540,1
DATE,2026-09-09T07:05:03.882,1
DATE,2026-09-09T07:05:04.4989,1
DATE,2026-09-09T07:05:01.563,1
DATE,2026-09-09T08:08:06.662,1
DATE,2026-09-09T08:08:04.541,1
DATE,2026-09-09T08:08:07.5945,1
DATE,2026-09-09T08:08:35.982,1
DATE,2026-09-09T08:08:36.1411,1
DATE,2026-09-09T08:08:33.381,1
DATE,2026-09-09T08:08:53.454,1
DATE,2026-09-09T08:08:53.8945,1
DATE,2026-09-09T08:08:51.333,1
DATE,2026-09-09T09:07:04.470,1
DATE,2026-09-09T09:07:04.6598,1
DATE,2026-09-09T09:07:02.180,1
DATE,2026-09-09T09:07:33.791,1
DATE,2026-09-09T09:07:33.9081,1
DATE,2026-09-09T09:07:31.370,1
DATE,2026-09-09T09:07:51.143,1
DATE,2026-09-09T09:07:48.671,1
DATE,2026-09-09T09:07:51.6128,1
DATE,2026-09-09T09:21:05.458,1
DATE,2026-09-09T09:21:03.255,1
DATE,2026-09-09T09:21:06.2079,1
DATE,2026-09-09T09:21:34.657,1
DATE,2026-09-09T09:21:32.354,1
DATE,2026-09-09T09:21:35.4007,1
DATE,2026-09-09T09:21:51.623,1
DATE,2026-09-09T09:21:51.7993,1
DATE,2026-09-09T09:21:49.163,1
DATE,2026-09-09T09:57:02.209,1
DATE,2026-09-09T09:57:04.333,1
DATE,2026-09-09T09:57:08.146,1
DATE,2026-09-09T09:57:10.330,1
DATE,2026-09-09T09:57:12.475,1
DATE,2026-09-09T09:57:14.554,1
DATE,2026-09-09T09:57:18.758,1
DATE,2026-09-09T09:57:20.979,1
DATE,2026-09-09T09:57:23.206,1
DATE,2026-09-09T09:57:25.342,1
DATE,2026-09-09T09:57:33.175,1
DATE,2026-09-09T09:58:48.666,1
DATE,2026-09-09T10:00:25.657,1
DATE,2026-09-09T10:01:40.575,1
DATE,2026-09-09T10:03:18.480,1
DATE,2026-09-09T10:04:30.551,1
DATE,2026-09-09T10:06:04.355,1
DATE,2026-09-09T10:07:19.581,1
DATE,2026-09-09T10:07:55.7329,1
DATE,2026-09-09T10:08:11.7896,1
DATE,2026-09-09T10:08:27.8422,1
DATE,2026-09-09T10:08:56.357,1
DATE,2026-09-09T10:10:11.567,1
DATE,2026-09-09T10:11:48.646,1
DATE,2026-09-09T10:12:31.540,1
DATE,2026-09-09T10:13:24.535,1
DATE,2026-09-09T10:14:04.526,1
DATE,2026-09-09T10:14:54.233,1
DATE,2026-09-09T10:15:36.647,1
DATE,2026-09-09T10:16:29.520,1
DATE,2026-09-09T10:17:13.336,1
DATE,2026-09-09T10:18:06.647,1
DATE,2026-09-09T10:18:49.533,1
DATE,2026-09-09T10:19:42.547,1
DATE,2026-09-09T10:20:08.630,1
DATE,2026-09-09T10:20:41.209,1
DATE,2026-09-09T10:21:07.639,1
DATE,2026-09-09T10:21:37.333,1
DATE,2026-09-09T10:22:03.544,1
DATE,2026-09-09T10:22:35.527,1
DATE,2026-09-09T10:23:01.620,1
DATE,2026-09-09T10:23:33.511,1
DATE,2026-09-09T10:23:59.644,1
DATE,2026-09-09T10:24:32.578,1
DATE,2026-09-09T10:24:56.723,1
DATE,2026-09-09T10:25:25.605,1
DATE,2026-09-09T10:25:46.606,1
DATE,2026-09-09T10:26:15.619,1
DATE,2026-09-09T10:26:39.715,1
DATE,2026-09-09T10:27:08.697,1
DATE,2026-09-09T10:27:32.737,1
DATE,2026-09-09T10:27:58.457,1
DATE,2026-09-09T10:28:22.738,1
DATE,2026-09-09T10:28:52.495,1
DATE,2026-09-09T10:29:05.687,1
DATE,2026-09-09T10:29:24.580,1
DATE,2026-09-09T10:29:40.681,1
DATE,2026-09-09T10:29:59.682,1
DATE,2026-09-09T10:30:15.602,1
DATE,2026-09-09T10:30:34.633,1
DATE,2026-09-09T10:30:50.745,1
DATE,2026-09-09T10:31:06.436,1
DATE,2026-09-09T10:31:22.657,1
DATE,2026-09-09T10:31:41.731,1
DATE,2026-09-09T10:31:54.723,1
DATE,2026-09-09T10:32:08.349,1
DATE,2026-09-09T10:32:20.700,1
DATE,2026-09-09T10:32:34.601,1
DATE,2026-09-09T10:32:47.622,1
DATE,2026-09-09T10:33:01.713,1
DATE,2026-09-09T10:33:11.375,1
DATE,2026-09-09T10:33:24.615,1
DATE,2026-09-09T10:33:37.607,1
DATE,2026-09-09T10:36:00.1973,1
DATE,2026-09-09T10:38:14.0873,1
DATE,2026-09-09T10:40:27.3128,1
DATE,2026-09-09T10:43:07.6893,1
DATE,2026-09-09T10:45:45.8951,1
DATE,2026-09-09T10:48:24.7635,1
DATE,2026-09-09T10:51:54.4329,1
DATE,2026-09-09T10:55:23.2910,1
DATE,2026-09-09T10:58:51.4854,1
DATE,2026-09-09T10:59:51.1759,1
DATE,2026-09-09T11:00:50.0639,1
DATE,2026-09-09T11:01:45.6145,1
DATE,2026-09-09T11:02:05.0227,1
DATE,2026-09-09T11:02:26.3912,1
DATE,2026-09-09T11:02:47.7626,1
DATE,2026-09-09T11:03:25.583,1
DATE,2026-09-09T11:03:25.0038,1
DATE,2026-09-09T11:03:23.187,1
DATE,2026-09-09T11:03:54.541,1
DATE,2026-09-09T11:03:54.2274,1
DATE,2026-09-09T11:03:52.206,1
DATE,2026-09-09T11:04:12.425,1
DATE,2026-09-09T11:04:11.9398,1
DATE,2026-09-09T11:04:10.146,1
DATE,2026-09-09T11:07:12.597,1
DATE,2026-09-09T11:09:31.972,1
DATE,2026-09-09T11:11:29.832,1
DATE,2026-09-09T11:13:35.5115,1
DATE,2026-09-09T11:13:53.7355,1
DATE,2026-09-09T11:15:23.072,1
DATE,2026-09-09T11:15:03.352,1
DATE,2026-09-09T11:17:25.6901,1
DATE,2026-09-09T11:18:30.7853,1
DATE,2026-09-09T11:21:16.892,1
DATE,2026-09-09T11:23:08.370,1
DATE,2026-09-09T11:24:37.751,1
DATE,2026-09-09T11:25:28.1636,1
DATE,2026-09-09T11:25:39.4977,1
DATE,2026-09-09T11:26:43.733,1
DATE,2026-09-09T11:26:44.221,1
DATE,2026-09-09T11:28:29.8419,1
DATE,2026-09-09T11:28:55.2368,1
DATE,2026-09-09T11:29:19.1470,1
DATE,2026-09-09T11:29:30.2473,1
DATE,2026-09-09T11:29:36.9026,1
DATE,2026-09-09T11:29:45.0385,1
DATE,2026-09-09T11:29:55.3941,1
DATE,2026-09-09T11:30:06.4949,1
DATE,2026-09-09T11:30:16.8521,1
DATE,2026-09-09T11:30:27.9521,1
DATE,2026-09-09T11:30:39.0552,1
DATE,2026-09-09T11:30:50.1578,1
DATE,2026-09-09T11:33:30.397,1
DATE,2026-09-09T11:34:49.204,1
DATE,2026-09-09T11:36:03.998,1
DATE,2026-09-09T11:37:21.422,1
DATE,2026-09-09T11:38:39.493,1
DATE,2026-09-09T11:40:39.824,1
DATE,2026-09-09T11:41:59.055,1
DATE,2026-09-09T11:43:18.861,1
DATE,2026-09-09T11:44:34.862,1
DATE,2026-09-09T11:45:53.822,1
DATE,2026-09-09T11:47:24.302,1
DATE,2026-09-09T11:49:04.779,1
DATE,2026-09-09T11:50:46.007,1
DATE,2026-09-09T11:52:27.196,1
DATE,2026-09-09T11:54:07.817,1
DATE,2026-09-09T11:58:02.625,1
DATE,2026-09-09T11:58:29.192,1
DATE,2026-09-09T11:58:58.417,1
DATE,2026-09-09T11:59:27.137,1
DATE,2026-09-09T11:59:56.490,1
DATE,2026-09-09T12:01:07.531,1
DATE,2026-09-09T12:01:34.712,1
DATE,2026-09-09T12:02:05.900,1
DATE,2026-09-09T12:02:34.010,1
DATE,2026-09-09T12:03:05.086,1
DATE,2026-09-09T12:04:00.668,1
DATE,2026-09-09T12:04:37.451,1
DATE,2026-09-09T12:05:13.624,1
DATE,2026-09-09T12:05:50.252,1
DATE,2026-09-09T12:06:26.687,1
DATE,2026-09-09T12:07:19.0274,1
DATE,2026-09-09T12:07:35.0923,1
DATE,2026-09-09T12:07:49.7745,1
DATE,2026-09-09T12:08:05.8387,1
DATE,2026-09-09T12:08:20.5216,1
DATE,2026-09-09T12:08:36.5855,1
DATE,2026-09-09T12:08:51.2677,1
DATE,2026-09-09T12:09:07.3321,1
DATE,2026-09-09T12:09:22.0147,1
DATE,2026-09-09T12:09:38.0800,1
DATE,2026-09-09T12:10:08.923,1
DATE,2026-09-09T12:10:47.086,1
DATE,2026-09-09T12:11:23.860,1
DATE,2026-09-09T12:11:57.552,1
DATE,2026-09-09T12:12:33.915,1
DATE,2026-09-09T12:15:27.007,1
DATE,2026-09-09T12:15:44.779,1
DATE,2026-09-09T12:16:03.302,1
DATE,2026-09-09T12:16:20.547,1
DATE,2026-09-09T12:16:39.312,1
DATE,2026-09-09T12:17:43.272,1
DATE,2026-09-09T12:18:07.181,1
DATE,2026-09-09T12:18:27.911,1
DATE,2026-09-09T12:18:51.607,1
DATE,2026-09-09T12:19:16.259,1
DATE,2026-09-09T12:19:56.0760,1
DATE,2026-09-09T12:20:14.2200,1
DATE,2026-09-09T12:20:28.2085,1
DATE,2026-09-09T12:20:46.3522,1
DATE,2026-09-09T12:21:03.1159,1
DATE,2026-09-09T12:21:21.2598,1
DATE,2026-09-09T12:21:35.2511,1
DATE,2026-09-09T12:21:53.3963,1
DATE,2026-09-09T12:22:10.1587,1
DATE,2026-09-09T12:22:28.3029,1
DATE,2026-09-09T12:22:57.103,1
DATE,2026-09-09T12:23:19.154,1
DATE,2026-09-09T12:23:38.056,1
DATE,2026-09-09T12:23:59.777,1
DATE,2026-09-09T12:24:22.120,1
DATE,2026-09-09T16:45:11.022,1
DATE,2026-09-09T16:45:16.643,1
DATE,2026-09-09T17:47:53.889,1
DATE,2026-09-09T17:48:00.509,1
DATE,2026-09-09T18:50:36.735,1
DATE,2026-09-09T18:50:42.818,1
DATE,2026-09-09T19:33:42.501,1
DATE,2026-09-09T19:33:43.0538,1
DATE,2026-09-09T19:33:40.120,1
DATE,2026-09-09T19:34:11.246,1
DATE,2026-09-09T19:34:11.2999,1
DATE,2026-09-09T19:34:08.819,1
DATE,2026-09-09T19:37:11.379,1
DATE,2026-09-09T19:39:30.017,1
DATE,2026-09-09T19:41:24.396,1
DATE,2026-09-09T19:43:30.4405,1
DATE,2026-09-09T19:43:52.6905,1
DATE-OBS,2026-09-04T01:43:37.983,1
DATE-OBS,2026-09-04T01:43:39.203,1
DATE-OBS,2026-09-04T01:43:39.3915,1
DATE-OBS,2026-09-04T01:44:07.216,1
DATE-OBS,2026-09-04T01:44:08.436,1
DATE-OBS,2026-09-04T01:44:08.6049,1
DATE-OBS,2026-09-04T01:44:23.957,1
DATE-OBS,2026-09-04T01:44:24.9954,1
DATE-OBS,2026-09-04T01:44:25.177,1
DATE-OBS,2026-09-04T02:41:56.567,1
DATE-OBS,2026-09-04T02:41:57.787,1
DATE-OBS,2026-09-04T02:41:58.0227,1
DATE-OBS,2026-09-04T02:42:25.169,1
DATE-OBS,2026-09-04T02:42:26.389,1
DATE-OBS,2026-09-04T02:42:26.5701,1
DATE-OBS,2026-09-04T02:42:41.980,1
DATE-OBS,2026-09-04T02:42:42.9577,1
DATE-OBS,2026-09-04T02:42:43.200,1
DATE-OBS,2026-09-04T03:15:25.840,1
DATE-OBS,2026-09-04T03:15:27.059,1
DATE-OBS,2026-09-04T03:15:27.2853,1
DATE-OBS,2026-09-04T03:15:55.202,1
DATE-OBS,2026-09-04T03:15:56.422,1
DATE-OBS,2026-09-04T03:15:56.5008,1
DATE-OBS,2026-09-04T03:16:12.933,1
DATE-OBS,2026-09-04T03:16:14.153,1
DATE-OBS,2026-09-04T03:16:14.2200,1
DATE-OBS,2026-09-04T04:15:29.092,1
DATE-OBS,2026-09-04T04:15:30.312,1
DATE-OBS,2026-09-04T04:15:30.5344,1
DATE-OBS,2026-09-04T04:15:59.194,1
DATE-OBS,2026-09-04T04:16:00.414,1
DATE-OBS,2026-09-04T04:16:00.4687,1
DATE-OBS,2026-09-04T04:16:16.976,1
DATE-OBS,2026-09-04T04:16:18.1911,1
DATE-OBS,2026-09-04T04:16:18.196,1
DATE-OBS,2026-09-04T04:36:24.854,1
DATE-OBS,2026-09-04T04:36:26.074,1
DATE-OBS,2026-09-04T04:36:26.2602,1
DATE-OBS,2026-09-04T04:36:53.196,1
DATE-OBS,2026-09-04T04:36:54.1397,1
DATE-OBS,2026-09-04T04:36:54.416,1
DATE-OBS,2026-09-04T04:37:09.958,1
DATE-OBS,2026-09-04T04:37:11.177,1
DATE-OBS,2026-09-04T04:37:11.1929,1
DATE-OBS,2026-09-04T10:04:58.818,1
DATE-OBS,2026-09-04T10:05:03.848,1
DATE-OBS,2026-09-04T10:05:05.978,1
DATE-OBS,2026-09-04T10:05:07.978,1
DATE-OBS,2026-09-04T10:05:09.978,1
DATE-OBS,2026-09-04T10:05:14.068,1
DATE-OBS,2026-09-04T10:05:15.998,1
DATE-OBS,2026-09-04T10:05:17.978,1
DATE-OBS,2026-09-04T10:05:19.978,1
DATE-OBS,2026-09-04T10:05:23.978,1
DATE-OBS,2026-09-04T10:05:32.070,1
DATE-OBS,2026-09-04T10:06:47.276,1
DATE-OBS,2026-09-04T10:08:21.203,1
DATE-OBS,2026-09-04T10:09:36.069,1
DATE-OBS,2026-09-04T10:11:12.257,1
DATE-OBS,2026-09-04T10:12:27.383,1
DATE-OBS,2026-09-04T10:14:04.251,1
DATE-OBS,2026-09-04T10:15:19.257,1
DATE-OBS,2026-09-04T10:15:46.6676,1
DATE-OBS,2026-09-04T10:16:02.7231,1
DATE-OBS,2026-09-04T10:16:18.7787,1
DATE-OBS,2026-09-04T10:16:53.005,1
DATE-OBS,2026-09-04T10:18:08.251,1
DATE-OBS,2026-09-04T10:19:45.339,1
DATE-OBS,2026-09-04T10:20:28.372,1
DATE-OBS,2026-09-04T10:21:21.246,1
DATE-OBS,2026-09-04T10:22:05.130,1
DATE-OBS,2026-09-04T10:22:58.334,1
DATE-OBS,2026-09-04T10:23:41.248,1
DATE-OBS,2026-09-04T10:24:34.232,1
DATE-OBS,2026-09-04T10:25:18.146,1
DATE-OBS,2026-09-04T10:26:11.330,1
DATE-OBS,2026-09-04T10:26:54.243,1
DATE-OBS,2026-09-04T10:27:47.318,1
DATE-OBS,2026-09-04T10:28:14.240,1
DATE-OBS,2026-09-04T10:28:46.252,1
DATE-OBS,2026-09-04T10:29:12.224,1
DATE-OBS,2026-09-04T10:29:40.987,1
DATE-OBS,2026-09-04T10:30:07.239,1
DATE-OBS,2026-09-04T10:30:39.242,1
DATE-OBS,2026-09-04T10:31:05.224,1
DATE-OBS,2026-09-04T10:31:37.346,1
DATE-OBS,2026-09-04T10:32:04.348,1
DATE-OBS,2026-09-04T10:32:37.271,1
DATE-OBS,2026-09-04T10:33:01.423,1
DATE-OBS,2026-09-04T10:33:30.405,1
DATE-OBS,2026-09-04T10:33:51.307,1
DATE-OBS,2026-09-04T10:34:20.420,1
DATE-OBS,2026-09-04T10:34:44.341,1
DATE-OBS,2026-09-04T10:35:13.334,1
DATE-OBS,2026-09-04T10:35:37.326,1
DATE-OBS,2026-09-04T10:36:03.058,1
DATE-OBS,2026-09-04T10:36:26.330,1
DATE-OBS,2026-09-04T10:36:55.292,1
DATE-OBS,2026-09-04T10:37:08.053,1
DATE-OBS,2026-09-04T10:37:27.295,1
DATE-OBS,2026-09-04T10:37:43.406,1
DATE-OBS,2026-09-04T10:38:03.197,1
DATE-OBS,2026-09-04T10:38:19.289,1
DATE-OBS,2026-09-04T10:38:38.300,1
DATE-OBS,2026-09-04T10:38:54.292,1
DATE-OBS,2026-09-04T10:39:10.273,1
DATE-OBS,2026-09-04T10:39:26.294,1
DATE-OBS,2026-09-04T10:39:45.276,1
DATE-OBS,2026-09-04T10:39:58.287,1
DATE-OBS,2026-09-04T10:40:12.278,1
DATE-OBS,2026-09-04T10:40:25.289,1
DATE-OBS,2026-09-04T10:40:39.380,1
DATE-OBS,2026-09-04T10:40:52.301,1
DATE-OBS,2026-09-04T10:41:06.282,1
DATE-OBS,2026-09-04T10:41:16.264,1
DATE-OBS,2026-09-04T10:41:30.284,1
DATE-OBS,2026-09-04T10:41:43.375,1
DATE-OBS,2026-09-04T10:41:56.9915,1
DATE-OBS,2026-09-04T10:42:12.5530,1
DATE-OBS,2026-09-04T10:42:24.1138,1
DATE-OBS,2026-09-04T10:42:39.8155,1
DATE-OBS,2026-09-04T10:42:52.7084,1
DATE-OBS,2026-09-04T10:43:05.6010,1
DATE-OBS,2026-09-04T10:43:19.3008,1
DATE-OBS,2026-09-04T10:43:31.2939,1
DATE-OBS,2026-09-04T10:43:43.2858,1
DATE-OBS,2026-09-04T10:43:57.6133,1
DATE-OBS,2026-09-04T11:29:09.5176,1
DATE-OBS,2026-09-04T11:44:19.2799,1
DATE-OBS,2026-09-04T11:54:28.0359,1
DATE-OBS,2026-09-04T12:04:33.4695,1
DATE-OBS,2026-09-04T12:14:43.0365,1
DATE-OBS,2026-09-04T12:29:51.7324,1
DATE-OBS,2026-09-04T12:45:00.4297,1
DATE-OBS,2026-09-04T13:00:10.5987,1
DATE-OBS,2026-09-04T13:03:38.7918,1
DATE-OBS,2026-09-04T13:07:07.6561,1
DATE-OBS,2026-09-04T13:11:02.492,1
DATE-OBS,2026-09-04T13:11:03.3188,1
DATE-OBS,2026-09-04T13:11:03.712,1
DATE-OBS,2026-09-04T13:11:31.044,1
DATE-OBS,2026-09-04T13:11:31.8681,1
DATE-OBS,2026-09-04T13:11:32.264,1
DATE-OBS,2026-09-04T13:11:48.335,1
DATE-OBS,2026-09-04T13:11:49.555,1
DATE-OBS,2026-09-04T13:11:49.5876,1
DATE-OBS,2026-09-04T13:14:46.259,1
DATE-OBS,2026-09-04T13:16:50.970,1
DATE-OBS,2026-09-04T13:18:54.870,1
DATE-OBS,2026-09-04T13:20:59.1499,1
DATE-OBS,2026-09-04T13:21:21.3749,1
DATE-OBS,2026-09-04T13:22:21.8976,1
DATE-OBS,2026-09-04T13:22:50.8720,1
DATE-OBS,2026-09-04T13:23:17.8375,1
DATE-OBS,2026-09-04T13:23:42.7971,1
DATE-OBS,2026-09-04T13:24:10.4328,1
DATE-OBS,2026-09-04T13:24:38.7392,1
DATE-OBS,2026-09-04T13:25:06.3748,1
DATE-OBS,2026-09-04T13:25:35.3470,1
DATE-OBS,2026-09-04T13:26:02.3186,1
DATE-OBS,2026-09-04T13:26:30.6232,1
DATE-OBS,2026-09-04T13:29:20.510,1
DATE-OBS,2026-09-04T13:30:02.044,1
DATE-OBS,2026-09-04T13:30:47.398,1
DATE-OBS,2026-09-04T13:31:32.291,1
DATE-OBS,2026-09-04T13:32:14.045,1
DATE-OBS,2026-09-04T13:33:40.042,1
DATE-OBS,2026-09-04T13:35:03.398,1
DATE-OBS,2026-09-04T13:36:23.295,1
DATE-OBS,2026-09-04T13:37:47.302,1
DATE-OBS,2026-09-04T13:39:11.288,1
DATE-OBS,2026-09-04T13:40:47.526,1
DATE-OBS,2026-09-04T13:42:12.383,1
DATE-OBS,2026-09-04T13:43:37.290,1
DATE-OBS,2026-09-04T13:44:58.267,1
DATE-OBS,2026-09-04T13:46:23.373,1
DATE-OBS,2026-09-04T13:48:00.6784,1
DATE-OBS,2026-09-04T13:48:22.9863,1
DATE-OBS,2026-09-04T13:48:43.9065,1
DATE-OBS,2026-09-04T13:49:06.9066,1
DATE-OBS,2026-09-04T13:49:27.8266,1
DATE-OBS,2026-09-04T13:49:50.1315,1
DATE-OBS,2026-09-04T13:50:11.0537,1
DATE-OBS,2026-09-04T13:50:33.3605,1
DATE-OBS,2026-09-04T13:50:54.2798,1
DATE-OBS,2026-09-04T13:51:15.8939,1
DATE-OBS,2026-09-04T13:54:01.971,1
DATE-OBS,2026-09-04T13:54:39.404,1
DATE-OBS,2026-09-04T13:55:17.337,1
DATE-OBS,2026-09-04T13:55:55.290,1
DATE-OBS,2026-09-04T13:56:33.323,1
DATE-OBS,2026-09-04T13:57:51.829,1
DATE-OBS,2026-09-04T13:58:54.314,1
DATE-OBS,2026-09-04T13:59:56.419,1
DATE-OBS,2026-09-04T14:00:57.984,1
DATE-OBS,2026-09-04T14:01:57.039,1
DATE-OBS,2026-09-04T14:03:07.725,1
DATE-OBS,2026-09-04T14:04:06.040,1
DATE-OBS,2026-09-04T14:05:05.234,1
DATE-OBS,2026-09-04T14:06:07.389,1
DATE-OBS,2026-09-04T14:07:09.085,1
DATE-OBS,2026-09-04T14:08:26.8805,1
DATE-OBS,2026-09-04T14:08:45.0280,1
DATE-OBS,2026-09-04T14:09:01.7885,1
DATE-OBS,2026-09-04T14:09:16.4691,1
DATE-OBS,2026-09-04T14:09:33.2334,1
DATE-OBS,2026-09-04T14:09:51.3808,1
DATE-OBS,2026-09-04T14:10:08.8343,1
DATE-OBS,2026-09-04T14:10:26.9796,1
DATE-OBS,2026-09-04T14:10:43.7421,1
DATE-OBS,2026-09-04T14:11:01.8876,1
DATE-OBS,2026-09-04T14:13:43.516,1
DATE-OBS,2026-09-04T14:14:18.409,1
DATE-OBS,2026-09-04T14:14:54.262,1
DATE-OBS,2026-09-04T14:15:29.415,1
DATE-OBS,2026-09-04T14:16:05.238,1
DATE-OBS,2026-09-04T14:17:17.694,1
DATE-OBS,2026-09-04T14:18:12.288,1
DATE-OBS,2026-09-04T14:19:07.313,1
DATE-OBS,2026-09-04T14:20:02.407,1
DATE-OBS,2026-09-04T14:20:53.921,1
DATE-OBS,2026-09-04T14:22:03.657,1
DATE-OBS,2026-09-04T14:22:58.081,1
DATE-OBS,2026-09-04T14:23:53.386,1
DATE-OBS,2026-09-04T14:24:48.290,1
DATE-OBS,2026-09-04T14:25:43.385,1
DATE-OBS,2026-09-04T14:29:05.791,1
DATE-OBS,2026-09-04T14:29:40.394,1
DATE-OBS,2026-09-04T14:30:14.407,1
DATE-OBS,2026-09-04T14:30:47.309,1
DATE-OBS,2026-09-04T14:31:22.192,1
DATE-OBS,2026-09-04T14:32:35.928,1
DATE-OBS,2026-09-04T14:33:24.412,1
DATE-OBS,2026-09-04T14:34:12.386,1
DATE-OBS,2026-09-04T14:35:00.290,1
DATE-OBS,2026-09-04T14:35:45.284,1
DATE-OBS,2026-09-04T14:36:50.789,1
DATE-OBS,2026-09-04T14:37:40.293,1
DATE-OBS,2026-09-04T14:38:29.287,1
DATE-OBS,2026-09-04T14:39:18.301,1
DATE-OBS,2026-09-04T14:40:04.035,1
DATE-OBS,2026-09-04T14:43:22.801,1
DATE-OBS,2026-09-04T14:43:56.293,1
DATE-OBS,2026-09-04T14:44:28.016,1
DATE-OBS,2026-09-04T14:44:56.928,1
DATE-OBS,2026-09-04T14:45:25.051,1
DATE-OBS,2026-09-04T14:46:38.047,1
DATE-OBS,2026-09-04T14:47:23.200,1
DATE-OBS,2026-09-04T14:48:07.284,1
DATE-OBS,2026-09-04T14:48:51.287,1
DATE-OBS,2026-09-04T14:49:35.321,1
DATE-OBS,2026-09-04T14:50:39.796,1
DATE-OBS,2026-09-04T14:51:25.390,1
DATE-OBS,2026-09-04T14:52:11.284,1
DATE-OBS,2026-09-04T14:52:56.997,1
DATE-OBS,2026-09-04T14:53:42.291,1
DATE-OBS,2026-09-04T15:16:59.1186,1
DATE-OBS,2026-09-04T15:17:20.7328,1
DATE-OBS,2026-09-04T15:17:41.6539,1
DATE-OBS,2026-09-04T15:18:03.9610,1
DATE-OBS,2026-09-04T15:18:22.1072,1
DATE-OBS,2026-09-04T15:18:44.4143,1
DATE-OBS,2026-09-04T15:19:05.3354,1
DATE-OBS,2026-09-04T15:19:24.1735,1
DATE-OBS,2026-09-04T15:19:45.0949,1
DATE-OBS,2026-09-04T15:20:07.4018,1
DATE-OBS,2026-09-04T15:20:36.0592,1
DATE-OBS,2026-09-04T15:20:54.2076,1
DATE-OBS,2026-09-04T15:21:10.9671,1
DATE-OBS,2026-09-04T15:21:29.1153,1
DATE-OBS,2026-09-04T15:21:45.8790,1
DATE-OBS,2026-09-04T15:22:04.0281,1
DATE-OBS,2026-09-04T15:22:20.7888,1
DATE-OBS,2026-09-04T15:22:35.4694,1
DATE-OBS,2026-09-04T15:22:52.2310,1
DATE-OBS,2026-09-04T15:23:10.3784,1
DATE-OBS,2026-09-04T15:26:02.898,1
DATE-OBS,2026-09-04T15:26:31.291,1
DATE-OBS,2026-09-04T15:26:56.043,1
DATE-OBS,2026-09-04T15:27:24.415,1
DATE-OBS,2026-09-04T15:27:52.297,1
DATE-OBS,2026-09-04T15:29:00.933,1
DATE-OBS,2026-09-04T15:29:32.395,1
DATE-OBS,2026-09-04T15:30:01.049,1
DATE-OBS,2026-09-04T15:30:33.390,1
DATE-OBS,2026-09-04T15:31:02.283,1
DATE-OBS,2026-09-04T15:31:57.827,1
DATE-OBS,2026-09-04T15:32:33.390,1
DATE-OBS,2026-09-04T15:33:09.083,1
DATE-OBS,2026-09-04T15:33:45.396,1
DATE-OBS,2026-09-04T15:34:18.039,1
DATE-OBS,2026-09-04T15:37:23.634,1
DATE-OBS,2026-09-04T15:38:44.260,1
DATE-OBS,2026-09-04T15:40:05.377,1
DATE-OBS,2026-09-04T15:41:28.353,1
DATE-OBS,2026-09-04T15:42:46.230,1
DATE-OBS,2026-09-04T15:44:47.980,1
DATE-OBS,2026-09-04T15:46:16.247,1
DATE-OBS,2026-09-04T15:47:44.254,1
DATE-OBS,2026-09-04T15:49:09.241,1
DATE-OBS,2026-09-04T15:50:37.258,1
DATE-OBS,2026-09-04T15:52:27.747,1
DATE-OBS,2026-09-04T15:54:17.336,1
DATE-OBS,2026-09-04T15:56:08.235,1
DATE-OBS,2026-09-04T15:57:57.244,1
DATE-OBS,2026-09-04T15:59:47.323,1
DATE-OBS,2026-09-04T16:04:01.623,1
DATE-OBS,2026-09-04T16:05:23.360,1
DATE-OBS,2026-09-04T16:06:45.247,1
DATE-OBS,2026-09-04T16:08:07.264,1
DATE-OBS,2026-09-04T16:09:29.050,1
DATE-OBS,2026-09-04T16:11:30.890,1
DATE-OBS,2026-09-04T16:13:02.257,1
DATE-OBS,2026-09-04T16:14:33.345,1
DATE-OBS,2026-09-04T16:16:04.372,1
DATE-OBS,2026-09-04T16:17:35.349,1
DATE-OBS,2026-09-04T16:19:04.547,1
DATE-OBS,2026-09-04T16:20:06.002,1
DATE-OBS,2026-09-04T16:21:06.206,1
DATE-OBS,2026-09-04T16:22:08.002,1
DATE-OBS,2026-09-04T16:23:09.197,1
DATE-OBS,2026-09-04T16:26:34.573,1
DATE-OBS,2026-09-04T16:27:21.927,1
DATE-OBS,2026-09-04T16:28:08.331,1
DATE-OBS,2026-09-04T16:28:55.235,1
DATE-OBS,2026-09-04T16:29:42.328,1
DATE-OBS,2026-09-04T16:31:09.966,1
DATE-OBS,2026-09-04T16:32:00.320,1
DATE-OBS,2026-09-04T16:32:53.284,1
DATE-OBS,2026-09-04T16:33:41.148,1
DATE-OBS,2026-09-04T16:34:32.332,1
DATE-OBS,2026-09-04T16:37:33.257,1
DATE-OBS,2026-09-04T16:37:52.168,1
DATE-OBS,2026-09-04T16:38:10.380,1
DATE-OBS,2026-09-04T16:38:28.371,1
DATE-OBS,2026-09-04T16:38:46.263,1
DATE-OBS,2026-09-04T16:39:41.887,1
DATE-OBS,2026-09-04T16:40:03.949,1
DATE-OBS,2026-09-04T16:40:26.261,1
DATE-OBS,2026-09-04T16:40:48.273,1
DATE-OBS,2026-09-04T16:41:08.004,1
DATE-OBS,2026-09-04T16:43:45.507,1
DATE-OBS,2026-09-04T16:44:18.010,1
DATE-OBS,2026-09-04T16:44:50.402,1
DATE-OBS,2026-09-04T16:45:19.285,1
DATE-OBS,2026-09-04T16:45:51.407,1
DATE-OBS,2026-09-04T16:47:01.873,1
DATE-OBS,2026-09-04T16:47:46.407,1
DATE-OBS,2026-09-04T16:48:30.100,1
DATE-OBS,2026-09-04T16:49:14.404,1
DATE-OBS,2026-09-04T16:49:58.298,1
DATE-OBS,2026-09-04T16:50:44.411,1
DATE-OBS,2026-09-04T16:51:29.305,1
DATE-OBS,2026-09-04T16:52:14.389,1
DATE-OBS,2026-09-04T16:52:59.282,1
DATE-OBS,2026-09-04T16:53:45.186,1
DATE-OBS,2026-09-04T16:55:11.363,1
DATE-OBS,2026-09-04T16:55:16.503,1
DATE-OBS,2026-09-04T17:12:11.746,1
DATE-OBS,2026-09-04T17:12:16.836,1
DATE-OBS,2026-09-04T18:12:29.590,1
DATE-OBS,2026-09-04T18:12:35.700,1
DATE-OBS,2026-09-04T19:12:47.873,1
DATE-OBS,2026-09-04T19:12:55.324,1
DATE-OBS,2026-09-04T20:21:00.646,1
DATE-OBS,2026-09-04T20:21:01.7770,1
DATE-OBS,2026-09-04T20:21:01.865,1
DATE-OBS,2026-09-04T20:21:29.747,1
DATE-OBS,2026-09-04T20:21:30.967,1
DATE-OBS,2026-09-04T20:21:30.9904,1
DATE-OBS,2026-09-04T20:24:28.072,1
DATE-OBS,2026-09-04T20:26:32.542,1
DATE-OBS,2026-09-04T20:28:36.972,1
DATE-OBS,2026-09-04T20:30:41.8847,1
DATE-OBS,2026-09-04T20:31:04.1096,1
DATE-OBS,2026-09-04T23:52:25.264,1
DATE-OBS,2026-09-04T23:52:30.405,1
DATE-OBS,2026-09-05T00:55:08.050,1
DATE-OBS,2026-09-05T00:55:14.200,1
DATE-OBS,2026-09-05T01:57:51.115,1
DATE-OBS,2026-09-05T01:57:57.275,1
DATE-OBS,2026-09-05T07:03:06.579,1
DATE-OBS,2026-09-05T07:03:07.799,1
DATE-OBS,2026-09-05T07:03:07.9488,1
DATE-OBS,2026-09-05T07:03:35.901,1
DATE-OBS,2026-09-05T07:03:37.121,1
DATE-OBS,2026-09-05T07:03:37.1632,1
DATE-OBS,2026-09-05T07:03:53.663,1
DATE-OBS,2026-09-05T07:03:54.8834,1
DATE-OBS,2026-09-05T07:03:54.883,1
DATE-OBS,2026-09-05T07:06:56.677,1
DATE-OBS,2026-09-05T07:07:01.888,1
DATE-OBS,2026-09-05T07:07:05.2684,1
DATE-OBS,2026-09-05T07:11:56.822,1
DATE-OBS,2026-09-05T07:12:02.082,1
DATE-OBS,2026-09-05T07:12:05.4464,1
DATE-OBS,2026-09-05T07:20:56.416,1
DATE-OBS,2026-09-05T07:20:57.635,1
DATE-OBS,2026-09-05T07:20:57.8441,1
DATE-OBS,2026-09-05T07:21:26.888,1
DATE-OBS,2026-09-05T07:21:27.7762,1
DATE-OBS,2026-09-05T07:21:28.108,1
DATE-OBS,2026-09-05T07:21:44.130,1
DATE-OBS,2026-09-05T07:21:45.349,1
DATE-OBS,2026-09-05T07:21:45.4979,1
DATE-OBS,2026-09-05T07:33:11.395,1
DATE-OBS,2026-09-05T07:33:12.615,1
DATE-OBS,2026-09-05T07:33:12.8537,1
DATE-OBS,2026-09-05T07:33:39.877,1
DATE-OBS,2026-09-05T07:33:40.7331,1
DATE-OBS,2026-09-05T07:33:41.097,1
DATE-OBS,2026-09-05T07:33:57.159,1
DATE-OBS,2026-09-05T07:33:58.379,1
DATE-OBS,2026-09-05T07:33:58.4566,1
DATE-OBS,2026-09-05T07:40:39.521,1
DATE-OBS,2026-09-05T07:40:40.741,1
DATE-OBS,2026-09-05T07:40:40.9190,1
DATE-OBS,2026-09-05T07:41:07.844,1
DATE-OBS,2026-09-05T07:41:08.8004,1
DATE-OBS,2026-09-05T07:41:09.064,1
DATE-OBS,2026-09-05T07:41:26.135,1
DATE-OBS,2026-09-05T07:41:27.1859,1
DATE-OBS,2026-09-05T07:41:27.355,1
DATE-OBS,2026-09-05T08:41:19.666,1
DATE-OBS,2026-09-05T08:41:20.5189,1
DATE-OBS,2026-09-05T08:41:20.886,1
DATE-OBS,2026-09-05T08:41:48.888,1
DATE-OBS,2026-09-05T08:41:49.7862,1
DATE-OBS,2026-09-05T08:41:50.109,1
DATE-OBS,2026-09-05T08:42:06.630,1
DATE-OBS,2026-09-05T08:42:07.5085,1
DATE-OBS,2026-09-05T08:42:07.850,1
DATE-OBS,2026-09-05T08:51:19.275,1
DATE-OBS,2026-09-05T08:51:20.494,1
DATE-OBS,2026-09-05T08:51:20.7376,1
DATE-OBS,2026-09-05T08:51:47.877,1
DATE-OBS,2026-09-05T08:51:49.097,1
DATE-OBS,2026-09-05T08:51:49.2851,1
DATE-OBS,2026-09-05T08:52:06.148,1
DATE-OBS,2026-09-05T08:52:07.0064,1
DATE-OBS,2026-09-05T08:52:07.368,1
DATE-OBS,2026-09-05T09:02:55.571,1
DATE-OBS,2026-09-05T09:02:56.791,1
DATE-OBS,2026-09-05T09:02:57.0295,1
DATE-OBS,2026-09-05T09:03:25.873,1
DATE-OBS,2026-09-05T09:03:26.9640,1
DATE-OBS,2026-09-05T09:03:27.093,1
DATE-OBS,2026-09-05T09:03:43.195,1
DATE-OBS,2026-09-05T09:03:44.0184,1
DATE-OBS,2026-09-05T09:03:44.415,1
DATE-OBS,2026-09-05T09:51:55.618,1
DATE-OBS,2026-09-05T09:51:59.588,1
DATE-OBS,2026-09-05T09:52:01.818,1
DATE-OBS,2026-09-05T09:52:04.148,1
DATE-OBS,2026-09-05T09:52:06.178,1
DATE-OBS,2026-09-05T09:52:10.408,1
DATE-OBS,2026-09-05T09:52:12.598,1
DATE-OBS,2026-09-05T09:52:14.748,1
DATE-OBS,2026-09-05T09:52:16.948,1
DATE-OBS,2026-09-05T09:52:21.188,1
DATE-OBS,2026-09-05T09:52:30.711,1
DATE-OBS,2026-09-05T09:53:45.957,1
DATE-OBS,2026-09-05T09:55:23.055,1
DATE-OBS,2026-09-05T09:56:38.071,1
DATE-OBS,2026-09-05T09:58:14.939,1
DATE-OBS,2026-09-05T09:59:30.065,1
DATE-OBS,2026-09-05T10:01:07.863,1
DATE-OBS,2026-09-05T10:02:19.959,1
DATE-OBS,2026-09-05T10:02:44.9640,1
DATE-OBS,2026-09-05T10:03:01.0224,1
DATE-OBS,2026-09-05T10:03:17.7978,1
DATE-OBS,2026-09-05T10:03:56.947,1
DATE-OBS,2026-09-05T10:05:12.083,1
DATE-OBS,2026-09-05T10:06:48.930,1
DATE-OBS,2026-09-05T10:07:31.914,1
DATE-OBS,2026-09-05T10:08:25.018,1
DATE-OBS,2026-09-05T10:09:07.942,1
DATE-OBS,2026-09-05T10:10:00.936,1
DATE-OBS,2026-09-05T10:10:43.729,1
DATE-OBS,2026-09-05T10:11:37.034,1
DATE-OBS,2026-09-05T10:12:19.947,1
DATE-OBS,2026-09-05T10:13:13.041,1
DATE-OBS,2026-09-05T10:13:52.905,1
DATE-OBS,2026-09-05T10:14:45.909,1
DATE-OBS,2026-09-05T10:15:11.931,1
DATE-OBS,2026-09-05T10:15:43.934,1
DATE-OBS,2026-09-05T10:16:06.666,1
DATE-OBS,2026-09-05T10:16:39.028,1
DATE-OBS,2026-09-05T10:17:05.670,1
DATE-OBS,2026-09-05T10:17:37.913,1
DATE-OBS,2026-09-05T10:18:03.885,1
DATE-OBS,2026-09-05T10:18:36.028,1
DATE-OBS,2026-09-05T10:19:03.820,1
DATE-OBS,2026-09-05T10:19:36.083,1
DATE-OBS,2026-09-05T10:20:00.024,1
DATE-OBS,2026-09-05T10:20:29.107,1
DATE-OBS,2026-09-05T10:20:53.119,1
DATE-OBS,2026-09-05T10:21:18.851,1
DATE-OBS,2026-09-05T10:21:43.123,1
DATE-OBS,2026-09-05T10:22:12.805,1
DATE-OBS,2026-09-05T10:22:37.107,1
DATE-OBS,2026-09-05T10:23:06.109,1
DATE-OBS,2026-09-05T10:23:30.121,1
DATE-OBS,2026-09-05T10:23:59.094,1
DATE-OBS,2026-09-05T10:24:15.885,1
DATE-OBS,2026-09-05T10:24:35.087,1
DATE-OBS,2026-09-05T10:24:50.988,1
DATE-OBS,2026-09-05T10:25:09.990,1
DATE-OBS,2026-09-05T10:25:22.981,1
DATE-OBS,2026-09-05T10:25:41.982,1
DATE-OBS,2026-09-05T10:25:58.113,1
DATE-OBS,2026-09-05T10:26:17.075,1
DATE-OBS,2026-09-05T10:26:29.766,1
DATE-OBS,2026-09-05T10:26:49.078,1
DATE-OBS,2026-09-05T10:27:01.969,1
DATE-OBS,2026-09-05T10:27:16.060,1
DATE-OBS,2026-09-05T10:27:29.081,1
DATE-OBS,2026-09-05T10:27:42.972,1
DATE-OBS,2026-09-05T10:27:56.083,1
DATE-OBS,2026-09-05T10:28:10.064,1
DATE-OBS,2026-09-05T10:28:22.985,1
DATE-OBS,2026-09-05T10:28:33.966,1
DATE-OBS,2026-09-05T10:28:47.077,1
DATE-OBS,2026-09-05T10:29:00.4534,1
DATE-OBS,2026-09-05T10:29:58.6751,1
DATE-OBS,2026-09-05T10:30:57.5618,1
DATE-OBS,2026-09-05T10:31:57.9261,1
DATE-OBS,2026-09-05T10:36:16.7769,1
DATE-OBS,2026-09-05T10:40:35.6275,1
DATE-OBS,2026-09-05T10:44:55.2908,1
DATE-OBS,2026-09-05T10:50:00.7854,1
DATE-OBS,2026-09-05T10:55:10.2695,1
DATE-OBS,2026-09-05T11:00:45.002,1
DATE-OBS,2026-09-05T11:00:45.8342,1
DATE-OBS,2026-09-05T11:00:46.222,1
DATE-OBS,2026-09-05T11:01:13.745,1
DATE-OBS,2026-09-05T11:01:14.965,1
DATE-OBS,2026-09-05T11:01:15.0494,1
DATE-OBS,2026-09-05T11:01:30.006,1
DATE-OBS,2026-09-05T11:01:30.7731,1
DATE-OBS,2026-09-05T11:01:31.227,1
DATE-OBS,2026-09-05T11:04:28.080,1
DATE-OBS,2026-09-05T11:06:33.470,1
DATE-OBS,2026-09-05T11:08:34.630,1
DATE-OBS,2026-09-05T11:10:38.9485,1
DATE-OBS,2026-09-05T11:11:00.5076,1
DATE-OBS,2026-09-05T11:12:00.036,1
DATE-OBS,2026-09-05T11:12:05.167,1
DATE-OBS,2026-09-05T11:13:47.5805,1
DATE-OBS,2026-09-05T11:14:52.6805,1
DATE-OBS,2026-09-05T11:18:08.946,1
DATE-OBS,2026-09-05T11:19:40.734,1
DATE-OBS,2026-09-05T11:20:52.940,1
DATE-OBS,2026-09-05T11:22:40.5453,1
DATE-OBS,2026-09-05T11:22:52.8812,1
DATE-OBS,2026-09-05T11:23:45.363,1
DATE-OBS,2026-09-05T11:23:50.524,1
DATE-OBS,2026-09-05T11:25:24.7425,1
DATE-OBS,2026-09-05T11:25:53.5188,1
DATE-OBS,2026-09-05T11:28:45.798,1
DATE-OBS,2026-09-05T11:30:03.924,1
DATE-OBS,2026-09-05T11:31:22.740,1
DATE-OBS,2026-09-05T11:32:41.037,1
DATE-OBS,2026-09-05T11:33:58.953,1
DATE-OBS,2026-09-05T11:35:58.573,1
DATE-OBS,2026-09-05T11:37:17.949,1
DATE-OBS,2026-09-05T11:38:36.945,1
DATE-OBS,2026-09-05T11:39:55.732,1
DATE-OBS,2026-09-05T11:41:15.028,1
DATE-OBS,2026-09-05T11:42:53.6456,1
DATE-OBS,2026-09-05T11:43:01.7818,1
DATE-OBS,2026-09-05T11:43:08.4422,1
DATE-OBS,2026-09-05T11:43:19.5460,1
DATE-OBS,2026-09-05T11:43:29.9022,1
DATE-OBS,2026-09-05T11:43:41.0043,1
DATE-OBS,2026-09-05T11:43:51.3582,1
DATE-OBS,2026-09-05T11:44:03.1823,1
DATE-OBS,2026-09-05T11:44:09.8524,1
DATE-OBS,2026-09-05T11:44:20.9575,1
DATE-OBS,2026-09-05T11:44:52.406,1
DATE-OBS,2026-09-05T11:46:34.034,1
DATE-OBS,2026-09-05T11:48:15.032,1
DATE-OBS,2026-09-05T11:49:56.030,1
DATE-OBS,2026-09-05T11:51:36.598,1
DATE-OBS,2026-09-05T11:55:36.228,1
DATE-OBS,2026-09-05T11:55:50.939,1
DATE-OBS,2026-09-05T11:56:08.961,1
DATE-OBS,2026-09-05T11:56:27.052,1
DATE-OBS,2026-09-05T11:56:45.053,1
DATE-OBS,2026-09-05T11:57:40.338,1
DATE-OBS,2026-09-05T11:58:01.700,1
DATE-OBS,2026-09-05T11:58:26.062,1
DATE-OBS,2026-09-05T11:58:50.063,1
DATE-OBS,2026-09-05T11:59:13.635,1
DATE-OBS,2026-09-05T11:59:58.549,1
DATE-OBS,2026-09-05T12:00:21.945,1
DATE-OBS,2026-09-05T12:00:43.945,1
DATE-OBS,2026-09-05T12:01:06.815,1
DATE-OBS,2026-09-05T12:01:29.036,1
DATE-OBS,2026-09-05T12:02:05.519,1
DATE-OBS,2026-09-05T12:03:58.038,1
DATE-OBS,2026-09-05T12:05:50.098,1
DATE-OBS,2026-09-05T12:07:38.676,1
DATE-OBS,2026-09-05T12:09:30.915,1
DATE-OBS,2026-09-05T12:13:44.416,1
DATE-OBS,2026-09-05T12:15:05.933,1
DATE-OBS,2026-09-05T12:16:30.069,1
DATE-OBS,2026-09-05T12:17:55.046,1
DATE-OBS,2026-09-05T12:19:19.943,1
DATE-OBS,2026-09-05T12:21:26.693,1
DATE-OBS,2026-09-05T12:23:05.881,1
DATE-OBS,2026-09-05T12:24:41.679,1
DATE-OBS,2026-09-05T12:26:21.057,1
DATE-OBS,2026-09-05T12:27:56.675,1
DATE-OBS,2026-09-05T12:32:00.374,1
DATE-OBS,2026-09-05T12:32:35.087,1
DATE-OBS,2026-09-05T12:33:08.980,1
DATE-OBS,2026-09-05T12:33:42.993,1
DATE-OBS,2026-09-05T12:34:12.975,1
DATE-OBS,2026-09-05T12:35:27.701,1
DATE-OBS,2026-09-05T12:36:16.785,1
DATE-OBS,2026-09-05T12:37:05.089,1
DATE-OBS,2026-09-05T12:37:53.993,1
DATE-OBS,2026-09-05T12:38:42.997,1
DATE-OBS,2026-09-05T12:39:36.361,1
DATE-OBS,2026-09-05T12:40:26.109,1
DATE-OBS,2026-09-05T12:41:14.989,1
DATE-OBS,2026-09-05T12:42:03.993,1
DATE-OBS,2026-09-05T12:42:52.677,1
DATE-OBS,2026-09-05T12:43:52.1253,1
DATE-OBS,2026-09-05T12:44:07.2609,1
DATE-OBS,2026-09-05T12:44:22.3947,1
DATE-OBS,2026-09-05T12:44:38.2492,1
DATE-OBS,2026-09-05T12:44:49.7841,1
DATE-OBS,2026-09-05T12:45:05.6388,1
DATE-OBS,2026-09-05T12:45:20.0534,1
DATE-OBS,2026-09-05T12:45:35.1869,1
DATE-OBS,2026-09-05T12:45:46.7229,1
DATE-OBS,2026-09-05T12:46:02.5784,1
DATE-OBS,2026-09-05T12:46:59.277,1
DATE-OBS,2026-09-05T12:47:04.367,1
DATE-OBS,2026-09-05T12:48:31.0141,1
DATE-OBS,2026-09-05T12:48:41.3371,1
DATE-OBS,2026-09-05T12:55:22.448,1
DATE-OBS,2026-09-05T12:55:31.558,1
DATE-OBS,2026-09-05T12:55:38.708,1
DATE-OBS,2026-09-05T12:55:52.878,1
DATE-OBS,2026-09-05T12:56:07.918,1
DATE-OBS,2026-09-05T12:56:27.158,1
DATE-OBS,2026-09-05T12:56:46.298,1
DATE-OBS,2026-09-05T12:57:10.538,1
DATE-OBS,2026-09-05T12:57:34.568,1
DATE-OBS,2026-09-05T12:58:03.678,1
DATE-OBS,2026-09-05T12:58:32.688,1
DATE-OBS,2026-09-05T12:59:06.918,1
DATE-OBS,2026-09-05T12:59:41.058,1
DATE-OBS,2026-09-05T13:00:20.108,1
DATE-OBS,2026-09-05T13:00:59.268,1
DATE-OBS,2026-09-05T13:01:43.498,1
DATE-OBS,2026-09-05T13:02:25.668,1
DATE-OBS,2026-09-05T13:03:14.578,1
DATE-OBS,2026-09-05T13:04:03.568,1
DATE-OBS,2026-09-05T13:04:57.588,1
DATE-OBS,2026-09-05T13:05:51.668,1
DATE-OBS,2026-09-05T13:06:48.838,1
DATE-OBS,2026-09-05T13:07:47.668,1
DATE-OBS,2026-09-05T13:08:49.858,1
DATE-OBS,2026-09-05T13:09:52.038,1
DATE-OBS,2026-09-05T13:10:59.178,1
DATE-OBS,2026-09-05T13:12:06.178,1
DATE-OBS,2026-09-05T13:13:20.388,1
DATE-OBS,2026-09-05T13:14:34.528,1
DATE-OBS,2026-09-05T13:15:53.578,1
DATE-OBS,2026-09-05T13:17:14.478,1
DATE-OBS,2026-09-05T13:17:17.488,1
DATE-OBS,2026-09-05T13:17:19.678,1
DATE-OBS,2026-09-05T13:17:21.888,1
DATE-OBS,2026-09-05T13:17:24.008,1
DATE-OBS,2026-09-05T16:23:43.516,1
DATE-OBS,2026-09-05T16:23:48.626,1
DATE-OBS,2026-09-05T17:26:26.289,1
DATE-OBS,2026-09-05T17:26:32.390,1
DATE-OBS,2026-09-05T18:29:09.063,1
DATE-OBS,2026-09-05T18:29:15.173,1
DATE-OBS,2026-09-05T20:43:09.073,1
DATE-OBS,2026-09-05T20:43:10.2002,1
DATE-OBS,2026-09-05T20:43:10.292,1
DATE-OBS,2026-09-05T20:43:37.774,1
DATE-OBS,2026-09-05T20:43:38.7470,1
DATE-OBS,2026-09-05T20:43:38.994,1
DATE-OBS,2026-09-05T20:46:35.128,1
DATE-OBS,2026-09-05T20:48:39.598,1
DATE-OBS,2026-09-05T20:50:44.069,1
DATE-OBS,2026-09-05T20:52:48.9739,1
DATE-OBS,2026-09-05T20:53:07.8674,1
DATE-OBS,2026-09-05T22:43:40.588,1
DATE-OBS,2026-09-05T22:43:45.648,1
DATE-OBS,2026-09-05T22:43:48.658,1
DATE-OBS,2026-09-05T22:43:51.668,1
DATE-OBS,2026-09-05T22:43:56.648,1
DATE-OBS,2026-09-05T22:43:59.638,1
DATE-OBS,2026-09-05T22:44:02.558,1
DATE-OBS,2026-09-05T22:44:07.628,1
DATE-OBS,2026-09-05T22:44:10.578,1
DATE-OBS,2026-09-05T22:44:13.588,1
DATE-OBS,2026-09-05T22:44:35.748,1
DATE-OBS,2026-09-05T22:44:40.658,1
DATE-OBS,2026-09-05T22:44:43.628,1
DATE-OBS,2026-09-05T22:44:46.528,1
DATE-OBS,2026-09-05T22:44:51.528,1
DATE-OBS,2026-09-05T22:44:54.418,1
DATE-OBS,2026-09-05T22:44:57.358,1
DATE-OBS,2026-09-05T22:45:02.198,1
DATE-OBS,2026-09-05T22:45:05.138,1
DATE-OBS,2026-09-05T22:45:08.018,1
DATE-OBS,2026-09-05T22:53:18.768,1
DATE-OBS,2026-09-05T22:53:23.468,1
DATE-OBS,2026-09-05T22:53:26.138,1
DATE-OBS,2026-09-05T22:53:28.728,1
DATE-OBS,2026-09-05T22:53:33.538,1
DATE-OBS,2026-09-05T22:53:36.318,1
DATE-OBS,2026-09-05T22:53:39.058,1
DATE-OBS,2026-09-05T22:53:43.408,1
DATE-OBS,2026-09-05T22:53:46.158,1
DATE-OBS,2026-09-05T22:53:48.738,1
DATE-OBS,2026-09-05T22:54:08.648,1
DATE-OBS,2026-09-05T22:54:13.918,1
DATE-OBS,2026-09-05T22:54:17.198,1
DATE-OBS,2026-09-05T22:54:20.488,1
DATE-OBS,2026-09-05T22:54:25.708,1
DATE-OBS,2026-09-05T22:54:29.018,1
DATE-OBS,2026-09-05T22:54:32.328,1
DATE-OBS,2026-09-05T22:54:38.408,1
DATE-OBS,2026-09-05T22:54:41.688,1
DATE-OBS,2026-09-05T22:54:44.978,1
DATE-OBS,2026-09-05T22:55:01.218,1
DATE-OBS,2026-09-05T22:55:06.778,1
DATE-OBS,2026-09-05T22:55:10.238,1
DATE-OBS,2026-09-05T22:55:13.728,1
DATE-OBS,2026-09-05T22:55:19.168,1
DATE-OBS,2026-09-05T22:55:22.648,1
DATE-OBS,2026-09-05T22:55:26.198,1
DATE-OBS,2026-09-05T22:55:31.718,1
DATE-OBS,2026-09-05T22:55:35.228,1
DATE-OBS,2026-09-05T22:55:38.718,1
DATE-OBS,2026-09-05T22:56:00.568,1
DATE-OBS,2026-09-05T22:56:05.238,1
DATE-OBS,2026-09-05T22:56:08.018,1
DATE-OBS,2026-09-05T22:56:10.738,1
DATE-OBS,2026-09-05T22:56:15.508,1
DATE-OBS,2026-09-05T22:56:18.338,1
DATE-OBS,2026-09-05T22:56:21.138,1
DATE-OBS,2026-09-05T22:56:25.918,1
DATE-OBS,2026-09-05T22:56:28.728,1
DATE-OBS,2026-09-05T22:56:31.568,1
DATE-OBS,2026-09-05T22:56:52.528,1
DATE-OBS,2026-09-05T22:56:55.348,1
DATE-OBS,2026-09-05T22:57:00.098,1
DATE-OBS,2026-09-05T22:57:03.038,1
DATE-OBS,2026-09-05T22:57:05.728,1
DATE-OBS,2026-09-05T22:57:10.588,1
DATE-OBS,2026-09-05T22:57:13.418,1
DATE-OBS,2026-09-05T22:57:16.308,1
DATE-OBS,2026-09-05T22:57:21.178,1
DATE-OBS,2026-09-05T22:57:24.038,1
DATE-OBS,2026-09-05T22:57:44.728,1
DATE-OBS,2026-09-05T22:57:49.788,1
DATE-OBS,2026-09-05T22:57:52.738,1
DATE-OBS,2026-09-05T22:57:55.728,1
DATE-OBS,2026-09-05T22:58:00.808,1
DATE-OBS,2026-09-05T22:58:03.728,1
DATE-OBS,2026-09-05T22:58:06.728,1
DATE-OBS,2026-09-05T22:58:11.728,1
DATE-OBS,2026-09-05T22:58:14.728,1
DATE-OBS,2026-09-05T22:58:17.738,1
DATE-OBS,2026-09-05T22:58:35.828,1
DATE-OBS,2026-09-05T22:58:40.908,1
DATE-OBS,2026-09-05T22:58:43.728,1
DATE-OBS,2026-09-05T22:58:46.728,1
DATE-OBS,2026-09-05T22:58:51.408,1
DATE-OBS,2026-09-05T22:58:54.368,1
DATE-OBS,2026-09-05T22:58:57.398,1
DATE-OBS,2026-09-05T22:59:02.528,1
DATE-OBS,2026-09-05T22:59:05.598,1
DATE-OBS,2026-09-05T22:59:08.698,1
DATE-OBS,2026-09-05T22:59:30.028,1
DATE-OBS,2026-09-05T22:59:36.058,1
DATE-OBS,2026-09-05T22:59:40.138,1
DATE-OBS,2026-09-05T22:59:46.198,1
DATE-OBS,2026-09-05T22:59:50.278,1
DATE-OBS,2026-09-05T22:59:54.298,1
DATE-OBS,2026-09-05T22:59:58.348,1
DATE-OBS,2026-09-05T23:00:03.798,1
DATE-OBS,2026-09-05T23:00:07.728,1
DATE-OBS,2026-09-05T23:00:13.458,1
DATE-OBS,2026-09-05T23:11:47.493,1
DATE-OBS,2026-09-05T23:11:48.713,1
DATE-OBS,2026-09-05T23:11:49.0015,1
DATE-OBS,2026-09-05T23:12:15.925,1
DATE-OBS,2026-09-05T23:12:16.8829,1
DATE-OBS,2026-09-05T23:12:17.145,1
DATE-OBS,2026-09-05T23:12:33.676,1
DATE-OBS,2026-09-05T23:12:34.6052,1
DATE-OBS,2026-09-05T23:12:34.896,1
DATE-OBS,2026-09-05T23:17:33.111,1
DATE-OBS,2026-09-05T23:17:38.321,1
DATE-OBS,2026-09-05T23:17:41.5657,1
DATE-OBS,2026-09-05T23:21:56.032,1
DATE-OBS,2026-09-05T23:22:01.282,1
DATE-OBS,2026-09-05T23:22:04.5077,1
DATE-OBS,2026-09-06T03:33:02.897,1
DATE-OBS,2026-09-06T03:33:04.117,1
DATE-OBS,2026-09-06T03:33:04.3691,1
DATE-OBS,2026-09-06T03:33:31.929,1
DATE-OBS,2026-09-06T03:33:32.9184,1
DATE-OBS,2026-09-06T03:33:33.149,1
DATE-OBS,2026-09-06T03:33:48.681,1
DATE-OBS,2026-09-06T03:33:49.901,1
DATE-OBS,2026-09-06T03:33:49.9708,1
DATE-OBS,2026-09-06T04:21:42.923,1
DATE-OBS,2026-09-06T04:21:44.143,1
DATE-OBS,2026-09-06T04:21:44.3528,1
DATE-OBS,2026-09-06T04:22:12.125,1
DATE-OBS,2026-09-06T04:22:12.8981,1
DATE-OBS,2026-09-06T04:22:13.345,1
DATE-OBS,2026-09-06T05:08:18.799,1
DATE-OBS,2026-09-06T05:08:20.018,1
DATE-OBS,2026-09-06T05:08:20.2027,1
DATE-OBS,2026-09-06T05:08:47.931,1
DATE-OBS,2026-09-06T05:08:48.7510,1
DATE-OBS,2026-09-06T05:08:49.151,1
DATE-OBS,2026-09-06T05:09:05.692,1
DATE-OBS,2026-09-06T05:09:06.4724,1
DATE-OBS,2026-09-06T05:09:06.912,1
DATE-OBS,2026-09-06T06:07:37.636,1
DATE-OBS,2026-09-06T06:07:38.856,1
DATE-OBS,2026-09-06T06:07:39.0692,1
DATE-OBS,2026-09-06T06:08:06.088,1
DATE-OBS,2026-09-06T06:08:06.9487,1
DATE-OBS,2026-09-06T06:08:07.308,1
DATE-OBS,2026-09-06T06:08:24.200,1
DATE-OBS,2026-09-06T06:08:25.3360,1
DATE-OBS,2026-09-06T06:08:25.420,1
DATE-OBS,2026-09-06T07:53:09.668,1
DATE-OBS,2026-09-06T07:53:10.888,1
DATE-OBS,2026-09-06T07:53:11.1442,1
DATE-OBS,2026-09-06T07:53:37.940,1
DATE-OBS,2026-09-06T07:53:39.0255,1
DATE-OBS,2026-09-06T07:53:39.160,1
DATE-OBS,2026-09-06T07:53:53.672,1
DATE-OBS,2026-09-06T07:53:54.6922,1
DATE-OBS,2026-09-06T07:53:54.891,1
DATE-OBS,2026-09-06T08:00:40.754,1
DATE-OBS,2026-09-06T08:00:41.974,1
DATE-OBS,2026-09-06T08:00:42.1854,1
DATE-OBS,2026-09-06T08:01:10.927,1
DATE-OBS,2026-09-06T08:01:12.1206,1
DATE-OBS,2026-09-06T08:01:12.147,1
DATE-OBS,2026-09-06T08:01:28.668,1
DATE-OBS,2026-09-06T08:01:29.8401,1
DATE-OBS,2026-09-06T08:01:29.888,1
DATE-OBS,2026-09-06T08:03:33.488,1
DATE-OBS,2026-09-06T08:04:09.298,1
DATE-OBS,2026-09-06T08:04:59.035,1
DATE-OBS,2026-09-06T08:05:04.286,1
DATE-OBS,2026-09-06T08:05:07.3474,1
DATE-OBS,2026-09-06T08:14:05.529,1
DATE-OBS,2026-09-06T08:14:10.799,1
DATE-OBS,2026-09-06T08:14:14.0809,1
DATE-OBS,2026-09-06T08:23:05.472,1
DATE-OBS,2026-09-06T08:23:10.703,1
DATE-OBS,2026-09-06T08:23:13.4910,1
DATE-OBS,2026-09-06T08:32:11.797,1
DATE-OBS,2026-09-06T08:32:17.047,1
DATE-OBS,2026-09-06T08:32:20.2250,1
DATE-OBS,2026-09-06T08:41:13.900,1
DATE-OBS,2026-09-06T08:41:19.161,1
DATE-OBS,2026-09-06T08:41:22.2968,1
DATE-OBS,2026-09-06T08:50:20.485,1
DATE-OBS,2026-09-06T08:50:25.725,1
DATE-OBS,2026-09-06T08:50:29.0302,1
DATE-OBS,2026-09-06T09:02:39.595,1
DATE-OBS,2026-09-06T09:02:40.814,1
DATE-OBS,2026-09-06T09:02:41.0243,1
DATE-OBS,2026-09-06T09:03:09.917,1
DATE-OBS,2026-09-06T09:03:10.9586,1
DATE-OBS,2026-09-06T09:03:11.137,1
DATE-OBS,2026-09-06T09:03:27.198,1
DATE-OBS,2026-09-06T09:03:28.0140,1
DATE-OBS,2026-09-06T09:03:28.418,1
DATE-OBS,2026-09-06T10:01:10.128,1
DATE-OBS,2026-09-06T10:01:12.268,1
DATE-OBS,2026-09-06T10:01:14.418,1
DATE-OBS,2026-09-06T10:01:16.528,1
DATE-OBS,2026-09-06T10:01:18.708,1
DATE-OBS,2026-09-06T10:01:22.858,1
DATE-OBS,2026-09-06T10:01:25.018,1
DATE-OBS,2026-09-06T10:01:27.178,1
DATE-OBS,2026-09-06T10:01:29.378,1
DATE-OBS,2026-09-06T10:01:33.608,1
DATE-OBS,2026-09-06T10:01:44.690,1
DATE-OBS,2026-09-06T10:02:59.976,1
DATE-OBS,2026-09-06T10:04:33.794,1
DATE-OBS,2026-09-06T10:05:49.100,1
DATE-OBS,2026-09-06T10:07:25.988,1
DATE-OBS,2026-09-06T10:08:41.904,1
DATE-OBS,2026-09-06T10:10:18.001,1
DATE-OBS,2026-09-06T10:11:32.977,1
DATE-OBS,2026-09-06T10:11:58.6860,1
DATE-OBS,2026-09-06T10:12:14.7428,1
DATE-OBS,2026-09-06T10:12:30.7974,1
DATE-OBS,2026-09-06T10:13:06.955,1
DATE-OBS,2026-09-06T10:14:22.091,1
DATE-OBS,2026-09-06T10:15:58.969,1
DATE-OBS,2026-09-06T10:16:42.072,1
DATE-OBS,2026-09-06T10:17:34.957,1
DATE-OBS,2026-09-06T10:18:18.870,1
DATE-OBS,2026-09-06T10:19:11.954,1
DATE-OBS,2026-09-06T10:19:54.968,1
DATE-OBS,2026-09-06T10:20:48.072,1
DATE-OBS,2026-09-06T10:21:30.745,1
DATE-OBS,2026-09-06T10:22:24.070,1
DATE-OBS,2026-09-06T10:23:06.973,1
DATE-OBS,2026-09-06T10:23:59.948,1
DATE-OBS,2026-09-06T10:24:26.060,1
DATE-OBS,2026-09-06T10:24:58.952,1
DATE-OBS,2026-09-06T10:25:24.954,1
DATE-OBS,2026-09-06T10:25:57.057,1
DATE-OBS,2026-09-06T10:26:23.949,1
DATE-OBS,2026-09-06T10:26:52.701,1
DATE-OBS,2026-09-06T10:27:18.964,1
DATE-OBS,2026-09-06T10:27:51.056,1
DATE-OBS,2026-09-06T10:28:17.958,1
DATE-OBS,2026-09-06T10:28:50.011,1
DATE-OBS,2026-09-06T10:29:14.163,1
DATE-OBS,2026-09-06T10:29:43.135,1
DATE-OBS,2026-09-06T10:30:07.137,1
DATE-OBS,2026-09-06T10:30:36.039,1
DATE-OBS,2026-09-06T10:30:56.991,1
DATE-OBS,2026-09-06T10:31:26.143,1
DATE-OBS,2026-09-06T10:31:50.035,1
DATE-OBS,2026-09-06T10:32:19.148,1
DATE-OBS,2026-09-06T10:32:43.140,1
DATE-OBS,2026-09-06T10:33:08.852,1
DATE-OBS,2026-09-06T10:33:25.113,1
DATE-OBS,2026-09-06T10:33:43.995,1
DATE-OBS,2026-09-06T10:34:00.016,1
DATE-OBS,2026-09-06T10:34:15.777,1
DATE-OBS,2026-09-06T10:34:32.018,1
DATE-OBS,2026-09-06T10:34:51.010,1
DATE-OBS,2026-09-06T10:35:07.921,1
DATE-OBS,2026-09-06T10:35:27.123,1
DATE-OBS,2026-09-06T10:35:43.024,1
DATE-OBS,2026-09-06T10:36:02.006,1
DATE-OBS,2026-09-06T10:36:14.997,1
DATE-OBS,2026-09-06T10:36:29.108,1
DATE-OBS,2026-09-06T10:36:41.989,1
DATE-OBS,2026-09-06T10:36:56.110,1
DATE-OBS,2026-09-06T10:37:09.021,1
DATE-OBS,2026-09-06T10:37:19.992,1
DATE-OBS,2026-09-06T10:37:33.003,1
DATE-OBS,2026-09-06T10:37:47.104,1
DATE-OBS,2026-09-06T10:38:00.005,1
DATE-OBS,2026-09-06T10:38:13.4515,1
DATE-OBS,2026-09-06T10:40:27.3456,1
DATE-OBS,2026-09-06T10:42:37.8945,1
DATE-OBS,2026-09-06T10:44:49.2527,1
DATE-OBS,2026-09-06T10:54:58.0107,1
DATE-OBS,2026-09-06T11:05:03.4427,1
DATE-OBS,2026-09-06T11:15:13.0084,1
DATE-OBS,2026-09-06T11:15:34.3797,1
DATE-OBS,2026-09-06T11:15:55.7507,1
DATE-OBS,2026-09-06T11:16:18.6148,1
DATE-OBS,2026-09-06T11:24:24.1067,1
DATE-OBS,2026-09-06T11:32:32.2636,1
DATE-OBS,2026-09-06T11:41:07.029,1
DATE-OBS,2026-09-06T11:41:07.8541,1
DATE-OBS,2026-09-06T11:41:08.248,1
DATE-OBS,2026-09-06T11:41:35.791,1
DATE-OBS,2026-09-06T11:41:37.011,1
DATE-OBS,2026-09-06T11:41:37.0672,1
DATE-OBS,2026-09-06T11:41:53.542,1
DATE-OBS,2026-09-06T11:41:54.762,1
DATE-OBS,2026-09-06T11:41:54.7866,1
DATE-OBS,2026-09-06T11:44:51.016,1
DATE-OBS,2026-09-06T11:46:55.606,1
DATE-OBS,2026-09-06T11:48:59.976,1
DATE-OBS,2026-09-06T11:51:04.3500,1
DATE-OBS,2026-09-06T11:51:25.9100,1
DATE-OBS,2026-09-06T11:54:37.813,1
DATE-OBS,2026-09-06T11:55:24.637,1
DATE-OBS,2026-09-06T11:56:12.861,1
DATE-OBS,2026-09-06T11:56:59.955,1
DATE-OBS,2026-09-06T11:57:46.959,1
DATE-OBS,2026-09-06T11:59:11.335,1
DATE-OBS,2026-09-06T12:00:01.960,1
DATE-OBS,2026-09-06T12:00:53.106,1
DATE-OBS,2026-09-06T12:01:39.927,1
DATE-OBS,2026-09-06T12:02:29.951,1
DATE-OBS,2026-09-06T12:03:29.426,1
DATE-OBS,2026-09-06T12:04:30.931,1
DATE-OBS,2026-09-06T12:05:32.067,1
DATE-OBS,2026-09-06T12:06:32.961,1
DATE-OBS,2026-09-06T12:07:34.036,1
DATE-OBS,2026-09-06T12:08:41.5281,1
DATE-OBS,2026-09-06T12:09:06.4889,1
DATE-OBS,2026-09-06T12:09:34.1263,1
DATE-OBS,2026-09-06T12:10:03.0976,1
DATE-OBS,2026-09-06T12:10:30.7322,1
DATE-OBS,2026-09-06T12:10:59.7077,1
DATE-OBS,2026-09-06T12:11:27.3409,1
DATE-OBS,2026-09-06T12:11:55.6466,1
DATE-OBS,2026-09-06T12:12:19.9406,1
DATE-OBS,2026-09-06T12:12:48.2448,1
DATE-OBS,2026-09-06T12:13:25.484,1
DATE-OBS,2026-09-06T12:14:51.131,1
DATE-OBS,2026-09-06T12:16:15.127,1
DATE-OBS,2026-09-06T12:17:37.004,1
DATE-OBS,2026-09-06T12:19:01.991,1
DATE-OBS,2026-09-06T12:22:36.968,1
DATE-OBS,2026-09-06T12:22:55.760,1
DATE-OBS,2026-09-06T12:23:12.991,1
DATE-OBS,2026-09-06T12:23:31.102,1
DATE-OBS,2026-09-06T12:23:48.984,1
DATE-OBS,2026-09-06T12:24:44.378,1
DATE-OBS,2026-09-06T12:25:03.730,1
DATE-OBS,2026-09-06T12:25:25.996,1
DATE-OBS,2026-09-06T12:25:48.103,1
DATE-OBS,2026-09-06T12:26:06.945,1
DATE-OBS,2026-09-06T12:28:40.027,1
DATE-OBS,2026-09-06T12:29:16.030,1
DATE-OBS,2026-09-06T12:29:52.123,1
DATE-OBS,2026-09-06T12:30:24.796,1
DATE-OBS,2026-09-06T12:31:01.148,1
DATE-OBS,2026-09-06T12:32:17.685,1
DATE-OBS,2026-09-06T12:33:13.119,1
DATE-OBS,2026-09-06T12:34:08.013,1
DATE-OBS,2026-09-06T12:35:03.128,1
DATE-OBS,2026-09-06T12:35:58.132,1
DATE-OBS,2026-09-06T12:36:55.127,1
DATE-OBS,2026-09-06T12:37:46.991,1
DATE-OBS,2026-09-06T12:38:42.005,1
DATE-OBS,2026-09-06T12:39:37.020,1
DATE-OBS,2026-09-06T12:40:32.129,1
DATE-OBS,2026-09-06T12:41:42.1406,1
DATE-OBS,2026-09-06T12:42:00.2869,1
DATE-OBS,2026-09-06T12:42:17.7413,1
DATE-OBS,2026-09-06T12:42:35.8878,1
DATE-OBS,2026-09-06T12:42:52.6503,1
DATE-OBS,2026-09-06T12:43:07.3309,1
DATE-OBS,2026-09-06T12:43:24.0913,1
DATE-OBS,2026-09-06T12:43:42.2377,1
DATE-OBS,2026-09-06T12:43:58.9993,1
DATE-OBS,2026-09-06T12:44:13.6809,1
DATE-OBS,2026-09-06T12:44:49.9076,1
DATE-OBS,2026-09-06T12:45:08.7469,1
DATE-OBS,2026-09-06T12:45:26.2023,1
DATE-OBS,2026-09-06T12:45:44.3467,1
DATE-OBS,2026-09-06T12:46:01.8021,1
DATE-OBS,2026-09-06T12:46:19.2553,1
DATE-OBS,2026-09-06T12:46:36.0149,1
DATE-OBS,2026-09-06T12:46:54.1601,1
DATE-OBS,2026-09-06T12:47:10.9197,1
DATE-OBS,2026-09-06T12:47:26.2944,1
DATE-OBS,2026-09-06T12:48:25.512,1
DATE-OBS,2026-09-06T12:48:30.603,1
DATE-OBS,2026-09-06T12:50:00.1314,1
DATE-OBS,2026-09-06T12:50:10.4535,1
DATE-OBS,2026-09-06T12:50:40.1057,1
DATE-OBS,2026-09-06T12:50:50.4280,1
DATE-OBS,2026-09-06T13:50:05.989,1
DATE-OBS,2026-09-06T13:50:11.149,1
DATE-OBS,2026-09-06T14:50:49.921,1
DATE-OBS,2026-09-06T14:50:56.022,1
DATE-OBS,2026-09-06T15:51:33.604,1
DATE-OBS,2026-09-06T15:51:39.715,1
DATE-OBS,2026-09-06T19:35:10.683,1
DATE-OBS,2026-09-06T19:35:11.8102,1
DATE-OBS,2026-09-06T19:35:11.892,1
DATE-OBS,2026-09-06T19:35:39.224,1
DATE-OBS,2026-09-06T19:35:40.3586,1
DATE-OBS,2026-09-06T19:35:40.444,1
DATE-OBS,2026-09-06T19:38:37.878,1
DATE-OBS,2026-09-06T19:40:42.958,1
DATE-OBS,2026-09-06T19:42:44.438,1
DATE-OBS,2026-09-06T19:44:49.2588,1
DATE-OBS,2026-09-06T19:45:11.4826,1
DATE-OBS,2026-09-07T10:05:27.698,1
DATE-OBS,2026-09-07T10:05:29.828,1
DATE-OBS,2026-09-07T10:05:33.918,1
DATE-OBS,2026-09-07T10:05:36.138,1
DATE-OBS,2026-09-07T10:05:38.278,1
DATE-OBS,2026-09-07T10:05:40.458,1
DATE-OBS,2026-09-07T10:05:44.508,1
DATE-OBS,2026-09-07T10:05:46.558,1
DATE-OBS,2026-09-07T10:05:48.558,1
DATE-OBS,2026-09-07T10:05:50.558,1
DATE-OBS,2026-09-07T10:05:59.183,1
DATE-OBS,2026-09-07T10:07:14.509,1
DATE-OBS,2026-09-07T10:08:51.436,1
DATE-OBS,2026-09-07T10:10:06.542,1
DATE-OBS,2026-09-07T10:11:44.340,1
DATE-OBS,2026-09-07T10:12:56.426,1
DATE-OBS,2026-09-07T10:14:33.524,1
DATE-OBS,2026-09-07T10:15:48.550,1
DATE-OBS,2026-09-07T10:16:10.4637,1
DATE-OBS,2026-09-07T10:16:26.5204,1
DATE-OBS,2026-09-07T10:16:42.5747,1
DATE-OBS,2026-09-07T10:17:25.417,1
DATE-OBS,2026-09-07T10:18:40.533,1
DATE-OBS,2026-09-07T10:20:18.301,1
DATE-OBS,2026-09-07T10:21:00.515,1
DATE-OBS,2026-09-07T10:21:53.409,1
DATE-OBS,2026-09-07T10:22:33.162,1
DATE-OBS,2026-09-07T10:23:26.396,1
DATE-OBS,2026-09-07T10:24:09.510,1
DATE-OBS,2026-09-07T10:25:02.404,1
DATE-OBS,2026-09-07T10:25:42.347,1
DATE-OBS,2026-09-07T10:26:35.401,1
DATE-OBS,2026-09-07T10:27:18.515,1
DATE-OBS,2026-09-07T10:28:11.499,1
DATE-OBS,2026-09-07T10:28:38.421,1
DATE-OBS,2026-09-07T10:29:10.414,1
DATE-OBS,2026-09-07T10:29:36.386,1
DATE-OBS,2026-09-07T10:30:05.178,1
DATE-OBS,2026-09-07T10:30:31.500,1
DATE-OBS,2026-09-07T10:31:04.143,1
DATE-OBS,2026-09-07T10:31:30.405,1
DATE-OBS,2026-09-07T10:32:02.497,1
DATE-OBS,2026-09-07T10:32:29.490,1
DATE-OBS,2026-09-07T10:33:02.562,1
DATE-OBS,2026-09-07T10:33:26.634,1
DATE-OBS,2026-09-07T10:33:55.576,1
DATE-OBS,2026-09-07T10:34:19.498,1
DATE-OBS,2026-09-07T10:34:48.581,1
DATE-OBS,2026-09-07T10:35:09.482,1
DATE-OBS,2026-09-07T10:35:38.495,1
DATE-OBS,2026-09-07T10:36:02.597,1
DATE-OBS,2026-09-07T10:36:31.479,1
DATE-OBS,2026-09-07T10:36:55.591,1
DATE-OBS,2026-09-07T10:37:21.303,1
DATE-OBS,2026-09-07T10:37:37.454,1
DATE-OBS,2026-09-07T10:37:56.446,1
DATE-OBS,2026-09-07T10:38:12.587,1
DATE-OBS,2026-09-07T10:38:28.278,1
DATE-OBS,2026-09-07T10:38:44.560,1
DATE-OBS,2026-09-07T10:39:03.551,1
DATE-OBS,2026-09-07T10:39:20.362,1
DATE-OBS,2026-09-07T10:39:39.564,1
DATE-OBS,2026-09-07T10:39:55.575,1
DATE-OBS,2026-09-07T10:40:14.547,1
DATE-OBS,2026-09-07T10:40:27.568,1
DATE-OBS,2026-09-07T10:40:41.449,1
DATE-OBS,2026-09-07T10:40:54.550,1
DATE-OBS,2026-09-07T10:41:08.441,1
DATE-OBS,2026-09-07T10:41:21.452,1
DATE-OBS,2026-09-07T10:41:32.403,1
DATE-OBS,2026-09-07T10:41:45.564,1
DATE-OBS,2026-09-07T10:41:59.455,1
DATE-OBS,2026-09-07T10:42:12.446,1
DATE-OBS,2026-09-07T10:42:42.389,1
DATE-OBS,2026-09-07T10:42:43.2153,1
DATE-OBS,2026-09-07T10:42:43.609,1
DATE-OBS,2026-09-07T10:43:11.231,1
DATE-OBS,2026-09-07T10:43:12.4306,1
DATE-OBS,2026-09-07T10:43:12.451,1
DATE-OBS,2026-09-07T10:43:28.472,1
DATE-OBS,2026-09-07T10:43:29.4841,1
DATE-OBS,2026-09-07T10:43:29.692,1
DATE-OBS,2026-09-07T10:46:26.506,1
DATE-OBS,2026-09-07T10:48:31.846,1
DATE-OBS,2026-09-07T10:50:34.096,1
DATE-OBS,2026-09-07T10:52:39.0450,1
DATE-OBS,2026-09-07T10:53:00.6042,1
DATE-OBS,2026-09-07T10:54:00.134,1
DATE-OBS,2026-09-07T10:54:05.264,1
DATE-OBS,2026-09-07T10:55:47.0182,1
DATE-OBS,2026-09-07T10:56:52.1171,1
DATE-OBS,2026-09-07T11:00:08.423,1
DATE-OBS,2026-09-07T11:01:42.091,1
DATE-OBS,2026-09-07T11:02:53.856,1
DATE-OBS,2026-09-07T11:04:41.3157,1
DATE-OBS,2026-09-07T11:04:53.6504,1
DATE-OBS,2026-09-07T11:05:46.080,1
DATE-OBS,2026-09-07T11:05:51.231,1
DATE-OBS,2026-09-07T11:07:25.3368,1
DATE-OBS,2026-09-07T11:07:54.1131,1
DATE-OBS,2026-09-07T11:10:45.694,1
DATE-OBS,2026-09-07T11:11:21.447,1
DATE-OBS,2026-09-07T11:11:59.390,1
DATE-OBS,2026-09-07T11:12:37.503,1
DATE-OBS,2026-09-07T11:13:15.496,1
DATE-OBS,2026-09-07T11:14:34.063,1
DATE-OBS,2026-09-07T11:15:36.108,1
DATE-OBS,2026-09-07T11:16:35.452,1
DATE-OBS,2026-09-07T11:17:37.417,1
DATE-OBS,2026-09-07T11:18:39.572,1
DATE-OBS,2026-09-07T11:19:46.648,1
DATE-OBS,2026-09-07T11:20:48.203,1
DATE-OBS,2026-09-07T11:21:49.447,1
DATE-OBS,2026-09-07T11:22:50.422,1
DATE-OBS,2026-09-07T11:23:54.238,1
DATE-OBS,2026-09-07T11:25:08.5924,1
DATE-OBS,2026-09-07T11:25:30.8984,1
DATE-OBS,2026-09-07T11:25:53.2042,1
DATE-OBS,2026-09-07T11:26:15.5134,1
DATE-OBS,2026-09-07T11:26:36.4334,1
DATE-OBS,2026-09-07T11:26:59.4313,1
DATE-OBS,2026-09-07T11:27:20.3505,1
DATE-OBS,2026-09-07T11:27:42.6562,1
DATE-OBS,2026-09-07T11:28:00.8059,1
DATE-OBS,2026-09-07T11:28:23.1095,1
DATE-OBS,2026-09-07T11:29:00.0012,1
DATE-OBS,2026-09-07T11:29:22.3074,1
DATE-OBS,2026-09-07T11:29:43.2264,1
DATE-OBS,2026-09-07T11:30:06.2274,1
DATE-OBS,2026-09-07T11:30:27.1486,1
DATE-OBS,2026-09-07T11:30:49.4576,1
DATE-OBS,2026-09-07T11:31:07.6037,1
DATE-OBS,2026-09-07T11:31:29.9109,1
DATE-OBS,2026-09-07T11:31:50.8300,1
DATE-OBS,2026-09-07T11:32:13.1390,1
DATE-OBS,2026-09-07T11:33:16.583,1
DATE-OBS,2026-09-07T11:33:21.693,1
DATE-OBS,2026-09-07T11:34:54.4814,1
DATE-OBS,2026-09-07T11:35:07.3352,1
DATE-OBS,2026-09-07T11:35:35.6748,1
DATE-OBS,2026-09-07T11:35:48.5314,1
DATE-OBS,2026-09-07T19:49:31.674,1
DATE-OBS,2026-09-07T19:49:32.7971,1
DATE-OBS,2026-09-07T19:49:32.894,1
DATE-OBS,2026-09-07T19:50:00.406,1
DATE-OBS,2026-09-07T19:50:01.3444,1
DATE-OBS,2026-09-07T19:50:01.626,1
DATE-OBS,2026-09-07T19:50:17.667,1
DATE-OBS,2026-09-07T19:50:18.4000,1
DATE-OBS,2026-09-07T19:50:18.887,1
DATE-OBS,2026-09-07T19:53:16.001,1
DATE-OBS,2026-09-07T19:55:20.201,1
DATE-OBS,2026-09-07T19:57:25.461,1
DATE-OBS,2026-09-07T19:59:29.3001,1
DATE-OBS,2026-09-07T19:59:51.5264,1
DATE-OBS,2026-09-07T23:25:04.692,1
DATE-OBS,2026-09-07T23:26:41.319,1
DATE-OBS,2026-09-07T23:28:20.687,1
DATE-OBS,2026-09-07T23:30:03.676,1
DATE-OBS,2026-09-07T23:31:44.674,1
DATE-OBS,2026-09-07T23:33:26.682,1
DATE-OBS,2026-09-07T23:35:08.571,1
DATE-OBS,2026-09-07T23:36:51.568,1
DATE-OBS,2026-09-07T23:38:34.587,1
DATE-OBS,2026-09-07T23:40:21.475,1
DATE-OBS,2026-09-07T23:42:05.594,1
DATE-OBS,2026-09-07T23:43:50.252,1
DATE-OBS,2026-09-07T23:45:35.560,1
DATE-OBS,2026-09-07T23:47:21.569,1
DATE-OBS,2026-09-07T23:49:04.327,1
DATE-OBS,2026-09-07T23:50:51.676,1
DATE-OBS,2026-09-07T23:52:38.545,1
DATE-OBS,2026-09-07T23:54:23.323,1
DATE-OBS,2026-09-07T23:56:11.512,1
DATE-OBS,2026-09-07T23:58:01.671,1
DATE-OBS,2026-09-07T23:59:48.319,1
DATE-OBS,2026-09-08T00:01:40.678,1
DATE-OBS,2026-09-08T00:03:31.687,1
DATE-OBS,2026-09-08T00:05:23.686,1
DATE-OBS,2026-09-08T00:07:12.565,1
DATE-OBS,2026-09-08T00:09:05.574,1
DATE-OBS,2026-09-08T00:10:58.593,1
DATE-OBS,2026-09-08T00:12:53.682,1
DATE-OBS,2026-09-08T00:14:44.321,1
DATE-OBS,2026-09-08T00:16:39.681,1
DATE-OBS,2026-09-08T00:18:34.670,1
DATE-OBS,2026-09-08T00:20:30.579,1
DATE-OBS,2026-09-08T00:22:26.689,1
DATE-OBS,2026-09-08T00:24:03.596,1
DATE-OBS,2026-09-08T00:25:40.584,1
DATE-OBS,2026-09-08T00:27:17.712,1
DATE-OBS,2026-09-08T00:28:54.680,1
DATE-OBS,2026-09-08T00:32:00.505,1
DATE-OBS,2026-09-08T00:32:27.637,1
DATE-OBS,2026-09-08T00:32:51.599,1
DATE-OBS,2026-09-08T00:33:25.612,1
DATE-OBS,2026-09-08T00:33:56.594,1
DATE-OBS,2026-09-08T00:34:37.707,1
DATE-OBS,2026-09-08T00:35:18.721,1
DATE-OBS,2026-09-08T00:36:03.564,1
DATE-OBS,2026-09-08T00:36:51.708,1
DATE-OBS,2026-09-08T00:37:46.623,1
DATE-OBS,2026-09-08T00:38:41.727,1
DATE-OBS,2026-09-08T00:39:43.712,1
DATE-OBS,2026-09-08T00:40:45.627,1
DATE-OBS,2026-09-08T00:41:54.703,1
DATE-OBS,2026-09-08T00:43:03.618,1
DATE-OBS,2026-09-08T00:44:19.714,1
DATE-OBS,2026-09-08T00:45:36.511,1
DATE-OBS,2026-09-08T00:46:59.617,1
DATE-OBS,2026-09-08T00:48:22.714,1
DATE-OBS,2026-09-08T00:49:52.351,1
DATE-OBS,2026-09-08T00:51:22.708,1
DATE-OBS,2026-09-08T00:52:59.726,1
DATE-OBS,2026-09-08T00:54:36.714,1
DATE-OBS,2026-09-08T00:56:17.372,1
DATE-OBS,2026-09-08T00:58:01.610,1
DATE-OBS,2026-09-08T00:59:52.639,1
DATE-OBS,2026-09-08T01:01:43.398,1
DATE-OBS,2026-09-08T01:03:40.288,1
DATE-OBS,2026-09-08T01:05:39.417,1
DATE-OBS,2026-09-08T01:07:41.237,1
DATE-OBS,2026-09-08T01:09:46.627,1
DATE-OBS,2026-09-08T01:11:58.718,1
DATE-OBS,2026-09-08T01:14:11.429,1
DATE-OBS,2026-09-08T01:14:35.710,1
DATE-OBS,2026-09-08T01:14:59.722,1
DATE-OBS,2026-09-08T01:15:20.604,1
DATE-OBS,2026-09-08T01:15:44.636,1
DATE-OBS,2026-09-08T01:16:53.201,1
DATE-OBS,2026-09-08T01:17:08.673,1
DATE-OBS,2026-09-08T01:17:25.385,1
DATE-OBS,2026-09-08T01:17:42.685,1
DATE-OBS,2026-09-08T01:17:59.597,1
DATE-OBS,2026-09-08T01:18:17.678,1
DATE-OBS,2026-09-08T01:18:33.560,1
DATE-OBS,2026-09-08T01:18:53.581,1
DATE-OBS,2026-09-08T01:19:13.583,1
DATE-OBS,2026-09-08T01:19:35.575,1
DATE-OBS,2026-09-08T01:19:57.676,1
DATE-OBS,2026-09-08T01:20:20.578,1
DATE-OBS,2026-09-08T01:20:40.320,1
DATE-OBS,2026-09-08T01:21:04.572,1
DATE-OBS,2026-09-08T01:21:28.604,1
DATE-OBS,2026-09-08T01:21:54.566,1
DATE-OBS,2026-09-08T01:22:20.578,1
DATE-OBS,2026-09-08T01:22:44.560,1
DATE-OBS,2026-09-08T01:23:11.702,1
DATE-OBS,2026-09-08T01:23:40.684,1
DATE-OBS,2026-09-08T01:24:09.677,1
DATE-OBS,2026-09-08T01:24:40.679,1
DATE-OBS,2026-09-08T01:25:10.681,1
DATE-OBS,2026-09-08T01:25:42.584,1
DATE-OBS,2026-09-08T01:26:14.597,1
DATE-OBS,2026-09-08T01:26:48.679,1
DATE-OBS,2026-09-08T01:27:22.592,1
DATE-OBS,2026-09-08T01:27:57.675,1
DATE-OBS,2026-09-08T01:28:32.678,1
DATE-OBS,2026-09-08T01:29:08.501,1
DATE-OBS,2026-09-08T01:29:44.583,1
DATE-OBS,2026-09-08T01:30:22.187,1
DATE-OBS,2026-09-08T01:31:00.640,1
DATE-OBS,2026-09-08T01:31:13.701,1
DATE-OBS,2026-09-08T01:31:26.592,1
DATE-OBS,2026-09-08T01:31:39.613,1
DATE-OBS,2026-09-08T01:31:52.624,1
DATE-OBS,2026-09-08T01:32:48.878,1
DATE-OBS,2026-09-08T01:33:07.600,1
DATE-OBS,2026-09-08T01:33:23.331,1
DATE-OBS,2026-09-08T01:33:45.683,1
DATE-OBS,2026-09-08T01:34:08.605,1
DATE-OBS,2026-09-08T01:34:31.337,1
DATE-OBS,2026-09-08T01:34:57.609,1
DATE-OBS,2026-09-08T01:35:27.591,1
DATE-OBS,2026-09-08T01:35:56.693,1
DATE-OBS,2026-09-08T01:36:29.276,1
DATE-OBS,2026-09-08T01:37:02.699,1
DATE-OBS,2026-09-08T01:37:36.331,1
DATE-OBS,2026-09-08T01:38:12.694,1
DATE-OBS,2026-09-08T01:38:52.568,1
DATE-OBS,2026-09-08T01:39:33.381,1
DATE-OBS,2026-09-08T01:40:16.694,1
DATE-OBS,2026-09-08T01:41:00.598,1
DATE-OBS,2026-09-08T01:41:47.232,1
DATE-OBS,2026-09-08T01:42:34.705,1
DATE-OBS,2026-09-08T01:43:25.689,1
DATE-OBS,2026-09-08T01:44:16.584,1
DATE-OBS,2026-09-08T01:45:10.698,1
DATE-OBS,2026-09-08T01:46:01.572,1
DATE-OBS,2026-09-08T01:47:00.387,1
DATE-OBS,2026-09-08T01:48:00.412,1
DATE-OBS,2026-09-08T01:49:01.587,1
DATE-OBS,2026-09-08T01:50:02.592,1
DATE-OBS,2026-09-08T01:51:04.576,1
DATE-OBS,2026-09-08T01:52:08.692,1
DATE-OBS,2026-09-08T01:53:13.337,1
DATE-OBS,2026-09-08T01:54:18.342,1
DATE-OBS,2026-09-08T01:55:29.408,1
DATE-OBS,2026-09-08T01:56:40.713,1
DATE-OBS,2026-09-08T01:56:56.705,1
DATE-OBS,2026-09-08T01:57:12.606,1
DATE-OBS,2026-09-08T01:57:25.587,1
DATE-OBS,2026-09-08T01:57:41.698,1
DATE-OBS,2026-09-08T03:06:48.821,1
DATE-OBS,2026-09-08T03:07:10.703,1
DATE-OBS,2026-09-08T03:07:32.705,1
DATE-OBS,2026-09-08T03:07:56.506,1
DATE-OBS,2026-09-08T03:08:19.698,1
DATE-OBS,2026-09-08T03:08:43.701,1
DATE-OBS,2026-09-08T03:09:05.532,1
DATE-OBS,2026-09-08T03:09:30.704,1
DATE-OBS,2026-09-08T03:09:55.716,1
DATE-OBS,2026-09-08T03:10:22.688,1
DATE-OBS,2026-09-08T03:10:49.680,1
DATE-OBS,2026-09-08T03:11:14.582,1
DATE-OBS,2026-09-08T03:11:44.715,1
DATE-OBS,2026-09-08T03:12:14.597,1
DATE-OBS,2026-09-08T03:12:44.600,1
DATE-OBS,2026-09-08T03:13:15.702,1
DATE-OBS,2026-09-08T03:13:46.705,1
DATE-OBS,2026-09-08T03:14:19.297,1
DATE-OBS,2026-09-08T03:14:51.700,1
DATE-OBS,2026-09-08T03:15:22.622,1
DATE-OBS,2026-09-08T03:15:56.595,1
DATE-OBS,2026-09-08T03:16:28.347,1
DATE-OBS,2026-09-08T03:17:03.601,1
DATE-OBS,2026-09-08T03:17:40.604,1
DATE-OBS,2026-09-08T03:18:17.576,1
DATE-OBS,2026-09-08T03:18:55.589,1
DATE-OBS,2026-09-08T03:19:33.692,1
DATE-OBS,2026-09-08T03:20:13.556,1
DATE-OBS,2026-09-08T03:20:52.619,1
DATE-OBS,2026-09-08T03:21:32.682,1
DATE-OBS,2026-09-08T03:22:13.595,1
DATE-OBS,2026-09-08T03:22:52.338,1
DATE-OBS,2026-09-08T03:23:34.712,1
DATE-OBS,2026-09-08T03:23:50.593,1
DATE-OBS,2026-09-08T03:24:09.615,1
DATE-OBS,2026-09-08T03:24:28.596,1
DATE-OBS,2026-09-08T03:24:48.408,1
DATE-OBS,2026-09-08T03:25:49.653,1
DATE-OBS,2026-09-08T03:26:03.334,1
DATE-OBS,2026-09-08T03:26:19.685,1
DATE-OBS,2026-09-08T03:26:36.676,1
DATE-OBS,2026-09-08T03:26:54.488,1
DATE-OBS,2026-09-08T03:27:12.679,1
DATE-OBS,2026-09-08T03:27:30.581,1
DATE-OBS,2026-09-08T03:27:49.582,1
DATE-OBS,2026-09-08T03:28:05.513,1
DATE-OBS,2026-09-08T03:28:24.595,1
DATE-OBS,2026-09-08T03:28:44.587,1
DATE-OBS,2026-09-08T03:29:05.678,1
DATE-OBS,2026-09-08T03:29:26.680,1
DATE-OBS,2026-09-08T03:29:47.672,1
DATE-OBS,2026-09-08T03:30:08.383,1
DATE-OBS,2026-09-08T03:30:30.595,1
DATE-OBS,2026-09-08T03:30:52.697,1
DATE-OBS,2026-09-08T03:31:12.569,1
DATE-OBS,2026-09-08T03:31:37.680,1
DATE-OBS,2026-09-08T03:32:01.572,1
DATE-OBS,2026-09-08T03:32:25.294,1
DATE-OBS,2026-09-08T03:32:47.206,1
DATE-OBS,2026-09-08T03:33:12.368,1
DATE-OBS,2026-09-08T03:33:37.690,1
DATE-OBS,2026-09-08T03:34:03.692,1
DATE-OBS,2026-09-08T03:34:26.344,1
DATE-OBS,2026-09-08T03:34:52.607,1
DATE-OBS,2026-09-08T03:35:20.388,1
DATE-OBS,2026-09-08T03:35:47.601,1
DATE-OBS,2026-09-08T03:36:15.583,1
DATE-OBS,2026-09-08T03:36:43.585,1
DATE-OBS,2026-09-08T03:37:12.687,1
DATE-OBS,2026-09-08T03:37:38.340,1
DATE-OBS,2026-09-08T03:37:51.601,1
DATE-OBS,2026-09-08T03:38:05.592,1
DATE-OBS,2026-09-08T03:38:18.703,1
DATE-OBS,2026-09-08T03:38:33.384,1
DATE-OBS,2026-09-08T08:20:53.268,1
DATE-OBS,2026-09-08T08:20:55.348,1
DATE-OBS,2026-09-08T08:20:57.348,1
DATE-OBS,2026-09-08T08:20:59.348,1
DATE-OBS,2026-09-08T08:21:01.348,1
DATE-OBS,2026-09-08T08:21:05.528,1
DATE-OBS,2026-09-08T08:21:07.718,1
DATE-OBS,2026-09-08T08:21:09.928,1
DATE-OBS,2026-09-08T08:21:12.128,1
DATE-OBS,2026-09-08T08:21:16.348,1
DATE-OBS,2026-09-08T08:21:24.247,1
DATE-OBS,2026-09-08T08:22:39.693,1
DATE-OBS,2026-09-08T08:24:13.550,1
DATE-OBS,2026-09-08T08:25:28.696,1
DATE-OBS,2026-09-08T08:27:05.704,1
DATE-OBS,2026-09-08T08:28:21.510,1
DATE-OBS,2026-09-08T08:29:57.638,1
DATE-OBS,2026-09-08T08:31:12.714,1
DATE-OBS,2026-09-08T08:31:38.3295,1
DATE-OBS,2026-09-08T08:31:54.3840,1
DATE-OBS,2026-09-08T08:32:10.4397,1
DATE-OBS,2026-09-08T08:32:46.592,1
DATE-OBS,2026-09-08T08:34:01.617,1
DATE-OBS,2026-09-08T08:35:38.575,1
DATE-OBS,2026-09-08T08:36:21.679,1
DATE-OBS,2026-09-08T08:37:14.683,1
DATE-OBS,2026-09-08T08:37:58.476,1
DATE-OBS,2026-09-08T08:38:51.681,1
DATE-OBS,2026-09-08T08:39:34.574,1
DATE-OBS,2026-09-08T08:40:27.608,1
DATE-OBS,2026-09-08T08:41:10.652,1
DATE-OBS,2026-09-08T08:42:03.686,1
DATE-OBS,2026-09-08T08:42:46.690,1
DATE-OBS,2026-09-08T08:43:39.574,1
DATE-OBS,2026-09-08T08:44:05.566,1
DATE-OBS,2026-09-08T08:44:37.659,1
DATE-OBS,2026-09-08T08:45:04.671,1
DATE-OBS,2026-09-08T08:45:37.383,1
DATE-OBS,2026-09-08T08:46:03.576,1
DATE-OBS,2026-09-08T08:46:32.538,1
DATE-OBS,2026-09-08T08:46:58.670,1
DATE-OBS,2026-09-08T08:47:32.363,1
DATE-OBS,2026-09-08T08:47:58.665,1
DATE-OBS,2026-09-08T08:48:30.567,1
DATE-OBS,2026-09-08T08:48:54.749,1
DATE-OBS,2026-09-08T08:49:23.652,1
DATE-OBS,2026-09-08T08:49:44.413,1
DATE-OBS,2026-09-08T08:50:12.746,1
DATE-OBS,2026-09-08T08:50:37.578,1
DATE-OBS,2026-09-08T08:51:06.760,1
DATE-OBS,2026-09-08T08:51:30.762,1
DATE-OBS,2026-09-08T08:51:59.654,1
DATE-OBS,2026-09-08T08:52:23.656,1
DATE-OBS,2026-09-08T08:52:49.609,1
DATE-OBS,2026-09-08T08:53:05.650,1
DATE-OBS,2026-09-08T08:53:24.621,1
DATE-OBS,2026-09-08T08:53:40.632,1
DATE-OBS,2026-09-08T08:53:56.614,1
DATE-OBS,2026-09-08T08:54:12.655,1
DATE-OBS,2026-09-08T08:54:31.736,1
DATE-OBS,2026-09-08T08:54:47.738,1
DATE-OBS,2026-09-08T08:55:03.429,1
DATE-OBS,2026-09-08T08:55:19.640,1
DATE-OBS,2026-09-08T08:55:38.612,1
DATE-OBS,2026-09-08T08:55:51.623,1
DATE-OBS,2026-09-08T08:56:02.614,1
DATE-OBS,2026-09-08T08:56:15.635,1
DATE-OBS,2026-09-08T08:56:29.746,1
DATE-OBS,2026-09-08T08:56:42.727,1
DATE-OBS,2026-09-08T08:56:56.718,1
DATE-OBS,2026-09-08T08:57:06.569,1
DATE-OBS,2026-09-08T08:57:19.730,1
DATE-OBS,2026-09-08T08:57:32.621,1
DATE-OBS,2026-09-08T08:58:02.844,1
DATE-OBS,2026-09-08T08:58:03.6417,1
DATE-OBS,2026-09-08T08:58:04.064,1
DATE-OBS,2026-09-08T08:58:31.416,1
DATE-OBS,2026-09-08T08:58:32.1881,1
DATE-OBS,2026-09-08T08:58:32.636,1
DATE-OBS,2026-09-08T09:01:28.680,1
DATE-OBS,2026-09-08T09:03:33.230,1
DATE-OBS,2026-09-08T09:05:37.630,1
DATE-OBS,2026-09-08T09:07:43.7508,1
DATE-OBS,2026-09-08T09:08:05.3101,1
DATE-OBS,2026-09-08T09:11:17.247,1
DATE-OBS,2026-09-08T09:12:03.741,1
DATE-OBS,2026-09-08T09:12:49.745,1
DATE-OBS,2026-09-08T09:13:35.638,1
DATE-OBS,2026-09-08T09:14:21.732,1
DATE-OBS,2026-09-08T09:15:49.179,1
DATE-OBS,2026-09-08T09:17:14.416,1
DATE-OBS,2026-09-08T09:18:38.623,1
DATE-OBS,2026-09-08T09:20:02.729,1
DATE-OBS,2026-09-08T09:21:26.636,1
DATE-OBS,2026-09-08T09:22:59.803,1
DATE-OBS,2026-09-08T09:24:24.720,1
DATE-OBS,2026-09-08T09:25:49.527,1
DATE-OBS,2026-09-08T09:27:15.724,1
DATE-OBS,2026-09-08T09:28:40.731,1
DATE-OBS,2026-09-08T09:30:12.6775,1
DATE-OBS,2026-09-08T09:30:40.9797,1
DATE-OBS,2026-09-08T09:31:08.6163,1
DATE-OBS,2026-09-08T09:31:36.9208,1
DATE-OBS,2026-09-08T09:32:04.5563,1
DATE-OBS,2026-09-08T09:32:32.8605,1
DATE-OBS,2026-09-08T09:33:00.4953,1
DATE-OBS,2026-09-08T09:33:28.7996,1
DATE-OBS,2026-09-08T09:33:56.4372,1
DATE-OBS,2026-09-08T09:34:21.3989,1
DATE-OBS,2026-09-08T09:35:31.043,1
DATE-OBS,2026-09-08T09:35:36.144,1
DATE-OBS,2026-09-08T09:37:15.9699,1
DATE-OBS,2026-09-08T09:37:29.4848,1
DATE-OBS,2026-09-08T20:32:14.703,1
DATE-OBS,2026-09-08T20:32:15.8339,1
DATE-OBS,2026-09-08T20:32:15.923,1
DATE-OBS,2026-09-08T20:32:43.315,1
DATE-OBS,2026-09-08T20:32:44.3815,1
DATE-OBS,2026-09-08T20:32:44.535,1
DATE-OBS,2026-09-08T20:35:42.689,1
DATE-OBS,2026-09-08T20:37:47.089,1
DATE-OBS,2026-09-08T20:39:51.549,1
DATE-OBS,2026-09-08T20:41:56.6643,1
DATE-OBS,2026-09-08T20:42:18.8893,1
DATE-OBS,2026-09-09T05:43:29.679,1
DATE-OBS,2026-09-09T05:43:30.899,1
DATE-OBS,2026-09-09T05:43:31.0330,1
DATE-OBS,2026-09-09T05:44:00.451,1
DATE-OBS,2026-09-09T05:44:01.6341,1
DATE-OBS,2026-09-09T05:44:01.671,1
DATE-OBS,2026-09-09T05:44:19.233,1
DATE-OBS,2026-09-09T05:44:20.453,1
DATE-OBS,2026-09-09T05:44:20.6874,1
DATE-OBS,2026-09-09T05:47:07.506,1
DATE-OBS,2026-09-09T05:47:12.706,1
DATE-OBS,2026-09-09T05:47:15.5235,1
DATE-OBS,2026-09-09T05:51:28.966,1
DATE-OBS,2026-09-09T05:51:34.187,1
DATE-OBS,2026-09-09T05:51:37.1226,1
DATE-OBS,2026-09-09T05:59:40.075,1
DATE-OBS,2026-09-09T05:59:41.295,1
DATE-OBS,2026-09-09T05:59:41.5354,1
DATE-OBS,2026-09-09T06:00:08.447,1
DATE-OBS,2026-09-09T06:00:09.4160,1
DATE-OBS,2026-09-09T06:00:09.667,1
DATE-OBS,2026-09-09T06:00:26.179,1
DATE-OBS,2026-09-09T06:00:27.1374,1
DATE-OBS,2026-09-09T06:00:27.401,1
DATE-OBS,2026-09-09T07:04:10.200,1
DATE-OBS,2026-09-09T07:04:11.420,1
DATE-OBS,2026-09-09T07:04:11.6428,1
DATE-OBS,2026-09-09T07:04:39.442,1
DATE-OBS,2026-09-09T07:04:40.662,1
DATE-OBS,2026-09-09T07:04:40.8564,1
DATE-OBS,2026-09-09T07:04:56.704,1
DATE-OBS,2026-09-09T07:04:57.9115,1
DATE-OBS,2026-09-09T07:04:57.924,1
DATE-OBS,2026-09-09T08:07:59.552,1
DATE-OBS,2026-09-09T08:08:00.772,1
DATE-OBS,2026-09-09T08:08:01.0198,1
DATE-OBS,2026-09-09T08:08:28.474,1
DATE-OBS,2026-09-09T08:08:29.5673,1
DATE-OBS,2026-09-09T08:08:29.694,1
DATE-OBS,2026-09-09T08:08:46.256,1
DATE-OBS,2026-09-09T08:08:47.2886,1
DATE-OBS,2026-09-09T08:08:47.475,1
DATE-OBS,2026-09-09T09:06:57.270,1
DATE-OBS,2026-09-09T09:06:58.0944,1
DATE-OBS,2026-09-09T09:06:58.490,1
DATE-OBS,2026-09-09T09:07:26.432,1
DATE-OBS,2026-09-09T09:07:27.3078,1
DATE-OBS,2026-09-09T09:07:27.652,1
DATE-OBS,2026-09-09T09:07:43.704,1
DATE-OBS,2026-09-09T09:07:44.923,1
DATE-OBS,2026-09-09T09:07:45.0290,1
DATE-OBS,2026-09-09T09:20:58.176,1
DATE-OBS,2026-09-09T09:20:59.406,1
DATE-OBS,2026-09-09T09:20:59.6147,1
DATE-OBS,2026-09-09T09:21:27.448,1
DATE-OBS,2026-09-09T09:21:28.668,1
DATE-OBS,2026-09-09T09:21:28.8272,1
DATE-OBS,2026-09-09T09:21:44.180,1
DATE-OBS,2026-09-09T09:21:45.2159,1
DATE-OBS,2026-09-09T09:21:45.399,1
DATE-OBS,2026-09-09T09:56:58.528,1
DATE-OBS,2026-09-09T09:57:00.668,1
DATE-OBS,2026-09-09T09:57:04.478,1
DATE-OBS,2026-09-09T09:57:06.688,1
DATE-OBS,2026-09-09T09:57:08.808,1
DATE-OBS,2026-09-09T09:57:10.888,1
DATE-OBS,2026-09-09T09:57:15.078,1
DATE-OBS,2026-09-09T09:57:17.278,1
DATE-OBS,2026-09-09T09:57:19.528,1
DATE-OBS,2026-09-09T09:57:21.678,1
DATE-OBS,2026-09-09T09:57:33.088,1
DATE-OBS,2026-09-09T09:58:48.544,1
DATE-OBS,2026-09-09T10:00:25.612,1
DATE-OBS,2026-09-09T10:01:40.528,1
DATE-OBS,2026-09-09T10:03:18.435,1
DATE-OBS,2026-09-09T10:04:30.511,1
DATE-OBS,2026-09-09T10:06:04.309,1
DATE-OBS,2026-09-09T10:07:19.534,1
DATE-OBS,2026-09-09T10:07:44.8007,1
DATE-OBS,2026-09-09T10:08:00.8543,1
DATE-OBS,2026-09-09T10:08:16.9088,1
DATE-OBS,2026-09-09T10:08:56.312,1
DATE-OBS,2026-09-09T10:10:11.528,1
DATE-OBS,2026-09-09T10:11:48.596,1
DATE-OBS,2026-09-09T10:12:31.489,1
DATE-OBS,2026-09-09T10:13:24.493,1
DATE-OBS,2026-09-09T10:14:04.487,1
DATE-OBS,2026-09-09T10:14:54.190,1
DATE-OBS,2026-09-09T10:15:36.603,1
DATE-OBS,2026-09-09T10:16:29.477,1
DATE-OBS,2026-09-09T10:17:13.291,1
DATE-OBS,2026-09-09T10:18:06.605,1
DATE-OBS,2026-09-09T10:18:49.489,1
DATE-OBS,2026-09-09T10:19:42.503,1
DATE-OBS,2026-09-09T10:20:08.585,1
DATE-OBS,2026-09-09T10:20:41.167,1
DATE-OBS,2026-09-09T10:21:07.599,1
DATE-OBS,2026-09-09T10:21:37.292,1
DATE-OBS,2026-09-09T10:22:03.504,1
DATE-OBS,2026-09-09T10:22:35.486,1
DATE-OBS,2026-09-09T10:23:01.578,1
DATE-OBS,2026-09-09T10:23:33.471,1
DATE-OBS,2026-09-09T10:23:59.603,1
DATE-OBS,2026-09-09T10:24:32.526,1
DATE-OBS,2026-09-09T10:24:56.667,1
DATE-OBS,2026-09-09T10:25:25.560,1
DATE-OBS,2026-09-09T10:25:46.561,1
DATE-OBS,2026-09-09T10:26:15.574,1
DATE-OBS,2026-09-09T10:26:39.676,1
DATE-OBS,2026-09-09T10:27:08.658,1
DATE-OBS,2026-09-09T10:27:32.690,1
DATE-OBS,2026-09-09T10:27:58.412,1
DATE-OBS,2026-09-09T10:28:22.694,1
DATE-OBS,2026-09-09T10:28:52.446,1
DATE-OBS,2026-09-09T10:29:05.637,1
DATE-OBS,2026-09-09T10:29:24.539,1
DATE-OBS,2026-09-09T10:29:40.640,1
DATE-OBS,2026-09-09T10:29:59.641,1
DATE-OBS,2026-09-09T10:30:15.563,1
DATE-OBS,2026-09-09T10:30:34.554,1
DATE-OBS,2026-09-09T10:30:50.665,1
DATE-OBS,2026-09-09T10:31:06.357,1
DATE-OBS,2026-09-09T10:31:22.578,1
DATE-OBS,2026-09-09T10:31:41.649,1
DATE-OBS,2026-09-09T10:31:54.640,1
DATE-OBS,2026-09-09T10:32:08.282,1
DATE-OBS,2026-09-09T10:32:20.633,1
DATE-OBS,2026-09-09T10:32:34.534,1
DATE-OBS,2026-09-09T10:32:47.555,1
DATE-OBS,2026-09-09T10:33:01.636,1
DATE-OBS,2026-09-09T10:33:11.306,1
DATE-OBS,2026-09-09T10:33:24.538,1
DATE-OBS,2026-09-09T10:33:37.539,1
DATE-OBS,2026-09-09T10:33:51.4062,1
DATE-OBS,2026-09-09T10:36:05.2978,1
DATE-OBS,2026-09-09T10:38:18.5207,1
DATE-OBS,2026-09-09T10:40:33.9114,1
DATE-OBS,2026-09-09T10:43:12.1151,1
DATE-OBS,2026-09-09T10:45:50.9847,1
DATE-OBS,2026-09-09T10:48:30.6612,1
DATE-OBS,2026-09-09T10:51:59.5222,1
DATE-OBS,2026-09-09T10:55:27.7143,1
DATE-OBS,2026-09-09T10:58:57.3812,1
DATE-OBS,2026-09-09T10:59:56.2670,1
DATE-OBS,2026-09-09T11:00:51.8189,1
DATE-OBS,2026-09-09T11:01:48.1808,1
DATE-OBS,2026-09-09T11:02:09.5518,1
DATE-OBS,2026-09-09T11:02:30.9207,1
DATE-OBS,2026-09-09T11:03:18.329,1
DATE-OBS,2026-09-09T11:03:19.1542,1
DATE-OBS,2026-09-09T11:03:19.549,1
DATE-OBS,2026-09-09T11:03:47.311,1
DATE-OBS,2026-09-09T11:03:48.3687,1
DATE-OBS,2026-09-09T11:03:48.531,1
DATE-OBS,2026-09-09T11:04:05.083,1
DATE-OBS,2026-09-09T11:04:06.0883,1
DATE-OBS,2026-09-09T11:04:06.302,1
DATE-OBS,2026-09-09T11:07:03.896,1
DATE-OBS,2026-09-09T11:09:08.266,1
DATE-OBS,2026-09-09T11:11:13.466,1
DATE-OBS,2026-09-09T11:13:19.7079,1
DATE-OBS,2026-09-09T11:13:37.9332,1
DATE-OBS,2026-09-09T11:14:40.722,1
DATE-OBS,2026-09-09T11:14:45.903,1
DATE-OBS,2026-09-09T11:16:26.3419,1
DATE-OBS,2026-09-09T11:17:31.4409,1
DATE-OBS,2026-09-09T11:20:47.751,1
DATE-OBS,2026-09-09T11:22:21.299,1
DATE-OBS,2026-09-09T11:23:33.964,1
DATE-OBS,2026-09-09T11:25:22.6912,1
DATE-OBS,2026-09-09T11:25:34.0272,1
DATE-OBS,2026-09-09T11:26:26.468,1
DATE-OBS,2026-09-09T11:26:31.618,1
DATE-OBS,2026-09-09T11:28:06.9192,1
DATE-OBS,2026-09-09T11:28:32.3138,1
DATE-OBS,2026-09-09T11:29:13.6780,1
DATE-OBS,2026-09-09T11:29:24.7809,1
DATE-OBS,2026-09-09T11:29:31.4345,1
DATE-OBS,2026-09-09T11:29:39.5728,1
DATE-OBS,2026-09-09T11:29:49.9258,1
DATE-OBS,2026-09-09T11:30:01.0287,1
DATE-OBS,2026-09-09T11:30:11.3827,1
DATE-OBS,2026-09-09T11:30:22.4848,1
DATE-OBS,2026-09-09T11:30:33.5877,1
DATE-OBS,2026-09-09T11:30:44.6918,1
DATE-OBS,2026-09-09T11:33:25.841,1
DATE-OBS,2026-09-09T11:34:46.387,1
DATE-OBS,2026-09-09T11:36:01.253,1
DATE-OBS,2026-09-09T11:37:18.509,1
DATE-OBS,2026-09-09T11:38:36.605,1
DATE-OBS,2026-09-09T11:40:35.245,1
DATE-OBS,2026-09-09T11:41:54.601,1
DATE-OBS,2026-09-09T11:43:14.497,1
DATE-OBS,2026-09-09T11:44:30.493,1
DATE-OBS,2026-09-09T11:45:49.500,1
DATE-OBS,2026-09-09T11:47:20.037,1
DATE-OBS,2026-09-09T11:49:00.485,1
DATE-OBS,2026-09-09T11:50:41.493,1
DATE-OBS,2026-09-09T11:52:22.521,1
DATE-OBS,2026-09-09T11:54:03.508,1
DATE-OBS,2026-09-09T11:57:59.867,1
DATE-OBS,2026-09-09T11:58:26.209,1
DATE-OBS,2026-09-09T11:58:55.481,1
DATE-OBS,2026-09-09T11:59:24.124,1
DATE-OBS,2026-09-09T11:59:53.586,1
DATE-OBS,2026-09-09T12:01:03.122,1
DATE-OBS,2026-09-09T12:01:30.214,1
DATE-OBS,2026-09-09T12:02:01.566,1
DATE-OBS,2026-09-09T12:02:29.448,1
DATE-OBS,2026-09-09T12:03:00.571,1
DATE-OBS,2026-09-09T12:03:55.085,1
DATE-OBS,2026-09-09T12:04:33.448,1
DATE-OBS,2026-09-09T12:05:09.551,1
DATE-OBS,2026-09-09T12:05:46.207,1
DATE-OBS,2026-09-09T12:06:22.477,1
DATE-OBS,2026-09-09T12:07:08.9292,1
DATE-OBS,2026-09-09T12:07:24.9954,1
DATE-OBS,2026-09-09T12:07:39.6751,1
DATE-OBS,2026-09-09T12:07:55.7426,1
DATE-OBS,2026-09-09T12:08:10.4225,1
DATE-OBS,2026-09-09T12:08:26.4889,1
DATE-OBS,2026-09-09T12:08:41.1675,1
DATE-OBS,2026-09-09T12:08:57.2361,1
DATE-OBS,2026-09-09T12:09:11.9168,1
DATE-OBS,2026-09-09T12:09:27.9833,1
DATE-OBS,2026-09-09T12:10:04.344,1
DATE-OBS,2026-09-09T12:10:42.278,1
DATE-OBS,2026-09-09T12:11:19.470,1
DATE-OBS,2026-09-09T12:11:53.193,1
DATE-OBS,2026-09-09T12:12:29.466,1
DATE-OBS,2026-09-09T12:15:21.823,1
DATE-OBS,2026-09-09T12:15:39.622,1
DATE-OBS,2026-09-09T12:15:58.412,1
DATE-OBS,2026-09-09T12:16:15.524,1
DATE-OBS,2026-09-09T12:16:33.525,1
DATE-OBS,2026-09-09T12:17:32.169,1
DATE-OBS,2026-09-09T12:17:55.611,1
DATE-OBS,2026-09-09T12:18:16.263,1
DATE-OBS,2026-09-09T12:18:40.525,1
DATE-OBS,2026-09-09T12:19:04.617,1
DATE-OBS,2026-09-09T12:19:43.8974,1
DATE-OBS,2026-09-09T12:20:02.0424,1
DATE-OBS,2026-09-09T12:20:16.0302,1
DATE-OBS,2026-09-09T12:20:34.1766,1
DATE-OBS,2026-09-09T12:20:50.9372,1
DATE-OBS,2026-09-09T12:21:09.0835,1
DATE-OBS,2026-09-09T12:21:23.0723,1
DATE-OBS,2026-09-09T12:21:41.2205,1
DATE-OBS,2026-09-09T12:21:57.9788,1
DATE-OBS,2026-09-09T12:22:16.1275,1
DATE-OBS,2026-09-09T12:22:48.525,1
DATE-OBS,2026-09-09T12:23:10.466,1
DATE-OBS,2026-09-09T12:23:29.418,1
DATE-OBS,2026-09-09T12:23:51.489,1
DATE-OBS,2026-09-09T12:24:13.591,1
DATE-OBS,2026-09-09T15:45:07.573,1
DATE-OBS,2026-09-09T15:45:12.694,1
DATE-OBS,2026-09-09T16:47:51.661,1
DATE-OBS,2026-09-09T16:47:57.771,1
DATE-OBS,2026-09-09T17:50:34.496,1
DATE-OBS,2026-09-09T17:50:40.607,1
DATE-OBS,2026-09-09T19:33:35.323,1
DATE-OBS,2026-09-09T19:33:36.4543,1
DATE-OBS,2026-09-09T19:33:36.542,1
DATE-OBS,2026-09-09T19:34:03.924,1
DATE-OBS,2026-09-09T19:34:05.0008,1
DATE-OBS,2026-09-09T19:34:05.144,1
DATE-OBS,2026-09-09T19:37:02.778,1
DATE-OBS,2026-09-09T19:39:07.658,1
DATE-OBS,2026-09-09T19:41:09.098,1
DATE-OBS,2026-09-09T19:43:13.8957,1
DATE-OBS,2026-09-09T19:43:36.1218,1
ESO DET EXP NAME,XSHOOTER_SLT_FLAT_NIR_252_0030,1
ESO DET EXP NAME,XSHOOTER_SLT_AFC_NIR_247_0001,1
ESO DET EXP NAME,XSHOOTER_SLT_AFC_NIR_247_0002,1
ESO DET EXP NAME,XSHOOTER_SLT_AFC_NIR_247_0003,1
ESO DET EXP NAME,XSHOOTER_SLT_AFC_NIR_247_0004,1
ESO DET EXP NAME,XSHOOTER_SLT_AFC_NIR_247_0005,1
ESO DET EXP NAME,XSHOOTER_SLT_AFC_NIR_247_0006,1
ESO DET EXP NAME,XSHOOTER_SLT_AFC_NIR_247_0007,1
ESO DET EXP NAME,XSHOOTER_SLT_AFC_NIR_247_0008,1
ESO DET EXP NAME,XSHOOTER_SLT_AFC_NIR_247_0009,1
ESO DET EXP NAME,XSHOOTER_SLT_AFC_NIR_247_0010,1
ESO DET EXP NAME,XSHOOTER_SLT_ODEF_NIR_252_0002,1
ESO DET EXP NAME,XSHOOTER_SLT_ODEF_NIR_252_0001,1
ESO DET EXP NAME,XSHOOTER_SLT_FCK_NIR_252_0002,1
ESO DET EXP NAME,XSHOOTER_SLT_FCK_NIR_252_0001,1
ESO DET EXP NAME,XSHOOTER_GEN_AFC_NIR_252_0003,1
ESO DET EXP NAME,XSHOOTER_GEN_DARK_NIR_247_0018,1
ESO DET EXP NAME,XSHOOTER_GEN_DARK_NIR_247_0017,1
ESO DET EXP NAME,XSHOOTER_GEN_DARK_NIR_247_0016,1
ESO DET EXP NAME,XSHOOTER_GEN_DARK_NIR_247_0015,1
ESO DET EXP NAME,XSHOOTER_GEN_DARK_NIR_247_0014,1
ESO DET EXP NAME,XSHOOTER_GEN_DARK_NIR_247_0013,1
ESO DET EXP NAME,XSHOOTER_GEN_DARK_NIR_247_0012,1
ESO DET EXP NAME,XSHOOTER_GEN_DARK_NIR_247_0011,1
ESO DET EXP NAME,XSHOOTER_GEN_DARK_NIR_247_0010,1
ESO DET EXP NAME,XSHOOTER_GEN_DARK_NIR_247_0009,1
ESO DET EXP NAME,XSHOOTER_GEN_DARK_NIR_247_0008,1
ESO DET EXP NAME,XSHOOTER_SLT_FLAT_NIR_247_0016,1
ESO DET EXP NAME,XSHOOTER_SLT_FLAT_NIR_247_0015,1
ESO DET EXP NAME,XSHOOTER_SLT_FLAT_NIR_247_0014,1
ESO DET EXP NAME,XSHOOTER_SLT_FLAT_NIR_247_0013,1
ESO DET EXP NAME,XSHOOTER_SLT_FLAT_NIR_247_0012,1
ESO DET EXP NAME,XSHOOTER_SLT_FLAT_NIR_247_0011,1
ESO DET EXP NAME,XSHOOTER_SLT_FLAT_NIR_247_0010,1
ESO DET EXP NAME,XSHOOTER_SLT_FLAT_NIR_247_0009,1
ESO DET EXP NAME,XSHOOTER_SLT_FLAT_NIR_247_0008,1
ESO DET EXP NAME,XSHOOTER_SLT_FLAT_NIR_247_0007,1
ESO DET EXP NAME,XSHOOTER_SLT_FLAT_NIR_247_0006,1
ESO DET EXP NAME,XSHOOTER_SLT_FLAT_NIR_252_0021,1
ESO DET EXP NAME,XSHOOTER_SLT_FLAT_NIR_252_0020,1
ESO DET EXP NAME,XSHOOTER_SLT_FLAT_NIR_252_0019,1
ESO DET EXP NAME,XSHOOTER_SLT_FLAT_NIR_252_0018,1
ESO DET EXP NAME,XSHOOTER_SLT_FLAT_NIR_252_0017,1
ESO DET EXP NAME,XSHOOTER_SLT_FLAT_NIR_247_0032,1
ESO DET EXP NAME,XSHOOTER_SLT_FLAT_NIR_247_0031,1
ESO DET EXP NAME,XSHOOTER_SLT_FLAT_NIR_247_0030,1
ESO DET EXP NAME,XSHOOTER_SLT_FLAT_NIR_247_0029,1
ESO DET EXP NAME,XSHOOTER_SLT_FLAT_NIR_247_0028,1
ESO DET EXP NAME,XSHOOTER_SLT_FLAT_NIR_247_0027,1
ESO DET EXP NAME,XSHOOTER_SLT_FLAT_NIR_247_0026,1
ESO DET EXP NAME,XSHOOTER_SLT_FLAT_NIR_247_0025,1
ESO DET EXP NAME,XSHOOTER_SLT_FLAT_NIR_247_0024,1
ESO DET EXP NAME,XSHOOTER_SLT_FLAT_NIR_247_0023,1
ESO DET EXP NAME,XSHOOTER_SLT_FLAT_NIR_247_0022,1
ESO DET EXP NAME,XSHOOTER_SLT_FLAT_NIR_247_0021,1
ESO DET EXP NAME,XSHOOTER_SLT_FLAT_NIR_247_0020,1
ESO DET EXP NAME,XSHOOTER_SLT_FLAT_NIR_247_0019,1
ESO DET EXP NAME,XSHOOTER_SLT_FLAT_NIR_247_0018,1
ESO DET EXP NAME,XSHOOTER_SLT_FLAT_NIR_247_0017,1
ESO DET EXP NAME,XSHOOTER_SLT_FLAT_NIR_247_0048,1
ESO DET EXP NAME,XSHOOTER_SLT_FLAT_NIR_247_0047,1
ESO DET EXP NAME,XSHOOTER_SLT_FLAT_NIR_247_0046,1
ESO DET EXP NAME,XSHOOTER_SLT_FLAT_NIR_247_0045,1
ESO DET EXP NAME,XSHOOTER_SLT_FLAT_NIR_247_0044,1
ESO DET EXP NAME,XSHOOTER_SLT_FLAT_NIR_247_0043,1
ESO DET EXP NAME,XSHOOTER_SLT_FLAT_NIR_247_0042,1
ESO DET EXP NAME,XSHOOTER_SLT_FLAT_NIR_247_0041,1
ESO DET EXP NAME,XSHOOTER_SLT_FLAT_NIR_247_0040,1
ESO DET EXP NAME,XSHOOTER_SLT_FLAT_NIR_247_0039,1
ESO DET EXP NAME,XSHOOTER_SLT_FLAT_NIR_247_0038,1
ESO DET EXP NAME,XSHOOTER_SLT_FLAT_NIR_247_0037,1
ESO DET EXP NAME,XSHOOTER_SLT_FLAT_NIR_247_0036,1
ESO DET EXP NAME,XSHOOTER_SLT_FLAT_NIR_247_0035,1
ESO DET EXP NAME,XSHOOTER_SLT_FLAT_NIR_247_0034,1
ESO DET EXP NAME,XSHOOTER_SLT_FLAT_NIR_247_0033,1
ESO DET EXP NAME,XSHOOTER_SLT_AFC_NIR_248_0017,1
ESO DET EXP NAME,XSHOOTER_SLT_AFC_NIR_248_0016,1
ESO DET EXP NAME,XSHOOTER_SLT_AFC_NIR_248_0015,1
ESO DET EXP NAME,XSHOOTER_SLT_AFC_NIR_248_0014,1
ESO DET EXP NAME,XSHOOTER_SLT_AFC_NIR_248_0013,1
ESO DET EXP NAME,XSHOOTER_SLT_AFC_NIR_248_0012,1
ESO DET EXP NAME,XSHOOTER_SLT_AFC_NIR_248_0011,1
ESO DET EXP NAME,XSHOOTER_SLT_AFC_NIR_248_0010,1
ESO DET EXP NAME,XSHOOTER_SLT_AFC_NIR_248_0009,1
ESO DET EXP NAME,XSHOOTER_SLT_AFC_NIR_248_0008,1
ESO DET EXP NAME,XSHOOTER_SLT_AFC_NIR_248_0007,1
ESO DET EXP NAME,XSHOOTER_SLT_AFC_NIR_248_0006,1
ESO DET EXP NAME,XSHOOTER_SLT_AFC_NIR_248_0005,1
ESO DET EXP NAME,XSHOOTER_SLT_AFC_NIR_248_0004,1
ESO DET EXP NAME,XSHOOTER_SLT_FLAT_NIR_247_0050,1
ESO DET EXP NAME,XSHOOTER_SLT_FLAT_NIR_247_0049,1
ESO DET EXP NAME,XSHOOTER_GEN_DARK_NIR_248_0013,1
ESO DET EXP NAME,XSHOOTER_GEN_DARK_NIR_248_0012,1
ESO DET EXP NAME,XSHOOTER_GEN_DARK_NIR_248_0011,1
ESO DET EXP NAME,XSHOOTER_GEN_DARK_NIR_248_0010,1
ESO DET EXP NAME,XSHOOTER_GEN_DARK_NIR_248_0009,1
ESO DET EXP NAME,XSHOOTER_GEN_DARK_NIR_248_0008,1
ESO DET EXP NAME,XSHOOTER_GEN_DARK_NIR_248_0007,1
ESO DET EXP NAME,XSHOOTER_GEN_DARK_NIR_248_0006,1
ESO DET EXP NAME,XSHOOTER_GEN_DARK_NIR_248_0005,1
ESO DET EXP NAME,XSHOOTER_GEN_DARK_NIR_248_0004,1
ESO DET EXP NAME,XSHOOTER_GEN_DARK_NIR_248_0003,1
ESO DET EXP NAME,XSHOOTER_GEN_DARK_NIR_248_0002,1
ESO DET EXP NAME,XSHOOTER_SLT_AFC_NIR_248_0021,1
ESO DET EXP NAME,XSHOOTER_SLT_AFC_NIR_248_0020,1
ESO DET EXP NAME,XSHOOTER_SLT_AFC_NIR_248_0019,1
ESO DET EXP NAME,XSHOOTER_SLT_AFC_NIR_248_0018,1
ESO DET EXP NAME,XSHOOTER_SLT_FLAT_NIR_248_0009,1
ESO DET EXP NAME,XSHOOTER_SLT_FLAT_NIR_248_0008,1
ESO DET EXP NAME,XSHOOTER_SLT_FLAT_NIR_248_0007,1
ESO DET EXP NAME,XSHOOTER_SLT_FLAT_NIR_248_0006,1
ESO DET EXP NAME,XSHOOTER_SLT_FLAT_NIR_248_0005,1
ESO DET EXP NAME,XSHOOTER_SLT_FLAT_NIR_248_0004,1
ESO DET EXP NAME,XSHOOTER_SLT_FLAT_NIR_248_0003,1
ESO DET EXP NAME,XSHOOTER_SLT_FLAT_NIR_248_0002,1
ESO DET EXP NAME,XSHOOTER_SLT_FLAT_NIR_248_0001,1
ESO DET EXP NAME,XSHOOTER_SLT_WAVE_NIR_248_0002,1
ESO DET EXP NAME,XSHOOTER_SLT_WAVE_NIR_248_0001,1
ESO DET EXP NAME,XSHOOTER_SLT_ODEF_NIR_248_0002,1
ESO DET EXP NAME,XSHOOTER_SLT_ODEF_NIR_248_0001,1
ESO DET EXP NAME,XSHOOTER_SLT_FCK_NIR_248_0002,1
ESO DET EXP NAME,XSHOOTER_SLT_FCK_NIR_248_0001,1
ESO DET EXP NAME,XSHOOTER_GEN_AFC_NIR_248_0003,1
ESO DET EXP NAME,XSHOOTER_SLT_AFC_NIR_249_0003,1
ESO DET EXP NAME,XSHOOTER_SLT_AFC_NIR_249_0002,1
ESO DET EXP NAME,XSHOOTER_SLT_AFC_NIR_249_0001,1
ESO DET EXP NAME,XSHOOTER_SLT_ARC_NIR_248_0002,1
ESO DET EXP NAME,XSHOOTER_SLT_ARC_NIR_248_0001,1
ESO DET EXP NAME,XSHOOTER_SLT_FLAT_NIR_248_0020,1
ESO DET EXP NAME,XSHOOTER_SLT_FLAT_NIR_248_0019,1
ESO DET EXP NAME,XSHOOTER_SLT_FLAT_NIR_248_0018,1
ESO DET EXP NAME,XSHOOTER_SLT_FLAT_NIR_248_0017,1
ESO DET EXP NAME,XSHOOTER_SLT_FLAT_NIR_248_0016,1
ESO DET EXP NAME,XSHOOTER_SLT_FLAT_NIR_248_0015,1
ESO DET EXP NAME,XSHOOTER_SLT_FLAT_NIR_248_0014,1
ESO DET EXP NAME,XSHOOTER_SLT_FLAT_NIR_248_0013,1
ESO DET EXP NAME,XSHOOTER_SLT_FLAT_NIR_248_0012,1
ESO DET EXP NAME,XSHOOTER_SLT_FLAT_NIR_248_0011,1
ESO DET EXP NAME,XSHOOTER_SLT_FLAT_NIR_248_0010,1
ESO DET EXP NAME,XSHOOTER_SLT_OBJ_NIR_249_0039,1
ESO DET EXP NAME,XSHOOTER_SLT_OBJ_NIR_249_0038,1
ESO DET EXP NAME,XSHOOTER_SLT_AFC_NIR_249_0017,1
ESO DET EXP NAME,XSHOOTER_SLT_AFC_NIR_249_0016,1
ESO DET EXP NAME,XSHOOTER_SLT_AFC_NIR_249_0015,1
ESO DET EXP NAME,XSHOOTER_SLT_AFC_NIR_249_0014,1
ESO DET EXP NAME,XSHOOTER_SLT_AFC_NIR_249_0013,1
ESO DET EXP NAME,XSHOOTER_SLT_AFC_NIR_249_0012,1
ESO DET EXP NAME,XSHOOTER_SLT_AFC_NIR_249_0011,1
ESO DET EXP NAME,XSHOOTER_SLT_AFC_NIR_249_0010,1
ESO DET EXP NAME,XSHOOTER_SLT_AFC_NIR_249_0009,1
ESO DET EXP NAME,XSHOOTER_SLT_AFC_NIR_249_0008,1
ESO DET EXP NAME,XSHOOTER_SLT_AFC_NIR_249_0007,1
ESO DET EXP NAME,XSHOOTER_SLT_AFC_NIR_249_0006,1
ESO DET EXP NAME,XSHOOTER_SLT_AFC_NIR_249_0005,1
ESO DET EXP NAME,XSHOOTER_SLT_AFC_NIR_249_0004,1
ESO DET EXP NAME,XSHOOTER_GEN_DARK_NIR_247_0022,1
ESO DET EXP NAME,XSHOOTER_GEN_DARK_NIR_247_0021,1
ESO DET EXP NAME,XSHOOTER_GEN_DARK_NIR_247_0020,1
ESO DET EXP NAME,XSHOOTER_GEN_DARK_NIR_247_0019,1
ESO DET EXP NAME,XSHOOTER_GEN_DARK_NIR_249_0006,1
ESO DET EXP NAME,XSHOOTER_GEN_DARK_NIR_249_0005,1
ESO DET EXP NAME,XSHOOTER_GEN_DARK_NIR_249_0004,1
ESO DET EXP NAME,XSHOOTER_GEN_DARK_NIR_249_0003,1
ESO DET EXP NAME,XSHOOTER_GEN_DARK_NIR_249_0002,1
ESO DET EXP NAME,XSHOOTER_SLT_AFC_NIR_249_0020,1
ESO DET EXP NAME,XSHOOTER_SLT_AFC_NIR_249_0019,1
ESO DET EXP NAME,XSHOOTER_SLT_AFC_NIR_249_0018,1
ESO DET EXP NAME,XSHOOTER_SLT_OBJ_NIR_249_0043,1
ESO DET EXP NAME,XSHOOTER_SLT_OBJ_NIR_249_0042,1
ESO DET EXP NAME,XSHOOTER_SLT_OBJ_NIR_249_0041,1
ESO DET EXP NAME,XSHOOTER_SLT_OBJ_NIR_249_0040,1
ESO DET EXP NAME,XSHOOTER_GEN_DARK_NIR_249_0014,1
ESO DET EXP NAME,XSHOOTER_GEN_DARK_NIR_249_0013,1
ESO DET EXP NAME,XSHOOTER_GEN_DARK_NIR_249_0012,1
ESO DET EXP NAME,XSHOOTER_GEN_DARK_NIR_249_0011,1
ESO DET EXP NAME,XSHOOTER_GEN_DARK_NIR_249_0010,1
ESO DET EXP NAME,XSHOOTER_GEN_DARK_NIR_249_0009,1
ESO DET EXP NAME,XSHOOTER_GEN_DARK_NIR_249_0008,1
ESO DET EXP NAME,XSHOOTER_GEN_DARK_NIR_249_0007,1
ESO DET EXP NAME,XSHOOTER_SLT_FLAT_NIR_247_0005,1
ESO DET EXP NAME,XSHOOTER_SLT_FLAT_NIR_247_0004,1
ESO DET EXP NAME,XSHOOTER_SLT_FLAT_NIR_247_0003,1
ESO DET EXP NAME,XSHOOTER_SLT_FLAT_NIR_247_0002,1
ESO DET EXP NAME,XSHOOTER_SLT_FLAT_NIR_247_0001,1
ESO DET EXP NAME,XSHOOTER_GEN_AFC_NIR_247_0003,1
ESO DET EXP NAME,XSHOOTER_GEN_DARK_NIR_247_0024,1
ESO DET EXP NAME,XSHOOTER_GEN_DARK_NIR_247_0023,1
ESO DET EXP NAME,XSHOOTER_SLT_FLAT_NIR_249_0013,1
ESO DET EXP NAME,XSHOOTER_SLT_FLAT_NIR_249_0012,1
ESO DET EXP NAME,XSHOOTER_SLT_FLAT_NIR_249_0011,1
ESO DET EXP NAME,XSHOOTER_SLT_FLAT_NIR_249_0010,1
ESO DET EXP NAME,XSHOOTER_SLT_FLAT_NIR_249_0009,1
ESO DET EXP NAME,XSHOOTER_SLT_FLAT_NIR_249_0008,1
ESO DET EXP NAME,XSHOOTER_SLT_FLAT_NIR_249_0007,1
ESO DET EXP NAME,XSHOOTER_SLT_FLAT_NIR_249_0006,1
ESO DET EXP NAME,XSHOOTER_SLT_FLAT_NIR_249_0005,1
ESO DET EXP NAME,XSHOOTER_SLT_FLAT_NIR_249_0004,1
ESO DET EXP NAME,XSHOOTER_SLT_FLAT_NIR_249_0003,1
ESO DET EXP NAME,XSHOOTER_SLT_FLAT_NIR_249_0002,1
ESO DET EXP NAME,XSHOOTER_SLT_FLAT_NIR_249_0001,1
ESO DET EXP NAME,XSHOOTER_GEN_AFC_NIR_249_0003,1
ESO DET EXP NAME,XSHOOTER_GEN_DARK_NIR_249_0016,1
ESO DET EXP NAME,XSHOOTER_GEN_DARK_NIR_249_0015,1
ESO DET EXP NAME,XSHOOTER_SLT_FLAT_NIR_249_0029,1
ESO DET EXP NAME,XSHOOTER_SLT_FLAT_NIR_249_0028,1
ESO DET EXP NAME,XSHOOTER_SLT_FLAT_NIR_249_0027,1
ESO DET EXP NAME,XSHOOTER_SLT_FLAT_NIR_249_0026,1
ESO DET EXP NAME,XSHOOTER_SLT_FLAT_NIR_249_0025,1
ESO DET EXP NAME,XSHOOTER_SLT_FLAT_NIR_249_0024,1
ESO DET EXP NAME,XSHOOTER_SLT_FLAT_NIR_249_0023,1
ESO DET EXP NAME,XSHOOTER_SLT_FLAT_NIR_249_0022,1
ESO DET EXP NAME,XSHOOTER_SLT_FLAT_NIR_249_0021,1
ESO DET EXP NAME,XSHOOTER_SLT_FLAT_NIR_249_0020,1
ESO DET EXP NAME,XSHOOTER_SLT_FLAT_NIR_249_0019,1
ESO DET EXP NAME,XSHOOTER_SLT_FLAT_NIR_249_0018,1
ESO DET EXP NAME,XSHOOTER_SLT_FLAT_NIR_249_0017,1
ESO DET EXP NAME,XSHOOTER_SLT_FLAT_NIR_249_0016,1
ESO DET EXP NAME,XSHOOTER_SLT_FLAT_NIR_249_0015,1
ESO DET EXP NAME,XSHOOTER_SLT_FLAT_NIR_249_0014,1
ESO DET EXP NAME,XSHOOTER_SLT_FLAT_NIR_250_0002,1
ESO DET EXP NAME,XSHOOTER_SLT_FLAT_NIR_250_0001,1
ESO DET EXP NAME,XSHOOTER_SLT_WAVE_NIR_250_0002,1
ESO DET EXP NAME,XSHOOTER_SLT_WAVE_NIR_250_0001,1
ESO DET EXP NAME,XSHOOTER_SLT_ODEF_NIR_250_0002,1
ESO DET EXP NAME,XSHOOTER_SLT_ODEF_NIR_250_0001,1
ESO DET EXP NAME,XSHOOTER_SLT_FCK_NIR_250_0002,1
ESO DET EXP NAME,XSHOOTER_SLT_FCK_NIR_250_0001,1
ESO DET EXP NAME,XSHOOTER_GEN_DARK_NIR_250_0004,1
ESO DET EXP NAME,XSHOOTER_GEN_DARK_NIR_250_0003,1
ESO DET EXP NAME,XSHOOTER_GEN_DARK_NIR_250_0002,1
ESO DET EXP NAME,XSHOOTER_SLT_ARC_NIR_249_0004,1
ESO DET EXP NAME,XSHOOTER_SLT_ARC_NIR_249_0003,1
ESO DET EXP NAME,XSHOOTER_SLT_ARC_NIR_249_0002,1
ESO DET EXP NAME,XSHOOTER_SLT_ARC_NIR_249_0001,1
ESO DET EXP NAME,XSHOOTER_SLT_FLAT_NIR_249_0030,1
ESO DET EXP NAME,XSHOOTER_SLT_FLAT_NIR_250_0018,1
ESO DET EXP NAME,XSHOOTER_SLT_FLAT_NIR_250_0017,1
ESO DET EXP NAME,XSHOOTER_SLT_FLAT_NIR_250_0016,1
ESO DET EXP NAME,XSHOOTER_SLT_FLAT_NIR_250_0015,1
ESO DET EXP NAME,XSHOOTER_SLT_FLAT_NIR_250_0014,1
ESO DET EXP NAME,XSHOOTER_SLT_FLAT_NIR_250_0013,1
ESO DET EXP NAME,XSHOOTER_SLT_FLAT_NIR_250_0012,1
ESO DET EXP NAME,XSHOOTER_SLT_FLAT_NIR_250_0011,1
ESO DET EXP NAME,XSHOOTER_SLT_FLAT_NIR_250_0010,1
ESO DET EXP NAME,XSHOOTER_SLT_FLAT_NIR_250_0009,1
ESO DET EXP NAME,XSHOOTER_SLT_FLAT_NIR_250_0008,1
ESO DET EXP NAME,XSHOOTER_SLT_FLAT_NIR_250_0007,1
ESO DET EXP NAME,XSHOOTER_SLT_FLAT_NIR_250_0006,1
ESO DET EXP NAME,XSHOOTER_SLT_FLAT_NIR_250_0005,1
ESO DET EXP NAME,XSHOOTER_SLT_FLAT_NIR_250_0004,1
ESO DET EXP NAME,XSHOOTER_SLT_FLAT_NIR_250_0003,1
ESO DET EXP NAME,XSHOOTER_SLT_FLAT_NIR_251_0007,1
ESO DET EXP NAME,XSHOOTER_SLT_FLAT_NIR_251_0006,1
ESO DET EXP NAME,XSHOOTER_SLT_FLAT_NIR_251_0005,1
ESO DET EXP NAME,XSHOOTER_SLT_FLAT_NIR_251_0004,1
ESO DET EXP NAME,XSHOOTER_SLT_FLAT_NIR_251_0003,1
ESO DET EXP NAME,XSHOOTER_SLT_FLAT_NIR_251_0002,1
ESO DET EXP NAME,XSHOOTER_SLT_FLAT_NIR_251_0001,1
ESO DET EXP NAME,XSHOOTER_GEN_DARK_NIR_251_0004,1
ESO DET EXP NAME,XSHOOTER_GEN_DARK_NIR_251_0003,1
ESO DET EXP NAME,XSHOOTER_GEN_DARK_NIR_251_0002,1
ESO DET EXP NAME,XSHOOTER_SLT_ARC_NIR_250_0004,1
ESO DET EXP NAME,XSHOOTER_SLT_ARC_NIR_250_0003,1
ESO DET EXP NAME,XSHOOTER_SLT_ARC_NIR_250_0002,1
ESO DET EXP NAME,XSHOOTER_SLT_ARC_NIR_250_0001,1
ESO DET EXP NAME,XSHOOTER_SLT_FLAT_NIR_250_0020,1
ESO DET EXP NAME,XSHOOTER_SLT_FLAT_NIR_250_0019,1
ESO DET EXP NAME,XSHOOTER_SLT_AFC_NIR_252_0009,1
ESO DET EXP NAME,XSHOOTER_SLT_AFC_NIR_252_0008,1
ESO DET EXP NAME,XSHOOTER_SLT_AFC_NIR_252_0007,1
ESO DET EXP NAME,XSHOOTER_SLT_AFC_NIR_252_0006,1
ESO DET EXP NAME,XSHOOTER_SLT_AFC_NIR_252_0005,1
ESO DET EXP NAME,XSHOOTER_SLT_AFC_NIR_252_0004,1
ESO DET EXP NAME,XSHOOTER_SLT_OBJ_NIR_252_0002,1
ESO DET EXP NAME,XSHOOTER_SLT_OBJ_NIR_252_0001,1
ESO DET EXP NAME,XSHOOTER_SLT_AFC_NIR_252_0003,1
ESO DET EXP NAME,XSHOOTER_SLT_AFC_NIR_252_0002,1
ESO DET EXP NAME,XSHOOTER_SLT_AFC_NIR_252_0001,1
ESO DET EXP NAME,XSHOOTER_SLT_ARC_NIR_251_0002,1
ESO DET EXP NAME,XSHOOTER_SLT_ARC_NIR_251_0001,1
ESO DET EXP NAME,XSHOOTER_SLT_FLAT_NIR_251_0010,1
ESO DET EXP NAME,XSHOOTER_SLT_FLAT_NIR_251_0009,1
ESO DET EXP NAME,XSHOOTER_SLT_FLAT_NIR_251_0008,1
ESO DET EXP NAME,XSHOOTER_GEN_DARK_NIR_252_0008,1
ESO DET EXP NAME,XSHOOTER_GEN_DARK_NIR_252_0007,1
ESO DET EXP NAME,XSHOOTER_GEN_DARK_NIR_252_0006,1
ESO DET EXP NAME,XSHOOTER_GEN_DARK_NIR_252_0005,1
ESO DET EXP NAME,XSHOOTER_GEN_DARK_NIR_252_0004,1
ESO DET EXP NAME,XSHOOTER_GEN_DARK_NIR_252_0003,1
ESO DET EXP NAME,XSHOOTER_GEN_DARK_NIR_252_0002,1
ESO DET EXP NAME,XSHOOTER_SLT_AFC_NIR_252_0018,1
ESO DET EXP NAME,XSHOOTER_SLT_AFC_NIR_252_0017,1
ESO DET EXP NAME,XSHOOTER_SLT_AFC_NIR_252_0016,1
ESO DET EXP NAME,XSHOOTER_SLT_AFC_NIR_252_0015,1
ESO DET EXP NAME,XSHOOTER_SLT_AFC_NIR_252_0014,1
ESO DET EXP NAME,XSHOOTER_SLT_AFC_NIR_252_0013,1
ESO DET EXP NAME,XSHOOTER_SLT_AFC_NIR_252_0012,1
ESO DET EXP NAME,XSHOOTER_SLT_AFC_NIR_252_0011,1
ESO DET EXP NAME,XSHOOTER_SLT_AFC_NIR_252_0010,1
ESO DET EXP NAME,XSHOOTER_GEN_DARK_NIR_247_0007,1
ESO DET EXP NAME,XSHOOTER_GEN_DARK_NIR_247_0006,1
ESO DET EXP NAME,XSHOOTER_GEN_DARK_NIR_247_0005,1
ESO DET EXP NAME,XSHOOTER_GEN_DARK_NIR_247_0004,1
ESO DET EXP NAME,XSHOOTER_GEN_DARK_NIR_247_0003,1
ESO DET EXP NAME,XSHOOTER_GEN_DARK_NIR_252_0019,1
ESO DET EXP NAME,XSHOOTER_GEN_DARK_NIR_252_0018,1
ESO DET EXP NAME,XSHOOTER_GEN_DARK_NIR_252_0017,1
ESO DET EXP NAME,XSHOOTER_GEN_DARK_NIR_252_0016,1
ESO DET EXP NAME,XSHOOTER_GEN_DARK_NIR_252_0015,1
ESO DET EXP NAME,XSHOOTER_GEN_DARK_NIR_252_0014,1
ESO DET EXP NAME,XSHOOTER_GEN_DARK_NIR_252_0013,1
ESO DET EXP NAME,XSHOOTER_GEN_DARK_NIR_252_0012,1
ESO DET EXP NAME,XSHOOTER_GEN_DARK_NIR_252_0011,1
ESO DET EXP NAME,XSHOOTER_GEN_DARK_NIR_252_0010,1
ESO DET EXP NAME,XSHOOTER_GEN_DARK_NIR_252_0009,1
ESO DET EXP NAME,XSHOOTER_SLT_AFC_NIR_247_0011,1
ESO DET EXP NAME,XSHOOTER_SLT_FLAT_NIR_252_0029,1
ESO DET EXP NAME,XSHOOTER_SLT_FLAT_NIR_252_0028,1
ESO DET EXP NAME,XSHOOTER_SLT_FLAT_NIR_252_0027,1
ESO DET EXP NAME,XSHOOTER_SLT_FLAT_NIR_252_0026,1
ESO DET EXP NAME,XSHOOTER_SLT_FLAT_NIR_252_0025,1
ESO DET EXP NAME,XSHOOTER_SLT_FLAT_NIR_252_0024,1
ESO DET EXP NAME,XSHOOTER_SLT_FLAT_NIR_252_0023,1
ESO DET EXP NAME,XSHOOTER_SLT_FLAT_NIR_252_0022,1
ESO DET EXP NAME,XSHOOTER_SLT_FLAT_NIR_252_0005,1
ESO DET EXP NAME,XSHOOTER_SLT_FLAT_NIR_252_0004,1
ESO DET EXP NAME,XSHOOTER_SLT_FLAT_NIR_252_0003,1
ESO DET EXP NAME,XSHOOTER_SLT_FLAT_NIR_252_0002,1
ESO DET EXP NAME,XSHOOTER_SLT_FLAT_NIR_252_0001,1
ESO DET EXP NAME,XSHOOTER_SLT_WAVE_NIR_252_0002,1
ESO DET EXP NAME,XSHOOTER_SLT_WAVE_NIR_252_0001,1
ESO DET EXP NAME,XSHOOTER_SLT_FLAT_NIR_252_0016,1
ESO DET EXP NAME,XSHOOTER_SLT_FLAT_NIR_252_0015,1
ESO DET EXP NAME,XSHOOTER_SLT_FLAT_NIR_252_0014,1
ESO DET EXP NAME,XSHOOTER_SLT_FLAT_NIR_252_0013,1
ESO DET EXP NAME,XSHOOTER_SLT_FLAT_NIR_252_0012,1
ESO DET EXP NAME,XSHOOTER_SLT_FLAT_NIR_252_0011,1
ESO DET EXP NAME,XSHOOTER_SLT_FLAT_NIR_252_0010,1
ESO DET EXP NAME,XSHOOTER_SLT_FLAT_NIR_252_0009,1
ESO DET EXP NAME,XSHOOTER_SLT_FLAT_NIR_252_0008,1
ESO DET EXP NAME,XSHOOTER_SLT_FLAT_NIR_252_0007,1
ESO DET EXP NAME,XSHOOTER_SLT_FLAT_NIR_252_0006,1
ESO DET EXP NAME,XSHOOTER_GEN_DARK_NIR_247_0002,1
ESO DET EXP NAME,XSHOOTER_SLT_AFC_NIR_247_0015,1
ESO DET EXP NAME,XSHOOTER_SLT_AFC_NIR_247_0014,1
ESO DET EXP NAME,XSHOOTER_SLT_AFC_NIR_247_0013,1
ESO DET EXP NAME,XSHOOTER_SLT_AFC_NIR_247_0012,1
ESO DET EXP UTC,2026-09-04T01:43:45.7785,1
ESO DET EXP UTC,2026-09-04T01:44:15.1894,1
ESO DET EXP UTC,2026-09-04T01:44:31.5887,1
ESO DET EXP UTC,2026-09-04T02:42:04.3745,1
ESO DET EXP UTC,2026-09-04T02:42:33.1620,1
ESO DET EXP UTC,2026-09-04T02:42:49.5042,1
ESO DET EXP UTC,2026-09-04T03:15:33.8729,1
ESO DET EXP UTC,2026-09-04T03:16:03.0417,1
ESO DET EXP UTC,2026-09-04T03:16:20.5595,1
ESO DET EXP UTC,2026-09-04T04:15:36.9630,1
ESO DET EXP UTC,2026-09-04T04:16:07.0624,1
ESO DET EXP UTC,2026-09-04T04:16:24.7541,1
ESO DET EXP UTC,2026-09-04T04:36:32.8474,1
ESO DET EXP UTC,2026-09-04T04:37:00.6814,1
ESO DET EXP UTC,2026-09-04T04:37:17.7807,1
ESO DET EXP UTC,2026-09-04T10:15:57.5813,1
ESO DET EXP UTC,2026-09-04T10:16:13.6450,1
ESO DET EXP UTC,2026-09-04T10:16:29.6947,1
ESO DET EXP UTC,2026-09-04T10:42:06.7970,1
ESO DET EXP UTC,2026-09-04T10:42:22.3562,1
ESO DET EXP UTC,2026-09-04T10:42:33.9188,1
ESO DET EXP UTC,2026-09-04T10:42:47.6183,1
ESO DET EXP UTC,2026-09-04T10:43:00.5133,1
ESO DET EXP UTC,2026-09-04T10:43:13.4023,1
ESO DET EXP UTC,2026-09-04T10:43:26.6732,1
ESO DET EXP UTC,2026-09-04T10:43:38.6622,1
ESO DET EXP UTC,2026-09-04T10:43:50.6582,1
ESO DET EXP UTC,2026-09-04T11:29:03.6343,1
ESO DET EXP UTC,2026-09-04T11:44:15.9101,1
ESO DET EXP UTC,2026-09-04T11:54:23.4534,1
ESO DET EXP UTC,2026-09-04T12:04:31.7166,1
ESO DET EXP UTC,2026-09-04T12:14:37.1467,1
ESO DET EXP UTC,2026-09-04T12:29:46.6553,1
ESO DET EXP UTC,2026-09-04T12:44:55.3489,1
ESO DET EXP UTC,2026-09-04T13:00:04.3610,1
ESO DET EXP UTC,2026-09-04T13:03:34.3680,1
ESO DET EXP UTC,2026-09-04T13:07:02.9821,1
ESO DET EXP UTC,2026-09-04T13:10:31.8786,1
ESO DET EXP UTC,2026-09-04T13:11:09.5419,1
ESO DET EXP UTC,2026-09-04T13:11:37.7052,1
ESO DET EXP UTC,2026-09-04T13:11:55.4290,1
ESO DET EXP UTC,2026-09-04T13:21:14.9513,1
ESO DET EXP UTC,2026-09-04T13:21:37.1792,1
ESO DET EXP UTC,2026-09-04T13:22:45.0395,1
ESO DET EXP UTC,2026-09-04T13:23:13.4044,1
ESO DET EXP UTC,2026-09-04T13:23:40.4571,1
ESO DET EXP UTC,2026-09-04T13:24:05.3299,1
ESO DET EXP UTC,2026-09-04T13:24:32.9637,1
ESO DET EXP UTC,2026-09-04T13:25:01.2711,1
ESO DET EXP UTC,2026-09-04T13:25:29.1654,1
ESO DET EXP UTC,2026-09-04T13:25:57.8794,1
ESO DET EXP UTC,2026-09-04T13:26:25.0534,1
ESO DET EXP UTC,2026-09-04T13:26:53.1557,1
ESO DET EXP UTC,2026-09-04T13:48:17.0134,1
ESO DET EXP UTC,2026-09-04T13:48:39.3239,1
ESO DET EXP UTC,2026-09-04T13:49:00.2419,1
ESO DET EXP UTC,2026-09-04T13:49:23.2450,1
ESO DET EXP UTC,2026-09-04T13:49:44.1625,1
ESO DET EXP UTC,2026-09-04T13:50:06.4707,1
ESO DET EXP UTC,2026-09-04T13:50:27.3897,1
ESO DET EXP UTC,2026-09-04T13:50:49.6992,1
ESO DET EXP UTC,2026-09-04T13:51:10.6160,1
ESO DET EXP UTC,2026-09-04T13:51:32.2323,1
ESO DET EXP UTC,2026-09-04T14:08:39.0560,1
ESO DET EXP UTC,2026-09-04T14:08:57.2060,1
ESO DET EXP UTC,2026-09-04T14:09:13.9641,1
ESO DET EXP UTC,2026-09-04T14:09:28.6482,1
ESO DET EXP UTC,2026-09-04T14:09:45.4094,1
ESO DET EXP UTC,2026-09-04T14:10:03.5632,1
ESO DET EXP UTC,2026-09-04T14:10:21.0100,1
ESO DET EXP UTC,2026-09-04T14:10:39.1589,1
ESO DET EXP UTC,2026-09-04T14:10:55.9180,1
ESO DET EXP UTC,2026-09-04T14:11:14.0669,1
ESO DET EXP UTC,2026-09-04T15:17:15.4546,1
ESO DET EXP UTC,2026-09-04T15:17:37.0720,1
ESO DET EXP UTC,2026-09-04T15:17:57.9895,1
ESO DET EXP UTC,2026-09-04T15:18:20.2994,1
ESO DET EXP UTC,2026-09-04T15:18:38.4428,1
ESO DET EXP UTC,2026-09-04T15:19:00.7528,1
ESO DET EXP UTC,2026-09-04T15:19:21.6709,1
ESO DET EXP UTC,2026-09-04T15:19:40.5126,1
ESO DET EXP UTC,2026-09-04T15:20:01.4326,1
ESO DET EXP UTC,2026-09-04T15:20:23.7399,1
ESO DET EXP UTC,2026-09-04T15:20:48.2359,1
ESO DET EXP UTC,2026-09-04T15:21:06.3856,1
ESO DET EXP UTC,2026-09-04T15:21:23.1427,1
ESO DET EXP UTC,2026-09-04T15:21:41.2928,1
ESO DET EXP UTC,2026-09-04T15:21:58.0554,1
ESO DET EXP UTC,2026-09-04T15:22:16.2065,1
ESO DET EXP UTC,2026-09-04T15:22:32.9650,1
ESO DET EXP UTC,2026-09-04T15:22:47.6480,1
ESO DET EXP UTC,2026-09-04T15:23:04.4060,1
ESO DET EXP UTC,2026-09-04T15:23:22.5567,1
ESO DET EXP UTC,2026-09-04T20:21:08.2881,1
ESO DET EXP UTC,2026-09-04T20:21:37.4257,1
ESO DET EXP UTC,2026-09-04T20:30:58.2637,1
ESO DET EXP UTC,2026-09-04T20:31:20.6982,1
ESO DET EXP UTC,2026-09-05T07:03:14.5345,1
ESO DET EXP UTC,2026-09-05T07:03:43.4915,1
ESO DET EXP UTC,2026-09-05T07:04:01.4616,1
ESO DET EXP UTC,2026-09-05T07:10:29.8226,1
ESO DET EXP UTC,2026-09-05T07:15:29.9930,1
ESO DET EXP UTC,2026-09-05T07:21:04.4287,1
ESO DET EXP UTC,2026-09-05T07:21:34.3610,1
ESO DET EXP UTC,2026-09-05T07:21:52.0912,1
ESO DET EXP UTC,2026-09-05T07:33:19.4411,1
ESO DET EXP UTC,2026-09-05T07:33:47.3182,1
ESO DET EXP UTC,2026-09-05T07:34:05.0470,1
ESO DET EXP UTC,2026-09-05T07:40:47.4996,1
ESO DET EXP UTC,2026-09-05T07:41:15.3834,1
ESO DET EXP UTC,2026-09-05T07:41:33.7612,1
ESO DET EXP UTC,2026-09-05T08:41:27.1114,1
ESO DET EXP UTC,2026-09-05T08:41:56.3698,1
ESO DET EXP UTC,2026-09-05T08:42:14.0995,1
ESO DET EXP UTC,2026-09-05T08:51:27.3190,1
ESO DET EXP UTC,2026-09-05T08:51:55.8683,1
ESO DET EXP UTC,2026-09-05T08:52:13.5900,1
ESO DET EXP UTC,2026-09-05T09:03:03.6057,1
ESO DET EXP UTC,2026-09-05T09:03:33.5581,1
ESO DET EXP UTC,2026-09-05T09:03:50.6095,1
ESO DET EXP UTC,2026-09-05T10:02:55.8798,1
ESO DET EXP UTC,2026-09-05T10:03:11.9364,1
ESO DET EXP UTC,2026-09-05T10:03:28.7137,1
ESO DET EXP UTC,2026-09-05T10:29:54.2480,1
ESO DET EXP UTC,2026-09-05T10:30:52.4725,1
ESO DET EXP UTC,2026-09-05T10:31:52.2519,1
ESO DET EXP UTC,2026-09-05T10:36:11.6894,1
ESO DET EXP UTC,2026-09-05T10:40:30.5376,1
ESO DET EXP UTC,2026-09-05T10:44:49.3913,1
ESO DET EXP UTC,2026-09-05T10:49:59.0301,1
ESO DET EXP UTC,2026-09-05T10:55:04.5275,1
ESO DET EXP UTC,2026-09-05T11:00:14.0087,1
ESO DET EXP UTC,2026-09-05T11:00:51.6447,1
ESO DET EXP UTC,2026-09-05T11:01:20.8536,1
ESO DET EXP UTC,2026-09-05T11:01:36.5783,1
ESO DET EXP UTC,2026-09-05T11:10:54.7490,1
ESO DET EXP UTC,2026-09-05T11:11:16.3107,1
ESO DET EXP UTC,2026-09-05T11:14:46.9256,1
ESO DET EXP UTC,2026-09-05T11:15:52.0289,1
ESO DET EXP UTC,2026-09-05T11:22:46.0154,1
ESO DET EXP UTC,2026-09-05T11:22:58.3536,1
ESO DET EXP UTC,2026-09-05T11:25:47.6681,1
ESO DET EXP UTC,2026-09-05T11:26:16.4447,1
ESO DET EXP UTC,2026-09-05T11:42:59.1117,1
ESO DET EXP UTC,2026-09-05T11:43:07.2494,1
ESO DET EXP UTC,2026-09-05T11:43:13.9068,1
ESO DET EXP UTC,2026-09-05T11:43:25.0134,1
ESO DET EXP UTC,2026-09-05T11:43:35.3672,1
ESO DET EXP UTC,2026-09-05T11:43:46.4720,1
ESO DET EXP UTC,2026-09-05T11:43:56.8241,1
ESO DET EXP UTC,2026-09-05T11:44:08.6506,1
ESO DET EXP UTC,2026-09-05T11:44:15.3184,1
ESO DET EXP UTC,2026-09-05T11:44:26.4249,1
ESO DET EXP UTC,2026-09-05T12:44:01.7961,1
ESO DET EXP UTC,2026-09-05T12:44:17.3585,1
ESO DET EXP UTC,2026-09-05T12:44:32.0652,1
ESO DET EXP UTC,2026-09-05T12:44:47.9224,1
ESO DET EXP UTC,2026-09-05T12:44:59.4554,1
ESO DET EXP UTC,2026-09-05T12:45:15.3117,1
ESO DET EXP UTC,2026-09-05T12:45:29.7236,1
ESO DET EXP UTC,2026-09-05T12:45:45.2717,1
ESO DET EXP UTC,2026-09-05T12:45:56.8105,1
ESO DET EXP UTC,2026-09-05T12:46:12.2521,1
ESO DET EXP UTC,2026-09-05T12:48:35.4809,1
ESO DET EXP UTC,2026-09-05T12:48:45.8053,1
ESO DET EXP UTC,2026-09-05T20:43:16.7982,1
ESO DET EXP UTC,2026-09-05T20:43:45.3392,1
ESO DET EXP UTC,2026-09-05T20:53:05.5565,1
ESO DET EXP UTC,2026-09-05T20:53:24.3779,1
ESO DET EXP UTC,2026-09-05T23:11:55.5706,1
ESO DET EXP UTC,2026-09-05T23:12:23.4749,1
ESO DET EXP UTC,2026-09-05T23:12:41.1988,1
ESO DET EXP UTC,2026-09-05T23:19:51.1372,1
ESO DET EXP UTC,2026-09-05T23:24:14.0831,1
ESO DET EXP UTC,2026-09-06T03:33:10.9617,1
ESO DET EXP UTC,2026-09-06T03:33:39.5041,1
ESO DET EXP UTC,2026-09-06T03:33:56.5348,1
ESO DET EXP UTC,2026-09-06T04:21:50.9485,1
ESO DET EXP UTC,2026-09-06T04:22:19.4926,1
ESO DET EXP UTC,2026-09-06T05:08:26.7691,1
ESO DET EXP UTC,2026-09-06T05:08:55.3260,1
ESO DET EXP UTC,2026-09-06T05:09:13.0398,1
ESO DET EXP UTC,2026-09-06T06:07:45.6304,1
ESO DET EXP UTC,2026-09-06T06:08:13.5332,1
ESO DET EXP UTC,2026-09-06T06:08:31.8996,1
ESO DET EXP UTC,2026-09-06T07:53:17.7429,1
ESO DET EXP UTC,2026-09-06T07:53:45.6074,1
ESO DET EXP UTC,2026-09-06T07:54:01.2622,1
ESO DET EXP UTC,2026-09-06T08:00:48.7755,1
ESO DET EXP UTC,2026-09-06T08:01:18.6943,1
ESO DET EXP UTC,2026-09-06T08:01:36.4159,1
ESO DET EXP UTC,2026-09-06T08:13:11.8527,1
ESO DET EXP UTC,2026-09-06T08:22:18.5840,1
ESO DET EXP UTC,2026-09-06T08:31:18.0118,1
ESO DET EXP UTC,2026-09-06T08:40:24.7424,1
ESO DET EXP UTC,2026-09-06T08:49:26.8174,1
ESO DET EXP UTC,2026-09-06T08:58:33.5548,1
ESO DET EXP UTC,2026-09-06T09:02:47.6148,1
ESO DET EXP UTC,2026-09-06T09:03:17.5410,1
ESO DET EXP UTC,2026-09-06T09:03:34.5869,1
ESO DET EXP UTC,2026-09-06T10:12:09.6212,1
ESO DET EXP UTC,2026-09-06T10:12:25.6699,1
ESO DET EXP UTC,2026-09-06T10:12:41.7255,1
ESO DET EXP UTC,2026-09-06T10:40:22.2400,1
ESO DET EXP UTC,2026-09-06T10:42:36.1361,1
ESO DET EXP UTC,2026-09-06T10:44:46.6833,1
ESO DET EXP UTC,2026-09-06T10:54:52.9335,1
ESO DET EXP UTC,2026-09-06T11:05:01.6888,1
ESO DET EXP UTC,2026-09-06T11:15:07.1242,1
ESO DET EXP UTC,2026-09-06T11:15:29.8482,1
ESO DET EXP UTC,2026-09-06T11:15:51.2230,1
ESO DET EXP UTC,2026-09-06T11:16:12.5908,1
ESO DET EXP UTC,2026-09-06T11:24:22.3534,1
ESO DET EXP UTC,2026-09-06T11:32:27.8446,1
ESO DET EXP UTC,2026-09-06T11:40:36.0047,1
ESO DET EXP UTC,2026-09-06T11:41:13.7129,1
ESO DET EXP UTC,2026-09-06T11:41:42.9356,1
ESO DET EXP UTC,2026-09-06T11:42:00.6441,1
ESO DET EXP UTC,2026-09-06T11:51:20.1548,1
ESO DET EXP UTC,2026-09-06T11:51:41.7109,1
ESO DET EXP UTC,2026-09-06T12:09:04.0620,1
ESO DET EXP UTC,2026-09-06T12:09:29.0198,1
ESO DET EXP UTC,2026-09-06T12:09:56.6589,1
ESO DET EXP UTC,2026-09-06T12:10:25.6282,1
ESO DET EXP UTC,2026-09-06T12:10:53.6767,1
ESO DET EXP UTC,2026-09-06T12:11:22.2365,1
ESO DET EXP UTC,2026-09-06T12:11:49.8750,1
ESO DET EXP UTC,2026-09-06T12:12:18.1758,1
ESO DET EXP UTC,2026-09-06T12:12:42.7128,1
ESO DET EXP UTC,2026-09-06T12:13:10.7748,1
ESO DET EXP UTC,2026-09-06T12:41:54.3198,1
ESO DET EXP UTC,2026-09-06T12:42:12.8730,1
ESO DET EXP UTC,2026-09-06T12:42:29.9204,1
ESO DET EXP UTC,2026-09-06T12:42:48.0643,1
ESO DET EXP UTC,2026-09-06T12:43:04.8283,1
ESO DET EXP UTC,2026-09-06T12:43:19.5070,1
ESO DET EXP UTC,2026-09-06T12:43:36.2704,1
ESO DET EXP UTC,2026-09-06T12:43:54.4165,1
ESO DET EXP UTC,2026-09-06T12:44:11.1784,1
ESO DET EXP UTC,2026-09-06T12:44:26.0624,1
ESO DET EXP UTC,2026-09-06T12:45:02.0864,1
ESO DET EXP UTC,2026-09-06T12:45:21.3321,1
ESO DET EXP UTC,2026-09-06T12:45:38.3804,1
ESO DET EXP UTC,2026-09-06T12:45:56.9335,1
ESO DET EXP UTC,2026-09-06T12:46:13.9815,1
ESO DET EXP UTC,2026-09-06T12:46:31.4318,1
ESO DET EXP UTC,2026-09-06T12:46:48.1941,1
ESO DET EXP UTC,2026-09-06T12:47:06.3367,1
ESO DET EXP UTC,2026-09-06T12:47:23.5566,1
ESO DET EXP UTC,2026-09-06T12:47:38.4703,1
ESO DET EXP UTC,2026-09-06T12:50:04.8108,1
ESO DET EXP UTC,2026-09-06T12:50:15.9417,1
ESO DET EXP UTC,2026-09-06T12:50:44.5744,1
ESO DET EXP UTC,2026-09-06T12:50:54.8934,1
ESO DET EXP UTC,2026-09-06T19:35:18.4029,1
ESO DET EXP UTC,2026-09-06T19:35:46.9016,1
ESO DET EXP UTC,2026-09-06T19:45:05.8459,1
ESO DET EXP UTC,2026-09-06T19:45:28.0703,1
ESO DET EXP UTC,2026-09-07T10:16:21.4035,1
ESO DET EXP UTC,2026-09-07T10:16:37.4624,1
ESO DET EXP UTC,2026-09-07T10:16:53.5221,1
ESO DET EXP UTC,2026-09-07T10:42:49.7277,1
ESO DET EXP UTC,2026-09-07T10:43:18.3762,1
ESO DET EXP UTC,2026-09-07T10:43:35.3560,1
ESO DET EXP UTC,2026-09-07T10:52:54.8495,1
ESO DET EXP UTC,2026-09-07T10:53:16.4068,1
ESO DET EXP UTC,2026-09-07T10:56:46.3667,1
ESO DET EXP UTC,2026-09-07T10:57:51.4641,1
ESO DET EXP UTC,2026-09-07T11:04:46.7889,1
ESO DET EXP UTC,2026-09-07T11:04:59.1225,1
ESO DET EXP UTC,2026-09-07T11:07:48.2604,1
ESO DET EXP UTC,2026-09-07T11:08:17.0367,1
ESO DET EXP UTC,2026-09-07T11:25:24.9315,1
ESO DET EXP UTC,2026-09-07T11:25:47.2340,1
ESO DET EXP UTC,2026-09-07T11:26:09.5438,1
ESO DET EXP UTC,2026-09-07T11:26:31.8505,1
ESO DET EXP UTC,2026-09-07T11:26:52.7712,1
ESO DET EXP UTC,2026-09-07T11:27:15.7688,1
ESO DET EXP UTC,2026-09-07T11:27:36.6895,1
ESO DET EXP UTC,2026-09-07T11:27:58.9934,1
ESO DET EXP UTC,2026-09-07T11:28:17.1444,1
ESO DET EXP UTC,2026-09-07T11:28:39.4470,1
ESO DET EXP UTC,2026-09-07T11:29:16.3409,1
ESO DET EXP UTC,2026-09-07T11:29:38.6445,1
ESO DET EXP UTC,2026-09-07T11:29:59.5665,1
ESO DET EXP UTC,2026-09-07T11:30:22.5637,1
ESO DET EXP UTC,2026-09-07T11:30:43.4883,1
ESO DET EXP UTC,2026-09-07T11:31:05.7939,1
ESO DET EXP UTC,2026-09-07T11:31:23.9432,1
ESO DET EXP UTC,2026-09-07T11:31:46.2461,1
ESO DET EXP UTC,2026-09-07T11:32:07.1687,1
ESO DET EXP UTC,2026-09-07T11:32:29.4751,1
ESO DET EXP UTC,2026-09-07T11:35:00.9160,1
ESO DET EXP UTC,2026-09-07T11:35:13.7668,1
ESO DET EXP UTC,2026-09-07T11:35:42.5564,1
ESO DET EXP UTC,2026-09-07T11:35:54.9621,1
ESO DET EXP UTC,2026-09-07T19:49:39.4023,1
ESO DET EXP UTC,2026-09-07T19:50:07.5178,1
ESO DET EXP UTC,2026-09-07T19:50:24.9191,1
ESO DET EXP UTC,2026-09-07T19:59:45.5766,1
ESO DET EXP UTC,2026-09-07T20:00:07.8651,1
ESO DET EXP UTC,2026-09-08T08:31:49.2462,1
ESO DET EXP UTC,2026-09-08T08:32:05.3080,1
ESO DET EXP UTC,2026-09-08T08:32:21.3707,1
ESO DET EXP UTC,2026-09-08T08:58:09.9229,1
ESO DET EXP UTC,2026-09-08T08:58:38.4766,1
ESO DET EXP UTC,2026-09-08T09:07:59.5550,1
ESO DET EXP UTC,2026-09-08T09:08:21.1116,1
ESO DET EXP UTC,2026-09-08T09:30:35.2118,1
ESO DET EXP UTC,2026-09-08T09:31:03.5101,1
ESO DET EXP UTC,2026-09-08T09:31:31.1489,1
ESO DET EXP UTC,2026-09-08T09:31:59.4503,1
ESO DET EXP UTC,2026-09-08T09:32:27.0894,1
ESO DET EXP UTC,2026-09-08T09:32:55.3901,1
ESO DET EXP UTC,2026-09-08T09:33:23.0272,1
ESO DET EXP UTC,2026-09-08T09:33:51.3297,1
ESO DET EXP UTC,2026-09-08T09:34:18.9696,1
ESO DET EXP UTC,2026-09-08T09:34:43.9289,1
ESO DET EXP UTC,2026-09-08T09:37:22.4028,1
ESO DET EXP UTC,2026-09-08T09:37:35.9140,1
ESO DET EXP UTC,2026-09-08T20:32:22.3635,1
ESO DET EXP UTC,2026-09-08T20:32:50.9982,1
ESO DET EXP UTC,2026-09-08T20:42:13.2120,1
ESO DET EXP UTC,2026-09-08T20:42:35.4581,1
ESO DET EXP UTC,2026-09-09T05:43:37.6133,1
ESO DET EXP UTC,2026-09-09T05:44:08.2307,1
ESO DET EXP UTC,2026-09-09T05:44:27.2827,1
ESO DET EXP UTC,2026-09-09T05:49:25.0892,1
ESO DET EXP UTC,2026-09-09T05:53:46.6971,1
ESO DET EXP UTC,2026-09-09T05:59:48.1217,1
ESO DET EXP UTC,2026-09-09T06:00:15.9904,1
ESO DET EXP UTC,2026-09-09T06:00:33.7376,1
ESO DET EXP UTC,2026-09-09T07:04:18.2248,1
ESO DET EXP UTC,2026-09-09T07:04:47.4540,1
ESO DET EXP UTC,2026-09-09T07:05:04.4989,1
ESO DET EXP UTC,2026-09-09T08:08:07.5945,1
ESO DET EXP UTC,2026-09-09T08:08:36.1411,1
ESO DET EXP UTC,2026-09-09T08:08:53.8945,1
ESO DET EXP UTC,2026-09-09T09:07:04.6598,1
ESO DET EXP UTC,2026-09-09T09:07:33.9081,1
ESO DET EXP UTC,2026-09-09T09:07:51.6128,1
ESO DET EXP UTC,2026-09-09T09:21:06.2079,1
ESO DET EXP UTC,2026-09-09T09:21:35.4007,1
ESO DET EXP UTC,2026-09-09T09:21:51.7993,1
ESO DET EXP UTC,2026-09-09T10:07:55.7329,1
ESO DET EXP UTC,2026-09-09T10:08:11.7896,1
ESO DET EXP UTC,2026-09-09T10:08:27.8422,1
ESO DET EXP UTC,2026-09-09T10:36:00.1973,1
ESO DET EXP UTC,2026-09-09T10:38:14.0873,1
ESO DET EXP UTC,2026-09-09T10:40:27.3128,1
ESO DET EXP UTC,2026-09-09T10:43:07.6893,1
ESO DET EXP UTC,2026-09-09T10:45:45.8951,1
ESO DET EXP UTC,2026-09-09T10:48:24.7635,1
ESO DET EXP UTC,2026-09-09T10:51:54.4329,1
ESO DET EXP UTC,2026-09-09T10:55:23.2910,1
ESO DET EXP UTC,2026-09-09T10:58:51.4854,1
ESO DET EXP UTC,2026-09-09T10:59:51.1759,1
ESO DET EXP UTC,2026-09-09T11:00:50.0639,1
ESO DET EXP UTC,2026-09-09T11:01:45.6145,1
ESO DET EXP UTC,2026-09-09T11:02:05.0227,1
ESO DET EXP UTC,2026-09-09T11:02:26.3912,1
ESO DET EXP UTC,2026-09-09T11:02:47.7626,1
ESO DET EXP UTC,2026-09-09T11:03:25.0038,1
ESO DET EXP UTC,2026-09-09T11:03:54.2274,1
ESO DET EXP UTC,2026-09-09T11:04:11.9398,1
ESO DET EXP UTC,2026-09-09T11:13:35.5115,1
ESO DET EXP UTC,2026-09-09T11:13:53.7355,1
ESO DET EXP UTC,2026-09-09T11:17:25.6901,1
ESO DET EXP UTC,2026-09-09T11:18:30.7853,1
ESO DET EXP UTC,2026-09-09T11:25:28.1636,1
ESO DET EXP UTC,2026-09-09T11:25:39.4977,1
ESO DET EXP UTC,2026-09-09T11:28:29.8419,1
ESO DET EXP UTC,2026-09-09T11:28:55.2368,1
ESO DET EXP UTC,2026-09-09T11:29:19.1470,1
ESO DET EXP UTC,2026-09-09T11:29:30.2473,1
ESO DET EXP UTC,2026-09-09T11:29:36.9026,1
ESO DET EXP UTC,2026-09-09T11:29:45.0385,1
ESO DET EXP UTC,2026-09-09T11:29:55.3941,1
ESO DET EXP UTC,2026-09-09T11:30:06.4949,1
ESO DET EXP UTC,2026-09-09T11:30:16.8521,1
ESO DET EXP UTC,2026-09-09T11:30:27.9521,1
ESO DET EXP UTC,2026-09-09T11:30:39.0552,1
ESO DET EXP UTC,2026-09-09T11:30:50.1578,1
ESO DET EXP UTC,2026-09-09T12:07:19.0274,1
ESO DET EXP UTC,2026-09-09T12:07:35.0923,1
ESO DET EXP UTC,2026-09-09T12:07:49.7745,1
ESO DET EXP UTC,2026-09-09T12:08:05.8387,1
ESO DET EXP UTC,2026-09-09T12:08:20.5216,1
ESO DET EXP UTC,2026-09-09T12:08:36.5855,1
ESO DET EXP UTC,2026-09-09T12:08:51.2677,1
ESO DET EXP UTC,2026-09-09T12:09:07.3321,1
ESO DET EXP UTC,2026-09-09T12:09:22.0147,1
ESO DET EXP UTC,2026-09-09T12:09:38.0800,1
ESO DET EXP UTC,2026-09-09T12:19:56.0760,1
ESO DET EXP UTC,2026-09-09T12:20:14.2200,1
ESO DET EXP UTC,2026-09-09T12:20:28.2085,1
ESO DET EXP UTC,2026-09-09T12:20:46.3522,1
ESO DET EXP UTC,2026-09-09T12:21:03.1159,1
ESO DET EXP UTC,2026-09-09T12:21:21.2598,1
ESO DET EXP UTC,2026-09-09T12:21:35.2511,1
ESO DET EXP UTC,2026-09-09T12:21:53.3963,1
ESO DET EXP UTC,2026-09-09T12:22:10.1587,1
ESO DET EXP UTC,2026-09-09T12:22:28.3029,1
ESO DET EXP UTC,2026-09-09T19:33:43.0538,1
ESO DET EXP UTC,2026-09-09T19:34:11.2999,1
ESO DET EXP UTC,2026-09-09T19:43:30.4405,1
ESO DET EXP UTC,2026-09-09T19:43:52.6905,1
ESO DET FRAM UTC,2026-09-04T01:43:44.4060,1
ESO DET FRAM UTC,2026-09-04T01:44:13.6164,1
ESO DET FRAM UTC,2026-09-04T01:44:30.0095,1
ESO DET FRAM UTC,2026-09-04T02:42:03.0372,1
ESO DET FRAM UTC,2026-09-04T02:42:31.5814,1
ESO DET FRAM UTC,2026-09-04T02:42:47.9725,1
ESO DET FRAM UTC,2026-09-04T03:15:32.2980,1
ESO DET FRAM UTC,2026-09-04T03:16:01.5148,1
ESO DET FRAM UTC,2026-09-04T03:16:19.2328,1
ESO DET FRAM UTC,2026-09-04T04:15:35.5457,1
ESO DET FRAM UTC,2026-09-04T04:16:05.4838,1
ESO DET FRAM UTC,2026-09-04T04:16:23.2016,1
ESO DET FRAM UTC,2026-09-04T04:36:31.2706,1
ESO DET FRAM UTC,2026-09-04T04:36:59.1541,1
ESO DET FRAM UTC,2026-09-04T04:37:16.2057,1
ESO DET FRAM UTC,2026-09-04T10:15:56.7857,1
ESO DET FRAM UTC,2026-09-04T10:16:12.8444,1
ESO DET FRAM UTC,2026-09-04T10:16:28.8971,1
ESO DET FRAM UTC,2026-09-04T10:42:06.0057,1
ESO DET FRAM UTC,2026-09-04T10:42:21.5649,1
ESO DET FRAM UTC,2026-09-04T10:42:33.1276,1
ESO DET FRAM UTC,2026-09-04T10:42:46.8273,1
ESO DET FRAM UTC,2026-09-04T10:42:59.7220,1
ESO DET FRAM UTC,2026-09-04T10:43:12.6114,1
ESO DET FRAM UTC,2026-09-04T10:43:25.8823,1
ESO DET FRAM UTC,2026-09-04T10:43:37.8713,1
ESO DET FRAM UTC,2026-09-04T10:43:49.8673,1
ESO DET FRAM UTC,2026-09-04T11:29:02.8406,1
ESO DET FRAM UTC,2026-09-04T11:44:15.1164,1
ESO DET FRAM UTC,2026-09-04T11:54:22.1658,1
ESO DET FRAM UTC,2026-09-04T12:04:30.9252,1
ESO DET FRAM UTC,2026-09-04T12:14:36.3550,1
ESO DET FRAM UTC,2026-09-04T12:29:45.8635,1
ESO DET FRAM UTC,2026-09-04T12:44:54.5567,1
ESO DET FRAM UTC,2026-09-04T13:00:03.2567,1
ESO DET FRAM UTC,2026-09-04T13:03:33.5765,1
ESO DET FRAM UTC,2026-09-04T13:07:01.7740,1
ESO DET FRAM UTC,2026-09-04T13:10:30.6337,1
ESO DET FRAM UTC,2026-09-04T13:11:08.3335,1
ESO DET FRAM UTC,2026-09-04T13:11:36.8789,1
ESO DET FRAM UTC,2026-09-04T13:11:54.6022,1
ESO DET FRAM UTC,2026-09-04T13:21:14.1599,1
ESO DET FRAM UTC,2026-09-04T13:21:36.3875,1
ESO DET FRAM UTC,2026-09-04T13:22:43.6361,1
ESO DET FRAM UTC,2026-09-04T13:23:12.6129,1
ESO DET FRAM UTC,2026-09-04T13:23:39.5754,1
ESO DET FRAM UTC,2026-09-04T13:24:04.5382,1
ESO DET FRAM UTC,2026-09-04T13:24:32.1719,1
ESO DET FRAM UTC,2026-09-04T13:25:00.4793,1
ESO DET FRAM UTC,2026-09-04T13:25:28.1133,1
ESO DET FRAM UTC,2026-09-04T13:25:57.0878,1
ESO DET FRAM UTC,2026-09-04T13:26:24.0569,1
ESO DET FRAM UTC,2026-09-04T13:26:52.3644,1
ESO DET FRAM UTC,2026-09-04T13:48:16.2214,1
ESO DET FRAM UTC,2026-09-04T13:48:38.5324,1
ESO DET FRAM UTC,2026-09-04T13:48:59.4501,1
ESO DET FRAM UTC,2026-09-04T13:49:22.4532,1
ESO DET FRAM UTC,2026-09-04T13:49:43.3706,1
ESO DET FRAM UTC,2026-09-04T13:50:05.6785,1
ESO DET FRAM UTC,2026-09-04T13:50:26.5982,1
ESO DET FRAM UTC,2026-09-04T13:50:48.9077,1
ESO DET FRAM UTC,2026-09-04T13:51:09.8241,1
ESO DET FRAM UTC,2026-09-04T13:51:31.4406,1
ESO DET FRAM UTC,2026-09-04T14:08:38.2644,1
ESO DET FRAM UTC,2026-09-04T14:08:56.4141,1
ESO DET FRAM UTC,2026-09-04T14:09:13.1727,1
ESO DET FRAM UTC,2026-09-04T14:09:27.8566,1
ESO DET FRAM UTC,2026-09-04T14:09:44.6174,1
ESO DET FRAM UTC,2026-09-04T14:10:02.7692,1
ESO DET FRAM UTC,2026-09-04T14:10:20.2184,1
ESO DET FRAM UTC,2026-09-04T14:10:38.3672,1
ESO DET FRAM UTC,2026-09-04T14:10:55.1264,1
ESO DET FRAM UTC,2026-09-04T14:11:13.2756,1
ESO DET FRAM UTC,2026-09-04T15:17:14.6629,1
ESO DET FRAM UTC,2026-09-04T15:17:36.2796,1
ESO DET FRAM UTC,2026-09-04T15:17:57.1976,1
ESO DET FRAM UTC,2026-09-04T15:18:19.5075,1
ESO DET FRAM UTC,2026-09-04T15:18:37.6511,1
ESO DET FRAM UTC,2026-09-04T15:18:59.9611,1
ESO DET FRAM UTC,2026-09-04T15:19:20.8788,1
ESO DET FRAM UTC,2026-09-04T15:19:39.7207,1
ESO DET FRAM UTC,2026-09-04T15:20:00.6385,1
ESO DET FRAM UTC,2026-09-04T15:20:22.9479,1
ESO DET FRAM UTC,2026-09-04T15:20:47.4446,1
ESO DET FRAM UTC,2026-09-04T15:21:05.5942,1
ESO DET FRAM UTC,2026-09-04T15:21:22.3509,1
ESO DET FRAM UTC,2026-09-04T15:21:40.5015,1
ESO DET FRAM UTC,2026-09-04T15:21:57.2636,1
ESO DET FRAM UTC,2026-09-04T15:22:15.4152,1
ESO DET FRAM UTC,2026-09-04T15:22:32.1733,1
ESO DET FRAM UTC,2026-09-04T15:22:46.8564,1
ESO DET FRAM UTC,2026-09-04T15:23:03.6145,1
ESO DET FRAM UTC,2026-09-04T15:23:21.7649,1
ESO DET FRAM UTC,2026-09-04T20:21:06.7952,1
ESO DET FRAM UTC,2026-09-04T20:21:36.0048,1
ESO DET FRAM UTC,2026-09-04T20:30:56.8948,1
ESO DET FRAM UTC,2026-09-04T20:31:19.1221,1
ESO DET FRAM UTC,2026-09-05T07:03:12.9605,1
ESO DET FRAM UTC,2026-09-05T07:03:42.1766,1
ESO DET FRAM UTC,2026-09-05T07:03:59.8941,1
ESO DET FRAM UTC,2026-09-05T07:10:28.2478,1
ESO DET FRAM UTC,2026-09-05T07:15:28.4240,1
ESO DET FRAM UTC,2026-09-05T07:21:02.8582,1
ESO DET FRAM UTC,2026-09-05T07:21:32.7885,1
ESO DET FRAM UTC,2026-09-05T07:21:50.5116,1
ESO DET FRAM UTC,2026-09-05T07:33:17.8649,1
ESO DET FRAM UTC,2026-09-05T07:33:45.7480,1
ESO DET FRAM UTC,2026-09-05T07:34:03.4671,1
ESO DET FRAM UTC,2026-09-05T07:40:45.9324,1
ESO DET FRAM UTC,2026-09-05T07:41:13.8120,1
ESO DET FRAM UTC,2026-09-05T07:41:32.1997,1
ESO DET FRAM UTC,2026-09-05T08:41:25.5303,1
ESO DET FRAM UTC,2026-09-05T08:41:54.8000,1
ESO DET FRAM UTC,2026-09-05T08:42:12.5187,1
ESO DET FRAM UTC,2026-09-05T08:51:25.7494,1
ESO DET FRAM UTC,2026-09-05T08:51:54.2999,1
ESO DET FRAM UTC,2026-09-05T08:52:12.0172,1
ESO DET FRAM UTC,2026-09-05T09:03:02.0416,1
ESO DET FRAM UTC,2026-09-05T09:03:31.9778,1
ESO DET FRAM UTC,2026-09-05T09:03:49.0304,1
ESO DET FRAM UTC,2026-09-05T10:02:55.0847,1
ESO DET FRAM UTC,2026-09-05T10:03:11.1396,1
ESO DET FRAM UTC,2026-09-05T10:03:27.9185,1
ESO DET FRAM UTC,2026-09-05T10:29:53.4556,1
ESO DET FRAM UTC,2026-09-05T10:30:51.6803,1
ESO DET FRAM UTC,2026-09-05T10:31:50.5651,1
ESO DET FRAM UTC,2026-09-05T10:36:10.8977,1
ESO DET FRAM UTC,2026-09-05T10:40:29.7459,1
ESO DET FRAM UTC,2026-09-05T10:44:48.5992,1
ESO DET FRAM UTC,2026-09-05T10:49:58.2384,1
ESO DET FRAM UTC,2026-09-05T10:55:03.7355,1
ESO DET FRAM UTC,2026-09-05T11:00:13.2164,1
ESO DET FRAM UTC,2026-09-05T11:00:50.8493,1
ESO DET FRAM UTC,2026-09-05T11:01:20.0604,1
ESO DET FRAM UTC,2026-09-05T11:01:35.7863,1
ESO DET FRAM UTC,2026-09-05T11:10:53.9571,1
ESO DET FRAM UTC,2026-09-05T11:11:15.5186,1
ESO DET FRAM UTC,2026-09-05T11:14:46.1310,1
ESO DET FRAM UTC,2026-09-05T11:15:51.2341,1
ESO DET FRAM UTC,2026-09-05T11:22:45.2236,1
ESO DET FRAM UTC,2026-09-05T11:22:57.5617,1
ESO DET FRAM UTC,2026-09-05T11:25:46.8735,1
ESO DET FRAM UTC,2026-09-05T11:26:15.6500,1
ESO DET FRAM UTC,2026-09-05T11:42:58.3197,1
ESO DET FRAM UTC,2026-09-05T11:43:06.4575,1
ESO DET FRAM UTC,2026-09-05T11:43:13.1151,1
ESO DET FRAM UTC,2026-09-05T11:43:24.2219,1
ESO DET FRAM UTC,2026-09-05T11:43:34.5753,1
ESO DET FRAM UTC,2026-09-05T11:43:45.6803,1
ESO DET FRAM UTC,2026-09-05T11:43:56.0324,1
ESO DET FRAM UTC,2026-09-05T11:44:07.8587,1
ESO DET FRAM UTC,2026-09-05T11:44:14.5261,1
ESO DET FRAM UTC,2026-09-05T11:44:25.6333,1
ESO DET FRAM UTC,2026-09-05T12:44:01.0035,1
ESO DET FRAM UTC,2026-09-05T12:44:16.1418,1
ESO DET FRAM UTC,2026-09-05T12:44:31.2716,1
ESO DET FRAM UTC,2026-09-05T12:44:47.1300,1
ESO DET FRAM UTC,2026-09-05T12:44:58.6626,1
ESO DET FRAM UTC,2026-09-05T12:45:14.5190,1
ESO DET FRAM UTC,2026-09-05T12:45:28.9312,1
ESO DET FRAM UTC,2026-09-05T12:45:44.0684,1
ESO DET FRAM UTC,2026-09-05T12:45:55.6020,1
ESO DET FRAM UTC,2026-09-05T12:46:11.4595,1
ESO DET FRAM UTC,2026-09-05T12:48:34.6882,1
ESO DET FRAM UTC,2026-09-05T12:48:45.0128,1
ESO DET FRAM UTC,2026-09-05T20:43:15.2198,1
ESO DET FRAM UTC,2026-09-05T20:43:43.7619,1
ESO DET FRAM UTC,2026-09-05T20:53:03.9837,1
ESO DET FRAM UTC,2026-09-05T20:53:22.8803,1
ESO DET FRAM UTC,2026-09-05T23:11:54.0131,1
ESO DET FRAM UTC,2026-09-05T23:12:21.8966,1
ESO DET FRAM UTC,2026-09-05T23:12:39.6158,1
ESO DET FRAM UTC,2026-09-05T23:19:49.5659,1
ESO DET FRAM UTC,2026-09-05T23:24:12.5044,1
ESO DET FRAM UTC,2026-09-06T03:33:09.3839,1
ESO DET FRAM UTC,2026-09-06T03:33:37.9286,1
ESO DET FRAM UTC,2026-09-06T03:33:54.9858,1
ESO DET FRAM UTC,2026-09-06T04:21:49.3629,1
ESO DET FRAM UTC,2026-09-06T04:22:17.9198,1
ESO DET FRAM UTC,2026-09-06T05:08:25.2131,1
ESO DET FRAM UTC,2026-09-06T05:08:53.7657,1
ESO DET FRAM UTC,2026-09-06T05:09:11.4832,1
ESO DET FRAM UTC,2026-09-06T06:07:44.0811,1
ESO DET FRAM UTC,2026-09-06T06:08:11.9630,1
ESO DET FRAM UTC,2026-09-06T06:08:30.3466,1
ESO DET FRAM UTC,2026-09-06T07:53:16.1594,1
ESO DET FRAM UTC,2026-09-06T07:53:44.0353,1
ESO DET FRAM UTC,2026-09-06T07:53:59.7065,1
ESO DET FRAM UTC,2026-09-06T08:00:47.1996,1
ESO DET FRAM UTC,2026-09-06T08:01:17.1314,1
ESO DET FRAM UTC,2026-09-06T08:01:34.8551,1
ESO DET FRAM UTC,2026-09-06T08:13:10.2925,1
ESO DET FRAM UTC,2026-09-06T08:22:17.0290,1
ESO DET FRAM UTC,2026-09-06T08:31:16.4366,1
ESO DET FRAM UTC,2026-09-06T08:40:23.1725,1
ESO DET FRAM UTC,2026-09-06T08:49:25.2420,1
ESO DET FRAM UTC,2026-09-06T08:58:31.9777,1
ESO DET FRAM UTC,2026-09-06T09:02:46.0357,1
ESO DET FRAM UTC,2026-09-06T09:03:15.9720,1
ESO DET FRAM UTC,2026-09-06T09:03:33.0251,1
ESO DET FRAM UTC,2026-09-06T10:12:08.8080,1
ESO DET FRAM UTC,2026-09-06T10:12:24.8611,1
ESO DET FRAM UTC,2026-09-06T10:12:40.9188,1
ESO DET FRAM UTC,2026-09-06T10:40:21.4479,1
ESO DET FRAM UTC,2026-09-06T10:42:35.3439,1
ESO DET FRAM UTC,2026-09-06T10:44:45.8914,1
ESO DET FRAM UTC,2026-09-06T10:54:52.1415,1
ESO DET FRAM UTC,2026-09-06T11:05:00.8963,1
ESO DET FRAM UTC,2026-09-06T11:15:06.3323,1
ESO DET FRAM UTC,2026-09-06T11:15:29.0560,1
ESO DET FRAM UTC,2026-09-06T11:15:50.4303,1
ESO DET FRAM UTC,2026-09-06T11:16:11.7988,1
ESO DET FRAM UTC,2026-09-06T11:24:21.5612,1
ESO DET FRAM UTC,2026-09-06T11:32:27.0524,1
ESO DET FRAM UTC,2026-09-06T11:40:35.2124,1
ESO DET FRAM UTC,2026-09-06T11:41:12.8662,1
ESO DET FRAM UTC,2026-09-06T11:41:42.0808,1
ESO DET FRAM UTC,2026-09-06T11:41:59.7993,1
ESO DET FRAM UTC,2026-09-06T11:51:19.3626,1
ESO DET FRAM UTC,2026-09-06T11:51:40.9190,1
ESO DET FRAM UTC,2026-09-06T12:09:03.2693,1
ESO DET FRAM UTC,2026-09-06T12:09:28.2280,1
ESO DET FRAM UTC,2026-09-06T12:09:55.8668,1
ESO DET FRAM UTC,2026-09-06T12:10:24.8359,1
ESO DET FRAM UTC,2026-09-06T12:10:52.4743,1
ESO DET FRAM UTC,2026-09-06T12:11:21.4445,1
ESO DET FRAM UTC,2026-09-06T12:11:49.0830,1
ESO DET FRAM UTC,2026-09-06T12:12:17.3834,1
ESO DET FRAM UTC,2026-09-06T12:12:41.6803,1
ESO DET FRAM UTC,2026-09-06T12:13:09.9830,1
ESO DET FRAM UTC,2026-09-06T12:41:53.5277,1
ESO DET FRAM UTC,2026-09-06T12:42:11.6714,1
ESO DET FRAM UTC,2026-09-06T12:42:29.1285,1
ESO DET FRAM UTC,2026-09-06T12:42:47.2721,1
ESO DET FRAM UTC,2026-09-06T12:43:04.0364,1
ESO DET FRAM UTC,2026-09-06T12:43:18.7148,1
ESO DET FRAM UTC,2026-09-06T12:43:35.4786,1
ESO DET FRAM UTC,2026-09-06T12:43:53.6225,1
ESO DET FRAM UTC,2026-09-06T12:44:10.3865,1
ESO DET FRAM UTC,2026-09-06T12:44:25.0641,1
ESO DET FRAM UTC,2026-09-06T12:45:01.2940,1
ESO DET FRAM UTC,2026-09-06T12:45:20.1310,1
ESO DET FRAM UTC,2026-09-06T12:45:37.5883,1
ESO DET FRAM UTC,2026-09-06T12:45:55.7314,1
ESO DET FRAM UTC,2026-09-06T12:46:13.1890,1
ESO DET FRAM UTC,2026-09-06T12:46:30.6400,1
ESO DET FRAM UTC,2026-09-06T12:46:47.4022,1
ESO DET FRAM UTC,2026-09-06T12:47:05.5444,1
ESO DET FRAM UTC,2026-09-06T12:47:22.3065,1
ESO DET FRAM UTC,2026-09-06T12:47:37.6785,1
ESO DET FRAM UTC,2026-09-06T12:50:03.8079,1
ESO DET FRAM UTC,2026-09-06T12:50:14.1273,1
ESO DET FRAM UTC,2026-09-06T12:50:43.7825,1
ESO DET FRAM UTC,2026-09-06T12:50:54.1015,1
ESO DET FRAM UTC,2026-09-06T19:35:16.8289,1
ESO DET FRAM UTC,2026-09-06T19:35:45.3736,1
ESO DET FRAM UTC,2026-09-06T19:45:04.2710,1
ESO DET FRAM UTC,2026-09-06T19:45:26.4951,1
ESO DET FRAM UTC,2026-09-07T10:16:20.5859,1
ESO DET FRAM UTC,2026-09-07T10:16:36.6394,1
ESO DET FRAM UTC,2026-09-07T10:16:52.6959,1
ESO DET FRAM UTC,2026-09-07T10:42:48.2278,1
ESO DET FRAM UTC,2026-09-07T10:43:17.4459,1
ESO DET FRAM UTC,2026-09-07T10:43:34.4962,1
ESO DET FRAM UTC,2026-09-07T10:52:54.0577,1
ESO DET FRAM UTC,2026-09-07T10:53:15.6152,1
ESO DET FRAM UTC,2026-09-07T10:56:45.5719,1
ESO DET FRAM UTC,2026-09-07T10:57:50.6690,1
ESO DET FRAM UTC,2026-09-07T11:04:45.9969,1
ESO DET FRAM UTC,2026-09-07T11:04:58.3301,1
ESO DET FRAM UTC,2026-09-07T11:07:47.4644,1
ESO DET FRAM UTC,2026-09-07T11:08:16.2422,1
ESO DET FRAM UTC,2026-09-07T11:25:24.1396,1
ESO DET FRAM UTC,2026-09-07T11:25:46.4422,1
ESO DET FRAM UTC,2026-09-07T11:26:08.7514,1
ESO DET FRAM UTC,2026-09-07T11:26:31.0567,1
ESO DET FRAM UTC,2026-09-07T11:26:51.9794,1
ESO DET FRAM UTC,2026-09-07T11:27:14.9761,1
ESO DET FRAM UTC,2026-09-07T11:27:35.8976,1
ESO DET FRAM UTC,2026-09-07T11:27:58.2014,1
ESO DET FRAM UTC,2026-09-07T11:28:16.3525,1
ESO DET FRAM UTC,2026-09-07T11:28:38.6551,1
ESO DET FRAM UTC,2026-09-07T11:29:15.5488,1
ESO DET FRAM UTC,2026-09-07T11:29:37.8525,1
ESO DET FRAM UTC,2026-09-07T11:29:58.7746,1
ESO DET FRAM UTC,2026-09-07T11:30:21.7720,1
ESO DET FRAM UTC,2026-09-07T11:30:42.6961,1
ESO DET FRAM UTC,2026-09-07T11:31:05.0021,1
ESO DET FRAM UTC,2026-09-07T11:31:23.1512,1
ESO DET FRAM UTC,2026-09-07T11:31:45.4540,1
ESO DET FRAM UTC,2026-09-07T11:32:06.3766,1
ESO DET FRAM UTC,2026-09-07T11:32:28.6831,1
ESO DET FRAM UTC,2026-09-07T11:35:00.1234,1
ESO DET FRAM UTC,2026-09-07T11:35:12.9746,1
ESO DET FRAM UTC,2026-09-07T11:35:41.3163,1
ESO DET FRAM UTC,2026-09-07T11:35:54.1701,1
ESO DET FRAM UTC,2026-09-07T19:49:37.8152,1
ESO DET FRAM UTC,2026-09-07T19:50:06.3593,1
ESO DET FRAM UTC,2026-09-07T19:50:23.4105,1
ESO DET FRAM UTC,2026-09-07T19:59:44.3125,1
ESO DET FRAM UTC,2026-09-07T20:00:06.5404,1
ESO DET FRAM UTC,2026-09-08T08:31:48.4472,1
ESO DET FRAM UTC,2026-09-08T08:32:04.5052,1
ESO DET FRAM UTC,2026-09-08T08:32:20.5570,1
ESO DET FRAM UTC,2026-09-08T08:58:08.6561,1
ESO DET FRAM UTC,2026-09-08T08:58:37.1986,1
ESO DET FRAM UTC,2026-09-08T09:07:58.7629,1
ESO DET FRAM UTC,2026-09-08T09:08:20.3195,1
ESO DET FRAM UTC,2026-09-08T09:30:34.4196,1
ESO DET FRAM UTC,2026-09-08T09:31:02.7179,1
ESO DET FRAM UTC,2026-09-08T09:31:30.3571,1
ESO DET FRAM UTC,2026-09-08T09:31:58.6585,1
ESO DET FRAM UTC,2026-09-08T09:32:26.2975,1
ESO DET FRAM UTC,2026-09-08T09:32:54.5980,1
ESO DET FRAM UTC,2026-09-08T09:33:22.2352,1
ESO DET FRAM UTC,2026-09-08T09:33:50.5382,1
ESO DET FRAM UTC,2026-09-08T09:34:18.1774,1
ESO DET FRAM UTC,2026-09-08T09:34:43.1370,1
ESO DET FRAM UTC,2026-09-08T09:37:21.6109,1
ESO DET FRAM UTC,2026-09-08T09:37:35.1220,1
ESO DET FRAM UTC,2026-09-08T20:32:20.8544,1
ESO DET FRAM UTC,2026-09-08T20:32:49.3953,1
ESO DET FRAM UTC,2026-09-08T20:42:11.6736,1
ESO DET FRAM UTC,2026-09-08T20:42:33.9009,1
ESO DET FRAM UTC,2026-09-09T05:43:36.0446,1
ESO DET FRAM UTC,2026-09-09T05:44:06.6474,1
ESO DET FRAM UTC,2026-09-09T05:44:25.6975,1
ESO DET FRAM UTC,2026-09-09T05:49:23.5229,1
ESO DET FRAM UTC,2026-09-09T05:53:45.1192,1
ESO DET FRAM UTC,2026-09-09T05:59:46.5492,1
ESO DET FRAM UTC,2026-09-09T06:00:14.4267,1
ESO DET FRAM UTC,2026-09-09T06:00:32.1512,1
ESO DET FRAM UTC,2026-09-09T07:04:16.6539,1
ESO DET FRAM UTC,2026-09-09T07:04:45.8704,1
ESO DET FRAM UTC,2026-09-09T07:05:02.9226,1
ESO DET FRAM UTC,2026-09-09T08:08:06.0336,1
ESO DET FRAM UTC,2026-09-09T08:08:34.5787,1
ESO DET FRAM UTC,2026-09-09T08:08:52.3016,1
ESO DET FRAM UTC,2026-09-09T09:07:03.1054,1
ESO DET FRAM UTC,2026-09-09T09:07:32.3224,1
ESO DET FRAM UTC,2026-09-09T09:07:50.0400,1
ESO DET FRAM UTC,2026-09-09T09:21:04.6277,1
ESO DET FRAM UTC,2026-09-09T09:21:33.8383,1
ESO DET FRAM UTC,2026-09-09T09:21:50.2299,1
ESO DET FRAM UTC,2026-09-09T10:07:54.9181,1
ESO DET FRAM UTC,2026-09-09T10:08:10.9747,1
ESO DET FRAM UTC,2026-09-09T10:08:27.0258,1
ESO DET FRAM UTC,2026-09-09T10:35:59.4050,1
ESO DET FRAM UTC,2026-09-09T10:38:13.2949,1
ESO DET FRAM UTC,2026-09-09T10:40:26.5202,1
ESO DET FRAM UTC,2026-09-09T10:43:06.8969,1
ESO DET FRAM UTC,2026-09-09T10:45:45.1027,1
ESO DET FRAM UTC,2026-09-09T10:48:23.9711,1
ESO DET FRAM UTC,2026-09-09T10:51:53.6405,1
ESO DET FRAM UTC,2026-09-09T10:55:22.4989,1
ESO DET FRAM UTC,2026-09-09T10:58:50.6932,1
ESO DET FRAM UTC,2026-09-09T10:59:50.3834,1
ESO DET FRAM UTC,2026-09-09T11:00:49.2715,1
ESO DET FRAM UTC,2026-09-09T11:01:44.8223,1
ESO DET FRAM UTC,2026-09-09T11:02:04.2304,1
ESO DET FRAM UTC,2026-09-09T11:02:25.5989,1
ESO DET FRAM UTC,2026-09-09T11:02:46.9703,1
ESO DET FRAM UTC,2026-09-09T11:03:24.1657,1
ESO DET FRAM UTC,2026-09-09T11:03:53.3820,1
ESO DET FRAM UTC,2026-09-09T11:04:11.0991,1
ESO DET FRAM UTC,2026-09-09T11:13:34.7190,1
ESO DET FRAM UTC,2026-09-09T11:13:52.9432,1
ESO DET FRAM UTC,2026-09-09T11:17:24.8951,1
ESO DET FRAM UTC,2026-09-09T11:18:29.9901,1
ESO DET FRAM UTC,2026-09-09T11:25:27.3713,1
ESO DET FRAM UTC,2026-09-09T11:25:38.7046,1
ESO DET FRAM UTC,2026-09-09T11:28:29.0465,1
ESO DET FRAM UTC,2026-09-09T11:28:54.4413,1
ESO DET FRAM UTC,2026-09-09T11:29:18.3546,1
ESO DET FRAM UTC,2026-09-09T11:29:29.4548,1
ESO DET FRAM UTC,2026-09-09T11:29:36.1101,1
ESO DET FRAM UTC,2026-09-09T11:29:44.2461,1
ESO DET FRAM UTC,2026-09-09T11:29:54.6018,1
ESO DET FRAM UTC,2026-09-09T11:30:05.7021,1
ESO DET FRAM UTC,2026-09-09T11:30:16.0594,1
ESO DET FRAM UTC,2026-09-09T11:30:27.1597,1
ESO DET FRAM UTC,2026-09-09T11:30:38.2629,1
ESO DET FRAM UTC,2026-09-09T11:30:49.3655,1
ESO DET FRAM UTC,2026-09-09T12:07:18.2351,1
ESO DET FRAM UTC,2026-09-09T12:07:34.3001,1
ESO DET FRAM UTC,2026-09-09T12:07:48.9822,1
ESO DET FRAM UTC,2026-09-09T12:08:05.0462,1
ESO DET FRAM UTC,2026-09-09T12:08:19.7291,1
ESO DET FRAM UTC,2026-09-09T12:08:35.7931,1
ESO DET FRAM UTC,2026-09-09T12:08:50.4753,1
ESO DET FRAM UTC,2026-09-09T12:09:06.5398,1
ESO DET FRAM UTC,2026-09-09T12:09:21.2225,1
ESO DET FRAM UTC,2026-09-09T12:09:37.2875,1
ESO DET FRAM UTC,2026-09-09T12:19:55.2837,1
ESO DET FRAM UTC,2026-09-09T12:20:13.4277,1
ESO DET FRAM UTC,2026-09-09T12:20:27.4163,1
ESO DET FRAM UTC,2026-09-09T12:20:45.5598,1
ESO DET FRAM UTC,2026-09-09T12:21:02.3235,1
ESO DET FRAM UTC,2026-09-09T12:21:20.4671,1
ESO DET FRAM UTC,2026-09-09T12:21:34.4589,1
ESO DET FRAM UTC,2026-09-09T12:21:52.6040,1
ESO DET FRAM UTC,2026-09-09T12:22:09.3664,1
ESO DET FRAM UTC,2026-09-09T12:22:27.5107,1
ESO DET FRAM UTC,2026-09-09T19:33:41.4722,1
ESO DET FRAM UTC,2026-09-09T19:34:10.0155,1
ESO DET FRAM UTC,2026-09-09T19:43:28.9049,1
ESO DET FRAM UTC,2026-09-09T19:43:51.1344,1
ESO TPL START,2026-09-04T13:18:24,1
ESO TPL START,2026-09-05T20:50:13,1
ESO TPL START,2026-09-05T11:08:04,1
ESO TPL START,2026-09-05T11:20:48,1
ESO TPL START,2026-09-04T20:28:06,1
ESO TPL START,2026-09-04T10:43:54,1
ESO TPL START,2026-09-04T11:29:07,1
ESO TPL START,2026-09-06T19:42:13,1
ESO TPL START,2026-09-06T11:48:29,1
ESO TPL START,2026-09-07T11:02:49,1
ESO TPL START,2026-09-07T10:50:03,1
ESO TPL START,2026-09-07T19:56:54,1
ESO TPL START,2026-09-08T09:05:07,1
ESO TPL START,2026-09-08T20:39:21,1
ESO TPL START,2026-09-09T11:10:42,1
ESO TPL START,2026-09-09T11:23:29,1
ESO TPL START,2026-09-09T19:40:38,1
ORIGFILE,XSHOOTER_IMG_BIAS_247_0003.fits,1
ORIGFILE,XSHOOTER_IMG_BIAS_247_0004.fits,1
ORIGFILE,XSHOOTER_IMG_BIAS_247_0005.fits,1
ORIGFILE,XSHOOTER_IMG_BIAS_247_0006.fits,1
ORIGFILE,XSHOOTER_IMG_BIAS_247_0007.fits,1
ORIGFILE,XSHOOTER_IMG_BIAS_247_0008.fits,1
ORIGFILE,XSHOOTER_IMG_BIAS_247_0009.fits,1
ORIGFILE,XSHOOTER_IMG_BIAS_247_0010.fits,1
ORIGFILE,XSHOOTER_GEN_BIAS_UVB_247_0001.fits,1
ORIGFILE,XSHOOTER_GEN_BIAS_VIS_247_0001.fits,1
ORIGFILE,XSHOOTER_GEN_BIAS_UVB_247_0002.fits,1
ORIGFILE,XSHOOTER_GEN_BIAS_VIS_247_0002.fits,1
ORIGFILE,XSHOOTER_GEN_BIAS_UVB_247_0003.fits,1
ORIGFILE,XSHOOTER_GEN_BIAS_VIS_247_0003.fits,1
ORIGFILE,XSHOOTER_GEN_BIAS_UVB_247_0004.fits,1
ORIGFILE,XSHOOTER_GEN_BIAS_VIS_247_0004.fits,1
ORIGFILE,XSHOOTER_GEN_DARK_NIR_247_0002.fits,1
ORIGFILE,XSHOOTER_GEN_DARK_NIR_247_0003.fits,1
ORIGFILE,XSHOOTER_GEN_DARK_NIR_247_0004.fits,1
ORIGFILE,XSHOOTER_GEN_BIAS_UVB_247_0005.fits,1
ORIGFILE,XSHOOTER_GEN_BIAS_VIS_247_0005.fits,1
ORIGFILE,XSHOOTER_GEN_BIAS_UVB_247_0006.fits,1
ORIGFILE,XSHOOTER_GEN_BIAS_VIS_247_0006.fits,1
ORIGFILE,XSHOOTER_GEN_BIAS_UVB_247_0007.fits,1
ORIGFILE,XSHOOTER_GEN_BIAS_VIS_247_0007.fits,1
ORIGFILE,XSHOOTER_GEN_BIAS_UVB_247_0008.fits,1
ORIGFILE,XSHOOTER_GEN_BIAS_VIS_247_0008.fits,1
ORIGFILE,XSHOOTER_GEN_BIAS_UVB_247_0009.fits,1
ORIGFILE,XSHOOTER_GEN_BIAS_VIS_247_0009.fits,1
ORIGFILE,XSHOOTER_GEN_BIAS_UVB_247_0010.fits,1
ORIGFILE,XSHOOTER_GEN_BIAS_VIS_247_0010.fits,1
ORIGFILE,XSHOOTER_GEN_BIAS_UVB_247_0011.fits,1
ORIGFILE,XSHOOTER_GEN_BIAS_VIS_247_0011.fits,1
ORIGFILE,XSHOOTER_GEN_BIAS_UVB_247_0012.fits,1
ORIGFILE,XSHOOTER_GEN_BIAS_VIS_247_0012.fits,1
ORIGFILE,XSHOOTER_GEN_BIAS_UVB_247_0013.fits,1
ORIGFILE,XSHOOTER_GEN_BIAS_VIS_247_0013.fits,1
ORIGFILE,XSHOOTER_GEN_BIAS_UVB_247_0014.fits,1
ORIGFILE,XSHOOTER_GEN_BIAS_VIS_247_0014.fits,1
ORIGFILE,XSHOOTER_GEN_BIAS_UVB_247_0015.fits,1
ORIGFILE,XSHOOTER_GEN_BIAS_VIS_247_0015.fits,1
ORIGFILE,XSHOOTER_GEN_BIAS_UVB_247_0016.fits,1
ORIGFILE,XSHOOTER_GEN_BIAS_VIS_247_0016.fits,1
ORIGFILE,XSHOOTER_GEN_BIAS_UVB_247_0017.fits,1
ORIGFILE,XSHOOTER_GEN_BIAS_VIS_247_0017.fits,1
ORIGFILE,XSHOOTER_GEN_BIAS_UVB_247_0018.fits,1
ORIGFILE,XSHOOTER_GEN_BIAS_VIS_247_0018.fits,1
ORIGFILE,XSHOOTER_GEN_BIAS_UVB_247_0019.fits,1
ORIGFILE,XSHOOTER_GEN_BIAS_VIS_247_0019.fits,1
ORIGFILE,XSHOOTER_GEN_BIAS_UVB_247_0020.fits,1
ORIGFILE,XSHOOTER_GEN_BIAS_VIS_247_0020.fits,1
ORIGFILE,XSHOOTER_GEN_BIAS_UVB_247_0021.fits,1
ORIGFILE,XSHOOTER_GEN_BIAS_VIS_247_0021.fits,1
ORIGFILE,XSHOOTER_GEN_BIAS_UVB_247_0022.fits,1
ORIGFILE,XSHOOTER_GEN_BIAS_VIS_247_0022.fits,1
ORIGFILE,XSHOOTER_GEN_BIAS_UVB_247_0023.fits,1
ORIGFILE,XSHOOTER_GEN_BIAS_VIS_247_0023.fits,1
ORIGFILE,XSHOOTER_GEN_BIAS_UVB_247_0024.fits,1
ORIGFILE,XSHOOTER_GEN_BIAS_VIS_247_0024.fits,1
ORIGFILE,XSHOOTER_GEN_BIAS_UVB_247_0025.fits,1
ORIGFILE,XSHOOTER_GEN_BIAS_VIS_247_0025.fits,1
ORIGFILE,XSHOOTER_GEN_BIAS_UVB_247_0026.fits,1
ORIGFILE,XSHOOTER_GEN_BIAS_VIS_247_0026.fits,1
ORIGFILE,XSHOOTER_GEN_BIAS_UVB_247_0027.fits,1
ORIGFILE,XSHOOTER_GEN_BIAS_VIS_247_0027.fits,1
ORIGFILE,XSHOOTER_GEN_BIAS_UVB_247_0028.fits,1
ORIGFILE,XSHOOTER_GEN_BIAS_VIS_247_0028.fits,1
ORIGFILE,XSHOOTER_GEN_BIAS_UVB_247_0029.fits,1
ORIGFILE,XSHOOTER_GEN_BIAS_VIS_247_0029.fits,1
ORIGFILE,XSHOOTER_GEN_BIAS_UVB_247_0030.fits,1
ORIGFILE,XSHOOTER_GEN_BIAS_VIS_247_0030.fits,1
ORIGFILE,XSHOOTER_GEN_DARK_NIR_247_0005.fits,1
ORIGFILE,XSHOOTER_GEN_DARK_NIR_247_0006.fits,1
ORIGFILE,XSHOOTER_GEN_DARK_NIR_247_0007.fits,1
ORIGFILE,XSHOOTER_GEN_DARK_NIR_247_0008.fits,1
ORIGFILE,XSHOOTER_GEN_DARK_NIR_247_0009.fits,1
ORIGFILE,XSHOOTER_GEN_DARK_NIR_247_0010.fits,1
ORIGFILE,XSHOOTER_GEN_DARK_NIR_247_0011.fits,1
ORIGFILE,XSHOOTER_GEN_DARK_NIR_247_0012.fits,1
ORIGFILE,XSHOOTER_GEN_DARK_NIR_247_0013.fits,1
ORIGFILE,XSHOOTER_GEN_DARK_NIR_247_0014.fits,1
ORIGFILE,XSHOOTER_GEN_DARK_NIR_247_0015.fits,1
ORIGFILE,XSHOOTER_GEN_DARK_NIR_247_0016.fits,1
ORIGFILE,XSHOOTER_GEN_DARK_NIR_247_0017.fits,1
ORIGFILE,XSHOOTER_GEN_DARK_NIR_247_0018.fits,1
ORIGFILE,XSHOOTER_GEN_DARK_NIR_247_0019.fits,1
ORIGFILE,XSHOOTER_GEN_DARK_NIR_247_0020.fits,1
ORIGFILE,XSHOOTER_GEN_DARK_NIR_247_0021.fits,1
ORIGFILE,XSHOOTER_GEN_DARK_NIR_247_0022.fits,1
ORIGFILE,XSHOOTER_GEN_DARK_NIR_247_0023.fits,1
ORIGFILE,XSHOOTER_GEN_DARK_NIR_247_0024.fits,1
ORIGFILE,XSHOOTER_GEN_AFC_UVB_247_0003.fits,1
ORIGFILE,XSHOOTER_GEN_AFC_VIS_247_0003.fits,1
ORIGFILE,XSHOOTER_GEN_AFC_NIR_247_0003.fits,1
ORIGFILE,XSHOOTER_SLT_FLAT_NIR_247_0001.fits,1
ORIGFILE,XSHOOTER_SLT_FLAT_NIR_247_0002.fits,1
ORIGFILE,XSHOOTER_SLT_FLAT_NIR_247_0003.fits,1
ORIGFILE,XSHOOTER_SLT_FLAT_NIR_247_0004.fits,1
ORIGFILE,XSHOOTER_SLT_FLAT_NIR_247_0005.fits,1
ORIGFILE,XSHOOTER_SLT_FLAT_NIR_247_0006.fits,1
ORIGFILE,XSHOOTER_SLT_FLAT_NIR_247_0007.fits,1
ORIGFILE,XSHOOTER_SLT_FLAT_NIR_247_0008.fits,1
ORIGFILE,XSHOOTER_SLT_FLAT_NIR_247_0009.fits,1
ORIGFILE,XSHOOTER_SLT_FLAT_NIR_247_0010.fits,1
ORIGFILE,XSHOOTER_SLT_FLAT_UVB_247_0001.fits,1
ORIGFILE,XSHOOTER_SLT_FLAT_UVB_247_0002.fits,1
ORIGFILE,XSHOOTER_SLT_FLAT_UVB_247_0003.fits,1
ORIGFILE,XSHOOTER_SLT_FLAT_UVB_247_0004.fits,1
ORIGFILE,XSHOOTER_SLT_FLAT_UVB_247_0005.fits,1
ORIGFILE,XSHOOTER_SLT_FLAT_UVB_247_0006.fits,1
ORIGFILE,XSHOOTER_SLT_FLAT_UVB_247_0007.fits,1
ORIGFILE,XSHOOTER_SLT_FLAT_UVB_247_0008.fits,1
ORIGFILE,XSHOOTER_SLT_FLAT_UVB_247_0009.fits,1
ORIGFILE,XSHOOTER_SLT_FLAT_UVB_247_0010.fits,1
ORIGFILE,XSHOOTER_SLT_FLAT_VIS_247_0001.fits,1
ORIGFILE,XSHOOTER_SLT_FLAT_VIS_247_0002.fits,1
ORIGFILE,XSHOOTER_SLT_FLAT_VIS_247_0003.fits,1
ORIGFILE,XSHOOTER_SLT_FLAT_VIS_247_0004.fits,1
ORIGFILE,XSHOOTER_SLT_FLAT_VIS_247_0005.fits,1
ORIGFILE,XSHOOTER_SLT_FLAT_NIR_247_0011.fits,1
ORIGFILE,XSHOOTER_SLT_FLAT_NIR_247_0012.fits,1
ORIGFILE,XSHOOTER_SLT_FLAT_NIR_247_0013.fits,1
ORIGFILE,XSHOOTER_SLT_FLAT_NIR_247_0014.fits,1
ORIGFILE,XSHOOTER_SLT_FLAT_NIR_247_0015.fits,1
ORIGFILE,XSHOOTER_SLT_FLAT_NIR_247_0016.fits,1
ORIGFILE,XSHOOTER_SLT_FLAT_NIR_247_0017.fits,1
ORIGFILE,XSHOOTER_SLT_FLAT_NIR_247_0018.fits,1
ORIGFILE,XSHOOTER_SLT_FLAT_NIR_247_0019.fits,1
ORIGFILE,XSHOOTER_SLT_FLAT_NIR_247_0020.fits,1
ORIGFILE,XSHOOTER_SLT_FLAT_UVB_247_0011.fits,1
ORIGFILE,XSHOOTER_SLT_FLAT_UVB_247_0012.fits,1
ORIGFILE,XSHOOTER_SLT_FLAT_UVB_247_0013.fits,1
ORIGFILE,XSHOOTER_SLT_FLAT_UVB_247_0014.fits,1
ORIGFILE,XSHOOTER_SLT_FLAT_UVB_247_0015.fits,1
ORIGFILE,XSHOOTER_SLT_FLAT_UVB_247_0016.fits,1
ORIGFILE,XSHOOTER_SLT_FLAT_UVB_247_0017.fits,1
ORIGFILE,XSHOOTER_SLT_FLAT_UVB_247_0018.fits,1
ORIGFILE,XSHOOTER_SLT_FLAT_UVB_247_0019.fits,1
ORIGFILE,XSHOOTER_SLT_FLAT_UVB_247_0020.fits,1
ORIGFILE,XSHOOTER_SLT_FLAT_VIS_247_0006.fits,1
ORIGFILE,XSHOOTER_SLT_FLAT_VIS_247_0007.fits,1
ORIGFILE,XSHOOTER_SLT_FLAT_VIS_247_0008.fits,1
ORIGFILE,XSHOOTER_SLT_FLAT_VIS_247_0009.fits,1
ORIGFILE,XSHOOTER_SLT_FLAT_VIS_247_0010.fits,1
ORIGFILE,XSHOOTER_SLT_FLAT_NIR_247_0021.fits,1
ORIGFILE,XSHOOTER_SLT_FLAT_NIR_247_0022.fits,1
ORIGFILE,XSHOOTER_SLT_FLAT_NIR_247_0023.fits,1
ORIGFILE,XSHOOTER_SLT_FLAT_NIR_247_0024.fits,1
ORIGFILE,XSHOOTER_SLT_FLAT_NIR_247_0025.fits,1
ORIGFILE,XSHOOTER_SLT_FLAT_NIR_247_0026.fits,1
ORIGFILE,XSHOOTER_SLT_FLAT_NIR_247_0027.fits,1
ORIGFILE,XSHOOTER_SLT_FLAT_NIR_247_0028.fits,1
ORIGFILE,XSHOOTER_SLT_FLAT_NIR_247_0029.fits,1
ORIGFILE,XSHOOTER_SLT_FLAT_NIR_247_0030.fits,1
ORIGFILE,XSHOOTER_SLT_FLAT_UVB_247_0021.fits,1
ORIGFILE,XSHOOTER_SLT_FLAT_UVB_247_0022.fits,1
ORIGFILE,XSHOOTER_SLT_FLAT_UVB_247_0023.fits,1
ORIGFILE,XSHOOTER_SLT_FLAT_UVB_247_0024.fits,1
ORIGFILE,XSHOOTER_SLT_FLAT_UVB_247_0025.fits,1
ORIGFILE,XSHOOTER_SLT_FLAT_UVB_247_0026.fits,1
ORIGFILE,XSHOOTER_SLT_FLAT_UVB_247_0027.fits,1
ORIGFILE,XSHOOTER_SLT_FLAT_UVB_247_0028.fits,1
ORIGFILE,XSHOOTER_SLT_FLAT_UVB_247_0029.fits,1
ORIGFILE,XSHOOTER_SLT_FLAT_UVB_247_0030.fits,1
ORIGFILE,XSHOOTER_SLT_FLAT_VIS_247_0011.fits,1
ORIGFILE,XSHOOTER_SLT_FLAT_VIS_247_0012.fits,1
ORIGFILE,XSHOOTER_SLT_FLAT_VIS_247_0013.fits,1
ORIGFILE,XSHOOTER_SLT_FLAT_VIS_247_0014.fits,1
ORIGFILE,XSHOOTER_SLT_FLAT_VIS_247_0015.fits,1
ORIGFILE,XSHOOTER_SLT_FLAT_UVB_247_0031.fits,1
ORIGFILE,XSHOOTER_SLT_FLAT_UVB_247_0032.fits,1
ORIGFILE,XSHOOTER_SLT_FLAT_UVB_247_0033.fits,1
ORIGFILE,XSHOOTER_SLT_FLAT_UVB_247_0034.fits,1
ORIGFILE,XSHOOTER_SLT_FLAT_UVB_247_0035.fits,1
ORIGFILE,XSHOOTER_SLT_FLAT_UVB_247_0036.fits,1
ORIGFILE,XSHOOTER_SLT_FLAT_UVB_247_0037.fits,1
ORIGFILE,XSHOOTER_SLT_FLAT_UVB_247_0038.fits,1
ORIGFILE,XSHOOTER_SLT_FLAT_UVB_247_0039.fits,1
ORIGFILE,XSHOOTER_SLT_FLAT_UVB_247_0040.fits,1
ORIGFILE,XSHOOTER_SLT_FLAT_VIS_247_0016.fits,1
ORIGFILE,XSHOOTER_SLT_FLAT_VIS_247_0017.fits,1
ORIGFILE,XSHOOTER_SLT_FLAT_VIS_247_0018.fits,1
ORIGFILE,XSHOOTER_SLT_FLAT_VIS_247_0019.fits,1
ORIGFILE,XSHOOTER_SLT_FLAT_VIS_247_0020.fits,1
ORIGFILE,XSHOOTER_SLT_FLAT_UVB_247_0041.fits,1
ORIGFILE,XSHOOTER_SLT_FLAT_UVB_247_0042.fits,1
ORIGFILE,XSHOOTER_SLT_FLAT_UVB_247_0043.fits,1
ORIGFILE,XSHOOTER_SLT_FLAT_UVB_247_0044.fits,1
ORIGFILE,XSHOOTER_SLT_FLAT_UVB_247_0045.fits,1
ORIGFILE,XSHOOTER_SLT_FLAT_UVB_247_0046.fits,1
ORIGFILE,XSHOOTER_SLT_FLAT_UVB_247_0047.fits,1
ORIGFILE,XSHOOTER_SLT_FLAT_UVB_247_0048.fits,1
ORIGFILE,XSHOOTER_SLT_FLAT_UVB_247_0049.fits,1
ORIGFILE,XSHOOTER_SLT_FLAT_UVB_247_0050.fits,1
ORIGFILE,XSHOOTER_SLT_FLAT_VIS_247_0021.fits,1
ORIGFILE,XSHOOTER_SLT_FLAT_VIS_247_0022.fits,1
ORIGFILE,XSHOOTER_SLT_FLAT_VIS_247_0023.fits,1
ORIGFILE,XSHOOTER_SLT_FLAT_VIS_247_0024.fits,1
ORIGFILE,XSHOOTER_SLT_FLAT_VIS_247_0025.fits,1
ORIGFILE,XSHOOTER_SLT_FLAT_NIR_247_0031.fits,1
ORIGFILE,XSHOOTER_SLT_FLAT_NIR_247_0032.fits,1
ORIGFILE,XSHOOTER_SLT_FLAT_NIR_247_0033.fits,1
ORIGFILE,XSHOOTER_SLT_FLAT_NIR_247_0034.fits,1
ORIGFILE,XSHOOTER_SLT_FLAT_NIR_247_0035.fits,1
ORIGFILE,XSHOOTER_SLT_FLAT_NIR_247_0036.fits,1
ORIGFILE,XSHOOTER_SLT_FLAT_NIR_247_0037.fits,1
ORIGFILE,XSHOOTER_SLT_FLAT_NIR_247_0038.fits,1
ORIGFILE,XSHOOTER_SLT_FLAT_NIR_247_0039.fits,1
ORIGFILE,XSHOOTER_SLT_FLAT_NIR_247_0040.fits,1
ORIGFILE,XSHOOTER_SLT_FLAT_NIR_247_0041.fits,1
ORIGFILE,XSHOOTER_SLT_FLAT_NIR_247_0042.fits,1
ORIGFILE,XSHOOTER_SLT_FLAT_NIR_247_0043.fits,1
ORIGFILE,XSHOOTER_SLT_FLAT_NIR_247_0044.fits,1
ORIGFILE,XSHOOTER_SLT_FLAT_NIR_247_0045.fits,1
ORIGFILE,XSHOOTER_SLT_FLAT_NIR_247_0046.fits,1
ORIGFILE,XSHOOTER_SLT_FLAT_NIR_247_0047.fits,1
ORIGFILE,XSHOOTER_SLT_FLAT_NIR_247_0048.fits,1
ORIGFILE,XSHOOTER_SLT_FLAT_NIR_247_0049.fits,1
ORIGFILE,XSHOOTER_SLT_FLAT_NIR_247_0050.fits,1
ORIGFILE,XSHOOTER_SLT_FLAT_UVB_247_0051.fits,1
ORIGFILE,XSHOOTER_SLT_FLAT_UVB_247_0052.fits,1
ORIGFILE,XSHOOTER_SLT_FLAT_UVB_247_0053.fits,1
ORIGFILE,XSHOOTER_SLT_FLAT_UVB_247_0054.fits,1
ORIGFILE,XSHOOTER_SLT_FLAT_UVB_247_0055.fits,1
ORIGFILE,XSHOOTER_SLT_FLAT_UVB_247_0056.fits,1
ORIGFILE,XSHOOTER_SLT_FLAT_UVB_247_0057.fits,1
ORIGFILE,XSHOOTER_SLT_FLAT_UVB_247_0058.fits,1
ORIGFILE,XSHOOTER_SLT_FLAT_UVB_247_0059.fits,1
ORIGFILE,XSHOOTER_SLT_FLAT_UVB_247_0060.fits,1
ORIGFILE,XSHOOTER_SLT_FLAT_VIS_247_0026.fits,1
ORIGFILE,XSHOOTER_SLT_FLAT_VIS_247_0027.fits,1
ORIGFILE,XSHOOTER_SLT_FLAT_VIS_247_0028.fits,1
ORIGFILE,XSHOOTER_SLT_FLAT_VIS_247_0029.fits,1
ORIGFILE,XSHOOTER_SLT_FLAT_VIS_247_0030.fits,1
ORIGFILE,XSHOOTER_SLT_FLAT_UVB_247_0061.fits,1
ORIGFILE,XSHOOTER_SLT_FLAT_UVB_247_0062.fits,1
ORIGFILE,XSHOOTER_SLT_FLAT_UVB_247_0063.fits,1
ORIGFILE,XSHOOTER_SLT_FLAT_UVB_247_0064.fits,1
ORIGFILE,XSHOOTER_SLT_FLAT_UVB_247_0065.fits,1
ORIGFILE,XSHOOTER_SLT_FLAT_UVB_247_0066.fits,1
ORIGFILE,XSHOOTER_SLT_FLAT_UVB_247_0067.fits,1
ORIGFILE,XSHOOTER_SLT_FLAT_UVB_247_0068.fits,1
ORIGFILE,XSHOOTER_SLT_FLAT_UVB_247_0069.fits,1
ORIGFILE,XSHOOTER_SLT_FLAT_UVB_247_0070.fits,1
ORIGFILE,XSHOOTER_SLT_FLAT_VIS_247_0031.fits,1
ORIGFILE,XSHOOTER_SLT_FLAT_VIS_247_0032.fits,1
ORIGFILE,XSHOOTER_SLT_FLAT_VIS_247_0033.fits,1
ORIGFILE,XSHOOTER_SLT_FLAT_VIS_247_0034.fits,1
ORIGFILE,XSHOOTER_SLT_FLAT_VIS_247_0035.fits,1
ORIGFILE,XSHOOTER_SLT_FLAT_UVB_247_0071.fits,1
ORIGFILE,XSHOOTER_SLT_FLAT_UVB_247_0072.fits,1
ORIGFILE,XSHOOTER_SLT_FLAT_UVB_247_0073.fits,1
ORIGFILE,XSHOOTER_SLT_FLAT_UVB_247_0074.fits,1
ORIGFILE,XSHOOTER_SLT_FLAT_UVB_247_0075.fits,1
ORIGFILE,XSHOOTER_SLT_FLAT_UVB_247_0076.fits,1
ORIGFILE,XSHOOTER_SLT_FLAT_UVB_247_0077.fits,1
ORIGFILE,XSHOOTER_SLT_FLAT_UVB_247_0078.fits,1
ORIGFILE,XSHOOTER_SLT_FLAT_UVB_247_0079.fits,1
ORIGFILE,XSHOOTER_SLT_FLAT_UVB_247_0080.fits,1
ORIGFILE,XSHOOTER_SLT_FLAT_VIS_247_0036.fits,1
ORIGFILE,XSHOOTER_SLT_FLAT_VIS_247_0037.fits,1
ORIGFILE,XSHOOTER_SLT_FLAT_VIS_247_0038.fits,1
ORIGFILE,XSHOOTER_SLT_FLAT_VIS_247_0039.fits,1
ORIGFILE,XSHOOTER_SLT_FLAT_VIS_247_0040.fits,1
ORIGFILE,XSHOOTER_SLT_FLAT_UVB_247_0081.fits,1
ORIGFILE,XSHOOTER_SLT_FLAT_UVB_247_0082.fits,1
ORIGFILE,XSHOOTER_SLT_FLAT_UVB_247_0083.fits,1
ORIGFILE,XSHOOTER_SLT_FLAT_UVB_247_0084.fits,1
ORIGFILE,XSHOOTER_SLT_FLAT_UVB_247_0085.fits,1
ORIGFILE,XSHOOTER_SLT_FLAT_UVB_247_0086.fits,1
ORIGFILE,XSHOOTER_SLT_FLAT_UVB_247_0087.fits,1
ORIGFILE,XSHOOTER_SLT_FLAT_UVB_247_0088.fits,1
ORIGFILE,XSHOOTER_SLT_FLAT_UVB_247_0089.fits,1
ORIGFILE,XSHOOTER_SLT_FLAT_UVB_247_0090.fits,1
ORIGFILE,XSHOOTER_SLT_FLAT_UVB_247_0091.fits,1
ORIGFILE,XSHOOTER_SLT_FLAT_UVB_247_0092.fits,1
ORIGFILE,XSHOOTER_SLT_FLAT_UVB_247_0093.fits,1
ORIGFILE,XSHOOTER_SLT_FLAT_UVB_247_0094.fits,1
ORIGFILE,XSHOOTER_SLT_FLAT_UVB_247_0095.fits,1
ORIGFILE,XSHOOTER_SLT_FLAT_UVB_247_0096.fits,1
ORIGFILE,XSHOOTER_SLT_FLAT_UVB_247_0097.fits,1
ORIGFILE,XSHOOTER_SLT_FLAT_UVB_247_0098.fits,1
ORIGFILE,XSHOOTER_SLT_FLAT_UVB_247_0099.fits,1
ORIGFILE,XSHOOTER_SLT_FLAT_UVB_247_0100.fits,1
ORIGFILE,XSHOOTER_SLT_FLAT_UVB_247_0101.fits,1
ORIGFILE,XSHOOTER_SLT_FLAT_UVB_247_0102.fits,1
ORIGFILE,XSHOOTER_SLT_FLAT_UVB_247_0103.fits,1
ORIGFILE,XSHOOTER_SLT_FLAT_UVB_247_0104.fits,1
ORIGFILE,XSHOOTER_SLT_FLAT_UVB_247_0105.fits,1
ORIGFILE,XSHOOTER_SLT_FLAT_UVB_247_0106.fits,1
ORIGFILE,XSHOOTER_SLT_FLAT_UVB_247_0107.fits,1
ORIGFILE,XSHOOTER_SLT_FLAT_UVB_247_0108.fits,1
ORIGFILE,XSHOOTER_SLT_FLAT_UVB_247_0109.fits,1
ORIGFILE,XSHOOTER_SLT_FLAT_UVB_247_0110.fits,1
ORIGFILE,XSHOOTER_SLT_FLAT_VIS_247_0041.fits,1
ORIGFILE,XSHOOTER_SLT_FLAT_VIS_247_0042.fits,1
ORIGFILE,XSHOOTER_SLT_FLAT_VIS_247_0043.fits,1
ORIGFILE,XSHOOTER_SLT_FLAT_VIS_247_0044.fits,1
ORIGFILE,XSHOOTER_SLT_FLAT_VIS_247_0045.fits,1
ORIGFILE,XSHOOTER_SLT_ARC_UVB_247_0001.fits,1
ORIGFILE,XSHOOTER_SLT_ARC_VIS_247_0001.fits,1
ORIGFILE,XSHOOTER_GEN_DARK_UVB_247_0002.fits,1
ORIGFILE,XSHOOTER_GEN_DARK_VIS_247_0002.fits,1
ORIGFILE,XSHOOTER_GEN_DARK_UVB_247_0003.fits,1
ORIGFILE,XSHOOTER_GEN_DARK_VIS_247_0003.fits,1
ORIGFILE,XSHOOTER_SLT_AFC_UVB_248_0004.fits,1
ORIGFILE,XSHOOTER_SLT_AFC_VIS_248_0004.fits,1
ORIGFILE,XSHOOTER_SLT_AFC_NIR_248_0004.fits,1
ORIGFILE,XSHOOTER_SLT_AFC_UVB_248_0005.fits,1
ORIGFILE,XSHOOTER_SLT_AFC_NIR_248_0005.fits,1
ORIGFILE,XSHOOTER_SLT_AFC_VIS_248_0005.fits,1
ORIGFILE,XSHOOTER_SLT_AFC_UVB_248_0006.fits,1
ORIGFILE,XSHOOTER_SLT_AFC_VIS_248_0006.fits,1
ORIGFILE,XSHOOTER_SLT_AFC_NIR_248_0006.fits,1
ORIGFILE,XSHOOTER_SLT_AFC_UVB_248_0007.fits,1
ORIGFILE,XSHOOTER_SLT_AFC_VIS_248_0007.fits,1
ORIGFILE,XSHOOTER_SLT_AFC_NIR_248_0007.fits,1
ORIGFILE,XSHOOTER_SLT_AFC_UVB_248_0008.fits,1
ORIGFILE,XSHOOTER_SLT_AFC_NIR_248_0008.fits,1
ORIGFILE,XSHOOTER_SLT_AFC_VIS_248_0008.fits,1
ORIGFILE,XSHOOTER_SLT_AFC_UVB_248_0009.fits,1
ORIGFILE,XSHOOTER_SLT_AFC_VIS_248_0009.fits,1
ORIGFILE,XSHOOTER_SLT_AFC_NIR_248_0009.fits,1
ORIGFILE,XSHOOTER_SLT_AFC_UVB_248_0010.fits,1
ORIGFILE,XSHOOTER_SLT_AFC_VIS_248_0010.fits,1
ORIGFILE,XSHOOTER_SLT_AFC_NIR_248_0010.fits,1
ORIGFILE,XSHOOTER_SLT_AFC_UVB_248_0011.fits,1
ORIGFILE,XSHOOTER_SLT_AFC_NIR_248_0011.fits,1
ORIGFILE,XSHOOTER_SLT_AFC_VIS_248_0011.fits,1
ORIGFILE,XSHOOTER_SLT_AFC_UVB_248_0012.fits,1
ORIGFILE,XSHOOTER_SLT_AFC_NIR_248_0012.fits,1
ORIGFILE,XSHOOTER_SLT_AFC_VIS_248_0012.fits,1
ORIGFILE,XSHOOTER_SLT_AFC_UVB_248_0013.fits,1
ORIGFILE,XSHOOTER_SLT_AFC_NIR_248_0013.fits,1
ORIGFILE,XSHOOTER_SLT_AFC_VIS_248_0013.fits,1
ORIGFILE,XSHOOTER_SLT_AFC_UVB_248_0014.fits,1
ORIGFILE,XSHOOTER_SLT_AFC_NIR_248_0014.fits,1
ORIGFILE,XSHOOTER_SLT_AFC_VIS_248_0014.fits,1
ORIGFILE,XSHOOTER_SLT_AFC_UVB_248_0015.fits,1
ORIGFILE,XSHOOTER_SLT_AFC_NIR_248_0015.fits,1
ORIGFILE,XSHOOTER_SLT_AFC_VIS_248_0015.fits,1
ORIGFILE,XSHOOTER_SLT_AFC_UVB_248_0016.fits,1
ORIGFILE,XSHOOTER_SLT_AFC_VIS_248_0016.fits,1
ORIGFILE,XSHOOTER_SLT_AFC_NIR_248_0016.fits,1
ORIGFILE,XSHOOTER_SLT_AFC_UVB_248_0017.fits,1
ORIGFILE,XSHOOTER_SLT_AFC_VIS_248_0017.fits,1
ORIGFILE,XSHOOTER_SLT_AFC_NIR_248_0017.fits,1
ORIGFILE,XSHOOTER_SLT_AFC_UVB_248_0018.fits,1
ORIGFILE,XSHOOTER_SLT_AFC_NIR_248_0018.fits,1
ORIGFILE,XSHOOTER_SLT_AFC_VIS_248_0018.fits,1
ORIGFILE,XSHOOTER_SLT_AFC_UVB_248_0019.fits,1
ORIGFILE,XSHOOTER_SLT_AFC_VIS_248_0019.fits,1
ORIGFILE,XSHOOTER_SLT_AFC_NIR_248_0019.fits,1
ORIGFILE,XSHOOTER_SLT_AFC_UVB_248_0020.fits,1
ORIGFILE,XSHOOTER_SLT_AFC_NIR_248_0020.fits,1
ORIGFILE,XSHOOTER_SLT_AFC_VIS_248_0020.fits,1
ORIGFILE,XSHOOTER_SLT_AFC_UVB_248_0021.fits,1
ORIGFILE,XSHOOTER_SLT_AFC_NIR_248_0021.fits,1
ORIGFILE,XSHOOTER_SLT_AFC_VIS_248_0021.fits,1
ORIGFILE,XSHOOTER_IMG_BIAS_248_0001.fits,1
ORIGFILE,XSHOOTER_IMG_BIAS_248_0002.fits,1
ORIGFILE,XSHOOTER_IMG_BIAS_248_0003.fits,1
ORIGFILE,XSHOOTER_IMG_BIAS_248_0004.fits,1
ORIGFILE,XSHOOTER_IMG_BIAS_248_0005.fits,1
ORIGFILE,XSHOOTER_IMG_BIAS_248_0006.fits,1
ORIGFILE,XSHOOTER_IMG_BIAS_248_0007.fits,1
ORIGFILE,XSHOOTER_IMG_BIAS_248_0008.fits,1
ORIGFILE,XSHOOTER_IMG_BIAS_248_0009.fits,1
ORIGFILE,XSHOOTER_IMG_BIAS_248_0010.fits,1
ORIGFILE,XSHOOTER_GEN_BIAS_UVB_248_0001.fits,1
ORIGFILE,XSHOOTER_GEN_BIAS_VIS_248_0001.fits,1
ORIGFILE,XSHOOTER_GEN_BIAS_UVB_248_0002.fits,1
ORIGFILE,XSHOOTER_GEN_BIAS_VIS_248_0002.fits,1
ORIGFILE,XSHOOTER_GEN_BIAS_UVB_248_0003.fits,1
ORIGFILE,XSHOOTER_GEN_BIAS_VIS_248_0003.fits,1
ORIGFILE,XSHOOTER_GEN_BIAS_UVB_248_0004.fits,1
ORIGFILE,XSHOOTER_GEN_BIAS_VIS_248_0004.fits,1
ORIGFILE,XSHOOTER_GEN_DARK_NIR_248_0002.fits,1
ORIGFILE,XSHOOTER_GEN_DARK_NIR_248_0003.fits,1
ORIGFILE,XSHOOTER_GEN_DARK_NIR_248_0004.fits,1
ORIGFILE,XSHOOTER_GEN_BIAS_UVB_248_0005.fits,1
ORIGFILE,XSHOOTER_GEN_BIAS_VIS_248_0005.fits,1
ORIGFILE,XSHOOTER_GEN_BIAS_UVB_248_0006.fits,1
ORIGFILE,XSHOOTER_GEN_BIAS_VIS_248_0006.fits,1
ORIGFILE,XSHOOTER_GEN_BIAS_UVB_248_0007.fits,1
ORIGFILE,XSHOOTER_GEN_BIAS_VIS_248_0007.fits,1
ORIGFILE,XSHOOTER_GEN_BIAS_UVB_248_0008.fits,1
ORIGFILE,XSHOOTER_GEN_BIAS_VIS_248_0008.fits,1
ORIGFILE,XSHOOTER_GEN_BIAS_UVB_248_0009.fits,1
ORIGFILE,XSHOOTER_GEN_BIAS_VIS_248_0009.fits,1
ORIGFILE,XSHOOTER_GEN_BIAS_UVB_248_0010.fits,1
ORIGFILE,XSHOOTER_GEN_BIAS_VIS_248_0010.fits,1
ORIGFILE,XSHOOTER_GEN_BIAS_UVB_248_0011.fits,1
ORIGFILE,XSHOOTER_GEN_BIAS_VIS_248_0011.fits,1
ORIGFILE,XSHOOTER_GEN_BIAS_UVB_248_0012.fits,1
ORIGFILE,XSHOOTER_GEN_BIAS_VIS_248_0012.fits,1
ORIGFILE,XSHOOTER_GEN_BIAS_UVB_248_0013.fits,1
ORIGFILE,XSHOOTER_GEN_BIAS_VIS_248_0013.fits,1
ORIGFILE,XSHOOTER_GEN_BIAS_UVB_248_0014.fits,1
ORIGFILE,XSHOOTER_GEN_BIAS_VIS_248_0014.fits,1
ORIGFILE,XSHOOTER_GEN_BIAS_UVB_248_0015.fits,1
ORIGFILE,XSHOOTER_GEN_BIAS_VIS_248_0015.fits,1
ORIGFILE,XSHOOTER_GEN_BIAS_UVB_248_0016.fits,1
ORIGFILE,XSHOOTER_GEN_BIAS_VIS_248_0016.fits,1
ORIGFILE,XSHOOTER_GEN_BIAS_UVB_248_0017.fits,1
ORIGFILE,XSHOOTER_GEN_BIAS_VIS_248_0017.fits,1
ORIGFILE,XSHOOTER_GEN_BIAS_UVB_248_0018.fits,1
ORIGFILE,XSHOOTER_GEN_BIAS_VIS_248_0018.fits,1
ORIGFILE,XSHOOTER_GEN_BIAS_UVB_248_0019.fits,1
ORIGFILE,XSHOOTER_GEN_BIAS_VIS_248_0019.fits,1
ORIGFILE,XSHOOTER_GEN_BIAS_UVB_248_0020.fits,1
ORIGFILE,XSHOOTER_GEN_BIAS_VIS_248_0020.fits,1
ORIGFILE,XSHOOTER_GEN_BIAS_UVB_248_0021.fits,1
ORIGFILE,XSHOOTER_GEN_BIAS_VIS_248_0021.fits,1
ORIGFILE,XSHOOTER_GEN_BIAS_UVB_248_0022.fits,1
ORIGFILE,XSHOOTER_GEN_BIAS_VIS_248_0022.fits,1
ORIGFILE,XSHOOTER_GEN_BIAS_UVB_248_0023.fits,1
ORIGFILE,XSHOOTER_GEN_BIAS_VIS_248_0023.fits,1
ORIGFILE,XSHOOTER_GEN_BIAS_UVB_248_0024.fits,1
ORIGFILE,XSHOOTER_GEN_BIAS_VIS_248_0024.fits,1
ORIGFILE,XSHOOTER_GEN_BIAS_UVB_248_0025.fits,1
ORIGFILE,XSHOOTER_GEN_BIAS_VIS_248_0025.fits,1
ORIGFILE,XSHOOTER_GEN_BIAS_UVB_248_0026.fits,1
ORIGFILE,XSHOOTER_GEN_BIAS_VIS_248_0026.fits,1
ORIGFILE,XSHOOTER_GEN_BIAS_UVB_248_0027.fits,1
ORIGFILE,XSHOOTER_GEN_BIAS_VIS_248_0027.fits,1
ORIGFILE,XSHOOTER_GEN_BIAS_UVB_248_0028.fits,1
ORIGFILE,XSHOOTER_GEN_BIAS_VIS_248_0028.fits,1
ORIGFILE,XSHOOTER_GEN_BIAS_UVB_248_0029.fits,1
ORIGFILE,XSHOOTER_GEN_BIAS_VIS_248_0029.fits,1
ORIGFILE,XSHOOTER_GEN_BIAS_UVB_248_0030.fits,1
ORIGFILE,XSHOOTER_GEN_BIAS_VIS_248_0030.fits,1
ORIGFILE,XSHOOTER_GEN_DARK_NIR_248_0005.fits,1
ORIGFILE,XSHOOTER_GEN_DARK_NIR_248_0006.fits,1
ORIGFILE,XSHOOTER_GEN_DARK_NIR_248_0007.fits,1
ORIGFILE,XSHOOTER_GEN_DARK_NIR_248_0008.fits,1
ORIGFILE,XSHOOTER_GEN_DARK_NIR_248_0009.fits,1
ORIGFILE,XSHOOTER_GEN_DARK_NIR_248_0010.fits,1
ORIGFILE,XSHOOTER_GEN_DARK_NIR_248_0011.fits,1
ORIGFILE,XSHOOTER_GEN_DARK_NIR_248_0012.fits,1
ORIGFILE,XSHOOTER_GEN_DARK_NIR_248_0013.fits,1
ORIGFILE,XSHOOTER_GEN_AFC_UVB_248_0003.fits,1
ORIGFILE,XSHOOTER_GEN_AFC_NIR_248_0003.fits,1
ORIGFILE,XSHOOTER_GEN_AFC_VIS_248_0003.fits,1
ORIGFILE,XSHOOTER_SLT_FCK_UVB_248_0001.fits,1
ORIGFILE,XSHOOTER_SLT_FCK_VIS_248_0001.fits,1
ORIGFILE,XSHOOTER_SLT_FCK_NIR_248_0001.fits,1
ORIGFILE,XSHOOTER_SLT_FCK_NIR_248_0002.fits,1
ORIGFILE,XSHOOTER_SLT_ODEF_UVB_248_0001.fits,1
ORIGFILE,XSHOOTER_SLT_ODEF_UVB_248_0002.fits,1
ORIGFILE,XSHOOTER_SLT_ODEF_VIS_248_0001.fits,1
ORIGFILE,XSHOOTER_SLT_ODEF_NIR_248_0001.fits,1
ORIGFILE,XSHOOTER_SLT_ODEF_NIR_248_0002.fits,1
ORIGFILE,XSHOOTER_SLT_WAVE_UVB_248_0001.fits,1
ORIGFILE,XSHOOTER_SLT_WAVE_VIS_248_0001.fits,1
ORIGFILE,XSHOOTER_SLT_WAVE_NIR_248_0001.fits,1
ORIGFILE,XSHOOTER_SLT_WAVE_NIR_248_0002.fits,1
ORIGFILE,XSHOOTER_SLT_FLAT_UVB_248_0001.fits,1
ORIGFILE,XSHOOTER_SLT_FLAT_UVB_248_0002.fits,1
ORIGFILE,XSHOOTER_SLT_FLAT_UVB_248_0003.fits,1
ORIGFILE,XSHOOTER_SLT_FLAT_UVB_248_0004.fits,1
ORIGFILE,XSHOOTER_SLT_FLAT_UVB_248_0005.fits,1
ORIGFILE,XSHOOTER_SLT_FLAT_UVB_248_0006.fits,1
ORIGFILE,XSHOOTER_SLT_FLAT_UVB_248_0007.fits,1
ORIGFILE,XSHOOTER_SLT_FLAT_UVB_248_0008.fits,1
ORIGFILE,XSHOOTER_SLT_FLAT_UVB_248_0009.fits,1
ORIGFILE,XSHOOTER_SLT_FLAT_UVB_248_0010.fits,1
ORIGFILE,XSHOOTER_SLT_FLAT_NIR_248_0001.fits,1
ORIGFILE,XSHOOTER_SLT_FLAT_NIR_248_0002.fits,1
ORIGFILE,XSHOOTER_SLT_FLAT_NIR_248_0003.fits,1
ORIGFILE,XSHOOTER_SLT_FLAT_NIR_248_0004.fits,1
ORIGFILE,XSHOOTER_SLT_FLAT_NIR_248_0005.fits,1
ORIGFILE,XSHOOTER_SLT_FLAT_NIR_248_0006.fits,1
ORIGFILE,XSHOOTER_SLT_FLAT_NIR_248_0007.fits,1
ORIGFILE,XSHOOTER_SLT_FLAT_NIR_248_0008.fits,1
ORIGFILE,XSHOOTER_SLT_FLAT_NIR_248_0009.fits,1
ORIGFILE,XSHOOTER_SLT_FLAT_NIR_248_0010.fits,1
ORIGFILE,XSHOOTER_SLT_FLAT_VIS_248_0001.fits,1
ORIGFILE,XSHOOTER_SLT_FLAT_VIS_248_0002.fits,1
ORIGFILE,XSHOOTER_SLT_FLAT_VIS_248_0003.fits,1
ORIGFILE,XSHOOTER_SLT_FLAT_VIS_248_0004.fits,1
ORIGFILE,XSHOOTER_SLT_FLAT_VIS_248_0005.fits,1
ORIGFILE,XSHOOTER_SLT_FLAT_UVB_248_0011.fits,1
ORIGFILE,XSHOOTER_SLT_FLAT_UVB_248_0012.fits,1
ORIGFILE,XSHOOTER_SLT_FLAT_UVB_248_0013.fits,1
ORIGFILE,XSHOOTER_SLT_FLAT_UVB_248_0014.fits,1
ORIGFILE,XSHOOTER_SLT_FLAT_UVB_248_0015.fits,1
ORIGFILE,XSHOOTER_SLT_FLAT_UVB_248_0016.fits,1
ORIGFILE,XSHOOTER_SLT_FLAT_UVB_248_0017.fits,1
ORIGFILE,XSHOOTER_SLT_FLAT_UVB_248_0018.fits,1
ORIGFILE,XSHOOTER_SLT_FLAT_UVB_248_0019.fits,1
ORIGFILE,XSHOOTER_SLT_FLAT_UVB_248_0020.fits,1
ORIGFILE,XSHOOTER_SLT_FLAT_VIS_248_0006.fits,1
ORIGFILE,XSHOOTER_SLT_FLAT_VIS_248_0007.fits,1
ORIGFILE,XSHOOTER_SLT_FLAT_VIS_248_0008.fits,1
ORIGFILE,XSHOOTER_SLT_FLAT_VIS_248_0009.fits,1
ORIGFILE,XSHOOTER_SLT_FLAT_VIS_248_0010.fits,1
ORIGFILE,XSHOOTER_SLT_FLAT_VIS_248_0011.fits,1
ORIGFILE,XSHOOTER_SLT_FLAT_VIS_248_0012.fits,1
ORIGFILE,XSHOOTER_SLT_FLAT_VIS_248_0013.fits,1
ORIGFILE,XSHOOTER_SLT_FLAT_VIS_248_0014.fits,1
ORIGFILE,XSHOOTER_SLT_FLAT_VIS_248_0015.fits,1
ORIGFILE,XSHOOTER_SLT_FLAT_UVB_248_0021.fits,1
ORIGFILE,XSHOOTER_SLT_FLAT_UVB_248_0022.fits,1
ORIGFILE,XSHOOTER_SLT_FLAT_UVB_248_0023.fits,1
ORIGFILE,XSHOOTER_SLT_FLAT_UVB_248_0024.fits,1
ORIGFILE,XSHOOTER_SLT_FLAT_UVB_248_0025.fits,1
ORIGFILE,XSHOOTER_SLT_FLAT_UVB_248_0026.fits,1
ORIGFILE,XSHOOTER_SLT_FLAT_UVB_248_0027.fits,1
ORIGFILE,XSHOOTER_SLT_FLAT_UVB_248_0028.fits,1
ORIGFILE,XSHOOTER_SLT_FLAT_UVB_248_0029.fits,1
ORIGFILE,XSHOOTER_SLT_FLAT_UVB_248_0030.fits,1
ORIGFILE,XSHOOTER_SLT_FLAT_UVB_248_0031.fits,1
ORIGFILE,XSHOOTER_SLT_FLAT_UVB_248_0032.fits,1
ORIGFILE,XSHOOTER_SLT_FLAT_UVB_248_0033.fits,1
ORIGFILE,XSHOOTER_SLT_FLAT_UVB_248_0034.fits,1
ORIGFILE,XSHOOTER_SLT_FLAT_UVB_248_0035.fits,1
ORIGFILE,XSHOOTER_SLT_FLAT_UVB_248_0036.fits,1
ORIGFILE,XSHOOTER_SLT_FLAT_UVB_248_0037.fits,1
ORIGFILE,XSHOOTER_SLT_FLAT_UVB_248_0038.fits,1
ORIGFILE,XSHOOTER_SLT_FLAT_UVB_248_0039.fits,1
ORIGFILE,XSHOOTER_SLT_FLAT_UVB_248_0040.fits,1
ORIGFILE,XSHOOTER_SLT_FLAT_VIS_248_0016.fits,1
ORIGFILE,XSHOOTER_SLT_FLAT_VIS_248_0017.fits,1
ORIGFILE,XSHOOTER_SLT_FLAT_VIS_248_0018.fits,1
ORIGFILE,XSHOOTER_SLT_FLAT_VIS_248_0019.fits,1
ORIGFILE,XSHOOTER_SLT_FLAT_VIS_248_0020.fits,1
ORIGFILE,XSHOOTER_SLT_FLAT_NIR_248_0011.fits,1
ORIGFILE,XSHOOTER_SLT_FLAT_NIR_248_0012.fits,1
ORIGFILE,XSHOOTER_SLT_FLAT_NIR_248_0013.fits,1
ORIGFILE,XSHOOTER_SLT_FLAT_NIR_248_0014.fits,1
ORIGFILE,XSHOOTER_SLT_FLAT_NIR_248_0015.fits,1
ORIGFILE,XSHOOTER_SLT_FLAT_NIR_248_0016.fits,1
ORIGFILE,XSHOOTER_SLT_FLAT_NIR_248_0017.fits,1
ORIGFILE,XSHOOTER_SLT_FLAT_NIR_248_0018.fits,1
ORIGFILE,XSHOOTER_SLT_FLAT_NIR_248_0019.fits,1
ORIGFILE,XSHOOTER_SLT_FLAT_NIR_248_0020.fits,1
ORIGFILE,XSHOOTER_SLT_ARC_UVB_248_0001.fits,1
ORIGFILE,XSHOOTER_SLT_ARC_VIS_248_0001.fits,1
ORIGFILE,XSHOOTER_SLT_ARC_NIR_248_0001.fits,1
ORIGFILE,XSHOOTER_SLT_ARC_NIR_248_0002.fits,1
ORIGFILE,XSHOOTER_IMG_DETLIN_248_0001.fits,1
ORIGFILE,XSHOOTER_IMG_DETLIN_248_0002.fits,1
ORIGFILE,XSHOOTER_IMG_DETLIN_248_0003.fits,1
ORIGFILE,XSHOOTER_IMG_DETLIN_248_0004.fits,1
ORIGFILE,XSHOOTER_IMG_DETLIN_248_0005.fits,1
ORIGFILE,XSHOOTER_IMG_DETLIN_248_0006.fits,1
ORIGFILE,XSHOOTER_IMG_DETLIN_248_0007.fits,1
ORIGFILE,XSHOOTER_IMG_DETLIN_248_0008.fits,1
ORIGFILE,XSHOOTER_IMG_DETLIN_248_0009.fits,1
ORIGFILE,XSHOOTER_IMG_DETLIN_248_0010.fits,1
ORIGFILE,XSHOOTER_IMG_DETLIN_248_0011.fits,1
ORIGFILE,XSHOOTER_IMG_DETLIN_248_0012.fits,1
ORIGFILE,XSHOOTER_IMG_DETLIN_248_0013.fits,1
ORIGFILE,XSHOOTER_IMG_DETLIN_248_0014.fits,1
ORIGFILE,XSHOOTER_IMG_DETLIN_248_0015.fits,1
ORIGFILE,XSHOOTER_IMG_DETLIN_248_0016.fits,1
ORIGFILE,XSHOOTER_IMG_DETLIN_248_0017.fits,1
ORIGFILE,XSHOOTER_IMG_DETLIN_248_0018.fits,1
ORIGFILE,XSHOOTER_IMG_DETLIN_248_0019.fits,1
ORIGFILE,XSHOOTER_IMG_DETLIN_248_0020.fits,1
ORIGFILE,XSHOOTER_IMG_DETLIN_248_0021.fits,1
ORIGFILE,XSHOOTER_IMG_DETLIN_248_0022.fits,1
ORIGFILE,XSHOOTER_IMG_DETLIN_248_0023.fits,1
ORIGFILE,XSHOOTER_IMG_DETLIN_248_0024.fits,1
ORIGFILE,XSHOOTER_IMG_DETLIN_248_0025.fits,1
ORIGFILE,XSHOOTER_IMG_DETLIN_248_0026.fits,1
ORIGFILE,XSHOOTER_IMG_DETLIN_248_0027.fits,1
ORIGFILE,XSHOOTER_IMG_DETLIN_248_0028.fits,1
ORIGFILE,XSHOOTER_IMG_DETLIN_248_0029.fits,1
ORIGFILE,XSHOOTER_IMG_DETLIN_248_0030.fits,1
ORIGFILE,XSHOOTER_IMG_BIAS_248_0011.fits,1
ORIGFILE,XSHOOTER_IMG_BIAS_248_0012.fits,1
ORIGFILE,XSHOOTER_IMG_BIAS_248_0013.fits,1
ORIGFILE,XSHOOTER_IMG_BIAS_248_0014.fits,1
ORIGFILE,XSHOOTER_IMG_BIAS_248_0015.fits,1
ORIGFILE,XSHOOTER_GEN_DARK_UVB_248_0003.fits,1
ORIGFILE,XSHOOTER_GEN_DARK_VIS_248_0003.fits,1
ORIGFILE,XSHOOTER_IMG_FLAT_248_0001.fits,1
ORIGFILE,XSHOOTER_IMG_FLAT_248_0002.fits,1
ORIGFILE,XSHOOTER_IMG_FLAT_248_0003.fits,1
ORIGFILE,XSHOOTER_IMG_FLAT_248_0004.fits,1
ORIGFILE,XSHOOTER_IMG_FLAT_248_0005.fits,1
ORIGFILE,XSHOOTER_IMG_FLAT_248_0006.fits,1
ORIGFILE,XSHOOTER_IMG_FLAT_248_0007.fits,1
ORIGFILE,XSHOOTER_IMG_FLAT_248_0008.fits,1
ORIGFILE,XSHOOTER_IMG_FLAT_248_0009.fits,1
ORIGFILE,XSHOOTER_IMG_FLAT_248_0010.fits,1
ORIGFILE,XSHOOTER_IMG_FLAT_248_0011.fits,1
ORIGFILE,XSHOOTER_IMG_FLAT_248_0012.fits,1
ORIGFILE,XSHOOTER_IMG_FLAT_248_0013.fits,1
ORIGFILE,XSHOOTER_IMG_FLAT_248_0014.fits,1
ORIGFILE,XSHOOTER_IMG_FLAT_248_0015.fits,1
ORIGFILE,XSHOOTER_IMG_FLAT_248_0016.fits,1
ORIGFILE,XSHOOTER_IMG_FLAT_248_0017.fits,1
ORIGFILE,XSHOOTER_IMG_FLAT_248_0018.fits,1
ORIGFILE,XSHOOTER_IMG_FLAT_248_0019.fits,1
ORIGFILE,XSHOOTER_IMG_FLAT_248_0020.fits,1
ORIGFILE,XSHOOTER_IMG_FLAT_248_0021.fits,1
ORIGFILE,XSHOOTER_IMG_FLAT_248_0022.fits,1
ORIGFILE,XSHOOTER_IMG_FLAT_248_0023.fits,1
ORIGFILE,XSHOOTER_IMG_FLAT_248_0024.fits,1
ORIGFILE,XSHOOTER_IMG_FLAT_248_0025.fits,1
ORIGFILE,XSHOOTER_IMG_FLAT_248_0026.fits,1
ORIGFILE,XSHOOTER_IMG_FLAT_248_0027.fits,1
ORIGFILE,XSHOOTER_IMG_FLAT_248_0028.fits,1
ORIGFILE,XSHOOTER_IMG_FLAT_248_0029.fits,1
ORIGFILE,XSHOOTER_IMG_FLAT_248_0030.fits,1
ORIGFILE,XSHOOTER_IMG_FLAT_248_0031.fits,1
ORIGFILE,XSHOOTER_IMG_FLAT_248_0032.fits,1
ORIGFILE,XSHOOTER_IMG_FLAT_248_0033.fits,1
ORIGFILE,XSHOOTER_IMG_FLAT_248_0034.fits,1
ORIGFILE,XSHOOTER_IMG_FLAT_248_0035.fits,1
ORIGFILE,XSHOOTER_IMG_FLAT_248_0036.fits,1
ORIGFILE,XSHOOTER_IMG_FLAT_248_0037.fits,1
ORIGFILE,XSHOOTER_IMG_FLAT_248_0038.fits,1
ORIGFILE,XSHOOTER_IMG_FLAT_248_0039.fits,1
ORIGFILE,XSHOOTER_IMG_FLAT_248_0040.fits,1
ORIGFILE,XSHOOTER_IMG_FLAT_248_0041.fits,1
ORIGFILE,XSHOOTER_IMG_FLAT_248_0042.fits,1
ORIGFILE,XSHOOTER_IMG_FLAT_248_0043.fits,1
ORIGFILE,XSHOOTER_IMG_FLAT_248_0044.fits,1
ORIGFILE,XSHOOTER_IMG_FLAT_248_0045.fits,1
ORIGFILE,XSHOOTER_IMG_FLAT_248_0046.fits,1
ORIGFILE,XSHOOTER_IMG_FLAT_248_0047.fits,1
ORIGFILE,XSHOOTER_IMG_FLAT_248_0048.fits,1
ORIGFILE,XSHOOTER_IMG_FLAT_248_0049.fits,1
ORIGFILE,XSHOOTER_IMG_FLAT_248_0050.fits,1
ORIGFILE,XSHOOTER_IMG_FLAT_248_0051.fits,1
ORIGFILE,XSHOOTER_IMG_FLAT_248_0052.fits,1
ORIGFILE,XSHOOTER_IMG_FLAT_248_0053.fits,1
ORIGFILE,XSHOOTER_IMG_FLAT_248_0054.fits,1
ORIGFILE,XSHOOTER_IMG_FLAT_248_0055.fits,1
ORIGFILE,XSHOOTER_IMG_FLAT_248_0056.fits,1
ORIGFILE,XSHOOTER_IMG_FLAT_248_0057.fits,1
ORIGFILE,XSHOOTER_IMG_FLAT_248_0058.fits,1
ORIGFILE,XSHOOTER_IMG_FLAT_248_0059.fits,1
ORIGFILE,XSHOOTER_IMG_FLAT_248_0060.fits,1
ORIGFILE,XSHOOTER_IMG_FLAT_248_0061.fits,1
ORIGFILE,XSHOOTER_IMG_FLAT_248_0062.fits,1
ORIGFILE,XSHOOTER_IMG_FLAT_248_0063.fits,1
ORIGFILE,XSHOOTER_IMG_FLAT_248_0064.fits,1
ORIGFILE,XSHOOTER_IMG_FLAT_248_0065.fits,1
ORIGFILE,XSHOOTER_IMG_FLAT_248_0066.fits,1
ORIGFILE,XSHOOTER_IMG_FLAT_248_0067.fits,1
ORIGFILE,XSHOOTER_IMG_FLAT_248_0068.fits,1
ORIGFILE,XSHOOTER_IMG_FLAT_248_0069.fits,1
ORIGFILE,XSHOOTER_IMG_FLAT_248_0070.fits,1
ORIGFILE,XSHOOTER_IMG_FLAT_248_0071.fits,1
ORIGFILE,XSHOOTER_IMG_FLAT_248_0072.fits,1
ORIGFILE,XSHOOTER_IMG_FLAT_248_0073.fits,1
ORIGFILE,XSHOOTER_IMG_FLAT_248_0074.fits,1
ORIGFILE,XSHOOTER_IMG_FLAT_248_0075.fits,1
ORIGFILE,XSHOOTER_IMG_FLAT_248_0076.fits,1
ORIGFILE,XSHOOTER_IMG_FLAT_248_0077.fits,1
ORIGFILE,XSHOOTER_IMG_FLAT_248_0078.fits,1
ORIGFILE,XSHOOTER_IMG_FLAT_248_0079.fits,1
ORIGFILE,XSHOOTER_IMG_FLAT_248_0080.fits,1
ORIGFILE,XSHOOTER_IMG_FLAT_248_0081.fits,1
ORIGFILE,XSHOOTER_IMG_FLAT_248_0082.fits,1
ORIGFILE,XSHOOTER_IMG_FLAT_248_0083.fits,1
ORIGFILE,XSHOOTER_IMG_FLAT_248_0084.fits,1
ORIGFILE,XSHOOTER_IMG_FLAT_248_0085.fits,1
ORIGFILE,XSHOOTER_IMG_FLAT_248_0086.fits,1
ORIGFILE,XSHOOTER_IMG_FLAT_248_0087.fits,1
ORIGFILE,XSHOOTER_IMG_FLAT_248_0088.fits,1
ORIGFILE,XSHOOTER_IMG_FLAT_248_0089.fits,1
ORIGFILE,XSHOOTER_IMG_FLAT_248_0090.fits,1
ORIGFILE,XSHOOTER_IMG_FLAT_248_0091.fits,1
ORIGFILE,XSHOOTER_IMG_FLAT_248_0092.fits,1
ORIGFILE,XSHOOTER_IMG_FLAT_248_0093.fits,1
ORIGFILE,XSHOOTER_IMG_FLAT_248_0094.fits,1
ORIGFILE,XSHOOTER_IMG_FLAT_248_0095.fits,1
ORIGFILE,XSHOOTER_IMG_FLAT_248_0096.fits,1
ORIGFILE,XSHOOTER_IMG_FLAT_248_0097.fits,1
ORIGFILE,XSHOOTER_IMG_FLAT_248_0098.fits,1
ORIGFILE,XSHOOTER_IMG_FLAT_248_0099.fits,1
ORIGFILE,XSHOOTER_IMG_FLAT_248_0100.fits,1
ORIGFILE,XSHOOTER_SLT_AFC_UVB_249_0001.fits,1
ORIGFILE,XSHOOTER_SLT_AFC_VIS_249_0001.fits,1
ORIGFILE,XSHOOTER_SLT_AFC_NIR_249_0001.fits,1
ORIGFILE,XSHOOTER_SLT_AFC_UVB_249_0002.fits,1
ORIGFILE,XSHOOTER_SLT_AFC_NIR_249_0002.fits,1
ORIGFILE,XSHOOTER_SLT_AFC_VIS_249_0002.fits,1
ORIGFILE,XSHOOTER_SLT_AFC_UVB_249_0003.fits,1
ORIGFILE,XSHOOTER_SLT_AFC_VIS_249_0003.fits,1
ORIGFILE,XSHOOTER_SLT_AFC_NIR_249_0003.fits,1
ORIGFILE,XSHOOTER_SLT_AFC_UVB_249_0004.fits,1
ORIGFILE,XSHOOTER_SLT_AFC_VIS_249_0004.fits,1
ORIGFILE,XSHOOTER_SLT_AFC_NIR_249_0004.fits,1
ORIGFILE,XSHOOTER_SLT_AFC_UVB_249_0005.fits,1
ORIGFILE,XSHOOTER_SLT_AFC_NIR_249_0005.fits,1
ORIGFILE,XSHOOTER_SLT_AFC_VIS_249_0005.fits,1
ORIGFILE,XSHOOTER_SLT_AFC_UVB_249_0006.fits,1
ORIGFILE,XSHOOTER_SLT_AFC_VIS_249_0006.fits,1
ORIGFILE,XSHOOTER_SLT_AFC_NIR_249_0006.fits,1
ORIGFILE,XSHOOTER_SLT_AFC_UVB_249_0007.fits,1
ORIGFILE,XSHOOTER_SLT_AFC_NIR_249_0007.fits,1
ORIGFILE,XSHOOTER_SLT_AFC_VIS_249_0007.fits,1
ORIGFILE,XSHOOTER_SLT_AFC_UVB_249_0008.fits,1
ORIGFILE,XSHOOTER_SLT_AFC_NIR_249_0008.fits,1
ORIGFILE,XSHOOTER_SLT_AFC_VIS_249_0008.fits,1
ORIGFILE,XSHOOTER_SLT_AFC_UVB_249_0009.fits,1
ORIGFILE,XSHOOTER_SLT_AFC_VIS_249_0009.fits,1
ORIGFILE,XSHOOTER_SLT_AFC_NIR_249_0009.fits,1
ORIGFILE,XSHOOTER_SLT_AFC_UVB_249_0010.fits,1
ORIGFILE,XSHOOTER_SLT_AFC_NIR_249_0010.fits,1
ORIGFILE,XSHOOTER_SLT_AFC_VIS_249_0010.fits,1
ORIGFILE,XSHOOTER_SLT_AFC_UVB_249_0011.fits,1
ORIGFILE,XSHOOTER_SLT_AFC_NIR_249_0011.fits,1
ORIGFILE,XSHOOTER_SLT_AFC_VIS_249_0011.fits,1
ORIGFILE,XSHOOTER_SLT_AFC_UVB_249_0012.fits,1
ORIGFILE,XSHOOTER_SLT_AFC_VIS_249_0012.fits,1
ORIGFILE,XSHOOTER_SLT_AFC_NIR_249_0012.fits,1
ORIGFILE,XSHOOTER_SLT_AFC_UVB_249_0013.fits,1
ORIGFILE,XSHOOTER_SLT_AFC_NIR_249_0013.fits,1
ORIGFILE,XSHOOTER_SLT_AFC_VIS_249_0013.fits,1
ORIGFILE,XSHOOTER_SLT_AFC_UVB_249_0014.fits,1
ORIGFILE,XSHOOTER_SLT_AFC_NIR_249_0014.fits,1
ORIGFILE,XSHOOTER_SLT_AFC_VIS_249_0014.fits,1
ORIGFILE,XSHOOTER_SLT_AFC_UVB_249_0015.fits,1
ORIGFILE,XSHOOTER_SLT_AFC_VIS_249_0015.fits,1
ORIGFILE,XSHOOTER_SLT_AFC_NIR_249_0015.fits,1
ORIGFILE,XSHOOTER_SLT_AFC_UVB_249_0016.fits,1
ORIGFILE,XSHOOTER_SLT_AFC_NIR_249_0016.fits,1
ORIGFILE,XSHOOTER_SLT_AFC_VIS_249_0016.fits,1
ORIGFILE,XSHOOTER_SLT_AFC_UVB_249_0017.fits,1
ORIGFILE,XSHOOTER_SLT_AFC_NIR_249_0017.fits,1
ORIGFILE,XSHOOTER_SLT_AFC_VIS_249_0017.fits,1
ORIGFILE,XSHOOTER_SLT_AG_249_0006.fits,1
ORIGFILE,XSHOOTER_SLT_AG_249_0007.fits,1
ORIGFILE,XSHOOTER_SLT_OBJ_UVB_249_0014.fits,1
ORIGFILE,XSHOOTER_SLT_OBJ_VIS_249_0014.fits,1
ORIGFILE,XSHOOTER_SLT_OBJ_NIR_249_0038.fits,1
ORIGFILE,XSHOOTER_SLT_OBJ_UVB_249_0015.fits,1
ORIGFILE,XSHOOTER_SLT_OBJ_VIS_249_0015.fits,1
ORIGFILE,XSHOOTER_SLT_OBJ_NIR_249_0039.fits,1
ORIGFILE,XSHOOTER_SLT_OBJ_UVB_249_0016.fits,1
ORIGFILE,XSHOOTER_SLT_OBJ_VIS_249_0016.fits,1
ORIGFILE,XSHOOTER_SLT_OBJ_NIR_249_0040.fits,1
ORIGFILE,XSHOOTER_SLT_OBJ_UVB_249_0017.fits,1
ORIGFILE,XSHOOTER_SLT_OBJ_VIS_249_0017.fits,1
ORIGFILE,XSHOOTER_SLT_OBJ_NIR_249_0041.fits,1
ORIGFILE,XSHOOTER_SLT_OBJ_UVB_249_0018.fits,1
ORIGFILE,XSHOOTER_SLT_OBJ_VIS_249_0018.fits,1
ORIGFILE,XSHOOTER_SLT_OBJ_NIR_249_0042.fits,1
ORIGFILE,XSHOOTER_SLT_OBJ_UVB_249_0019.fits,1
ORIGFILE,XSHOOTER_SLT_OBJ_VIS_249_0019.fits,1
ORIGFILE,XSHOOTER_SLT_OBJ_NIR_249_0043.fits,1
ORIGFILE,XSHOOTER_SLT_AFC_UVB_249_0018.fits,1
ORIGFILE,XSHOOTER_SLT_AFC_VIS_249_0018.fits,1
ORIGFILE,XSHOOTER_SLT_AFC_NIR_249_0018.fits,1
ORIGFILE,XSHOOTER_SLT_AFC_UVB_249_0019.fits,1
ORIGFILE,XSHOOTER_SLT_AFC_NIR_249_0019.fits,1
ORIGFILE,XSHOOTER_SLT_AFC_VIS_249_0019.fits,1
ORIGFILE,XSHOOTER_SLT_AFC_UVB_249_0020.fits,1
ORIGFILE,XSHOOTER_SLT_AFC_NIR_249_0020.fits,1
ORIGFILE,XSHOOTER_SLT_AFC_VIS_249_0020.fits,1
ORIGFILE,XSHOOTER_IMG_BIAS_249_0001.fits,1
ORIGFILE,XSHOOTER_IMG_BIAS_249_0002.fits,1
ORIGFILE,XSHOOTER_IMG_BIAS_249_0003.fits,1
ORIGFILE,XSHOOTER_IMG_BIAS_249_0004.fits,1
ORIGFILE,XSHOOTER_IMG_BIAS_249_0005.fits,1
ORIGFILE,XSHOOTER_IMG_BIAS_249_0006.fits,1
ORIGFILE,XSHOOTER_IMG_BIAS_249_0007.fits,1
ORIGFILE,XSHOOTER_IMG_BIAS_249_0008.fits,1
ORIGFILE,XSHOOTER_IMG_BIAS_249_0009.fits,1
ORIGFILE,XSHOOTER_IMG_BIAS_249_0010.fits,1
ORIGFILE,XSHOOTER_GEN_BIAS_UVB_249_0001.fits,1
ORIGFILE,XSHOOTER_GEN_BIAS_VIS_249_0001.fits,1
ORIGFILE,XSHOOTER_GEN_BIAS_UVB_249_0002.fits,1
ORIGFILE,XSHOOTER_GEN_BIAS_VIS_249_0002.fits,1
ORIGFILE,XSHOOTER_GEN_BIAS_UVB_249_0003.fits,1
ORIGFILE,XSHOOTER_GEN_BIAS_VIS_249_0003.fits,1
ORIGFILE,XSHOOTER_GEN_BIAS_UVB_249_0004.fits,1
ORIGFILE,XSHOOTER_GEN_BIAS_VIS_249_0004.fits,1
ORIGFILE,XSHOOTER_GEN_DARK_NIR_249_0002.fits,1
ORIGFILE,XSHOOTER_GEN_DARK_NIR_249_0003.fits,1
ORIGFILE,XSHOOTER_GEN_DARK_NIR_249_0004.fits,1
ORIGFILE,XSHOOTER_GEN_BIAS_UVB_249_0005.fits,1
ORIGFILE,XSHOOTER_GEN_BIAS_VIS_249_0005.fits,1
ORIGFILE,XSHOOTER_GEN_BIAS_UVB_249_0006.fits,1
ORIGFILE,XSHOOTER_GEN_BIAS_VIS_249_0006.fits,1
ORIGFILE,XSHOOTER_GEN_BIAS_UVB_249_0007.fits,1
ORIGFILE,XSHOOTER_GEN_BIAS_VIS_249_0007.fits,1
ORIGFILE,XSHOOTER_GEN_BIAS_UVB_249_0008.fits,1
ORIGFILE,XSHOOTER_GEN_BIAS_VIS_249_0008.fits,1
ORIGFILE,XSHOOTER_GEN_BIAS_UVB_249_0009.fits,1
ORIGFILE,XSHOOTER_GEN_BIAS_VIS_249_0009.fits,1
ORIGFILE,XSHOOTER_GEN_BIAS_UVB_249_0010.fits,1
ORIGFILE,XSHOOTER_GEN_BIAS_VIS_249_0010.fits,1
ORIGFILE,XSHOOTER_GEN_BIAS_UVB_249_0011.fits,1
ORIGFILE,XSHOOTER_GEN_BIAS_VIS_249_0011.fits,1
ORIGFILE,XSHOOTER_GEN_BIAS_UVB_249_0012.fits,1
ORIGFILE,XSHOOTER_GEN_BIAS_VIS_249_0012.fits,1
ORIGFILE,XSHOOTER_GEN_BIAS_UVB_249_0013.fits,1
ORIGFILE,XSHOOTER_GEN_BIAS_VIS_249_0013.fits,1
ORIGFILE,XSHOOTER_GEN_BIAS_UVB_249_0014.fits,1
ORIGFILE,XSHOOTER_GEN_BIAS_VIS_249_0014.fits,1
ORIGFILE,XSHOOTER_GEN_BIAS_UVB_249_0015.fits,1
ORIGFILE,XSHOOTER_GEN_BIAS_VIS_249_0015.fits,1
ORIGFILE,XSHOOTER_GEN_BIAS_UVB_249_0016.fits,1
ORIGFILE,XSHOOTER_GEN_BIAS_VIS_249_0016.fits,1
ORIGFILE,XSHOOTER_GEN_BIAS_UVB_249_0017.fits,1
ORIGFILE,XSHOOTER_GEN_BIAS_VIS_249_0017.fits,1
ORIGFILE,XSHOOTER_GEN_BIAS_UVB_249_0018.fits,1
ORIGFILE,XSHOOTER_GEN_BIAS_VIS_249_0018.fits,1
ORIGFILE,XSHOOTER_GEN_BIAS_UVB_249_0019.fits,1
ORIGFILE,XSHOOTER_GEN_BIAS_VIS_249_0019.fits,1
ORIGFILE,XSHOOTER_GEN_BIAS_UVB_249_0020.fits,1
ORIGFILE,XSHOOTER_GEN_BIAS_VIS_249_0020.fits,1
ORIGFILE,XSHOOTER_GEN_BIAS_UVB_249_0021.fits,1
ORIGFILE,XSHOOTER_GEN_BIAS_VIS_249_0021.fits,1
ORIGFILE,XSHOOTER_GEN_BIAS_UVB_249_0022.fits,1
ORIGFILE,XSHOOTER_GEN_BIAS_VIS_249_0022.fits,1
ORIGFILE,XSHOOTER_GEN_BIAS_UVB_249_0023.fits,1
ORIGFILE,XSHOOTER_GEN_BIAS_VIS_249_0023.fits,1
ORIGFILE,XSHOOTER_GEN_BIAS_UVB_249_0024.fits,1
ORIGFILE,XSHOOTER_GEN_BIAS_VIS_249_0024.fits,1
ORIGFILE,XSHOOTER_GEN_BIAS_UVB_249_0025.fits,1
ORIGFILE,XSHOOTER_GEN_BIAS_VIS_249_0025.fits,1
ORIGFILE,XSHOOTER_GEN_BIAS_UVB_249_0026.fits,1
ORIGFILE,XSHOOTER_GEN_BIAS_VIS_249_0026.fits,1
ORIGFILE,XSHOOTER_GEN_BIAS_UVB_249_0027.fits,1
ORIGFILE,XSHOOTER_GEN_BIAS_VIS_249_0027.fits,1
ORIGFILE,XSHOOTER_GEN_BIAS_UVB_249_0028.fits,1
ORIGFILE,XSHOOTER_GEN_BIAS_VIS_249_0028.fits,1
ORIGFILE,XSHOOTER_GEN_BIAS_UVB_249_0029.fits,1
ORIGFILE,XSHOOTER_GEN_BIAS_VIS_249_0029.fits,1
ORIGFILE,XSHOOTER_GEN_BIAS_UVB_249_0030.fits,1
ORIGFILE,XSHOOTER_GEN_BIAS_VIS_249_0030.fits,1
ORIGFILE,XSHOOTER_GEN_DARK_NIR_249_0005.fits,1
ORIGFILE,XSHOOTER_GEN_DARK_NIR_249_0006.fits,1
ORIGFILE,XSHOOTER_GEN_DARK_NIR_249_0007.fits,1
ORIGFILE,XSHOOTER_GEN_DARK_NIR_249_0008.fits,1
ORIGFILE,XSHOOTER_GEN_DARK_NIR_249_0009.fits,1
ORIGFILE,XSHOOTER_GEN_DARK_NIR_249_0010.fits,1
ORIGFILE,XSHOOTER_GEN_DARK_NIR_249_0011.fits,1
ORIGFILE,XSHOOTER_GEN_DARK_NIR_249_0012.fits,1
ORIGFILE,XSHOOTER_GEN_DARK_NIR_249_0013.fits,1
ORIGFILE,XSHOOTER_GEN_DARK_NIR_249_0014.fits,1
ORIGFILE,XSHOOTER_GEN_DARK_NIR_249_0015.fits,1
ORIGFILE,XSHOOTER_GEN_DARK_NIR_249_0016.fits,1
ORIGFILE,XSHOOTER_SLT_FLAT_NIR_252_0025.fits,1
ORIGFILE,XSHOOTER_SLT_AFC_NIR_247_0004.fits,1
ORIGFILE,XSHOOTER_GEN_DARK_VIS_252_0003.fits,1
ORIGFILE,XSHOOTER_SLT_AFC_UVB_247_0001.fits,1
ORIGFILE,XSHOOTER_SLT_AFC_VIS_247_0001.fits,1
ORIGFILE,XSHOOTER_SLT_AFC_NIR_247_0001.fits,1
ORIGFILE,XSHOOTER_GEN_AFC_UVB_249_0003.fits,1
ORIGFILE,XSHOOTER_GEN_AFC_VIS_249_0003.fits,1
ORIGFILE,XSHOOTER_GEN_AFC_NIR_249_0003.fits,1
ORIGFILE,XSHOOTER_SLT_AFC_UVB_247_0002.fits,1
ORIGFILE,XSHOOTER_SLT_AFC_VIS_247_0002.fits,1
ORIGFILE,XSHOOTER_SLT_AFC_NIR_247_0002.fits,1
ORIGFILE,XSHOOTER_SLT_AFC_UVB_247_0003.fits,1
ORIGFILE,XSHOOTER_SLT_AFC_NIR_247_0003.fits,1
ORIGFILE,XSHOOTER_SLT_FLAT_UVB_249_0001.fits,1
ORIGFILE,XSHOOTER_SLT_FLAT_UVB_249_0002.fits,1
ORIGFILE,XSHOOTER_SLT_FLAT_UVB_249_0003.fits,1
ORIGFILE,XSHOOTER_SLT_FLAT_UVB_249_0004.fits,1
ORIGFILE,XSHOOTER_SLT_FLAT_UVB_249_0005.fits,1
ORIGFILE,XSHOOTER_SLT_FLAT_UVB_249_0006.fits,1
ORIGFILE,XSHOOTER_SLT_FLAT_UVB_249_0007.fits,1
ORIGFILE,XSHOOTER_SLT_FLAT_UVB_249_0008.fits,1
ORIGFILE,XSHOOTER_SLT_FLAT_UVB_249_0009.fits,1
ORIGFILE,XSHOOTER_SLT_FLAT_UVB_249_0010.fits,1
ORIGFILE,XSHOOTER_SLT_FLAT_VIS_249_0001.fits,1
ORIGFILE,XSHOOTER_SLT_FLAT_VIS_249_0002.fits,1
ORIGFILE,XSHOOTER_SLT_FLAT_VIS_249_0003.fits,1
ORIGFILE,XSHOOTER_SLT_FLAT_VIS_249_0004.fits,1
ORIGFILE,XSHOOTER_SLT_FLAT_VIS_249_0005.fits,1
ORIGFILE,XSHOOTER_SLT_FLAT_NIR_249_0001.fits,1
ORIGFILE,XSHOOTER_SLT_FLAT_NIR_249_0002.fits,1
ORIGFILE,XSHOOTER_SLT_FLAT_NIR_249_0003.fits,1
ORIGFILE,XSHOOTER_SLT_FLAT_NIR_249_0004.fits,1
ORIGFILE,XSHOOTER_SLT_FLAT_NIR_249_0005.fits,1
ORIGFILE,XSHOOTER_SLT_FLAT_NIR_249_0006.fits,1
ORIGFILE,XSHOOTER_SLT_FLAT_NIR_249_0007.fits,1
ORIGFILE,XSHOOTER_SLT_FLAT_NIR_249_0008.fits,1
ORIGFILE,XSHOOTER_SLT_FLAT_NIR_249_0009.fits,1
ORIGFILE,XSHOOTER_SLT_FLAT_NIR_249_0010.fits,1
ORIGFILE,XSHOOTER_SLT_FLAT_VIS_249_0006.fits,1
ORIGFILE,XSHOOTER_SLT_FLAT_VIS_249_0007.fits,1
ORIGFILE,XSHOOTER_SLT_FLAT_VIS_249_0008.fits,1
ORIGFILE,XSHOOTER_SLT_FLAT_VIS_249_0009.fits,1
ORIGFILE,XSHOOTER_SLT_FLAT_VIS_249_0010.fits,1
ORIGFILE,XSHOOTER_SLT_FLAT_UVB_249_0011.fits,1
ORIGFILE,XSHOOTER_SLT_FLAT_UVB_249_0012.fits,1
ORIGFILE,XSHOOTER_SLT_FLAT_UVB_249_0013.fits,1
ORIGFILE,XSHOOTER_SLT_FLAT_UVB_249_0014.fits,1
ORIGFILE,XSHOOTER_SLT_FLAT_UVB_249_0015.fits,1
ORIGFILE,XSHOOTER_SLT_FLAT_UVB_249_0016.fits,1
ORIGFILE,XSHOOTER_SLT_FLAT_UVB_249_0017.fits,1
ORIGFILE,XSHOOTER_SLT_FLAT_UVB_249_0018.fits,1
ORIGFILE,XSHOOTER_SLT_FLAT_UVB_249_0019.fits,1
ORIGFILE,XSHOOTER_SLT_FLAT_UVB_249_0020.fits,1
ORIGFILE,XSHOOTER_SLT_FLAT_UVB_249_0021.fits,1
ORIGFILE,XSHOOTER_SLT_FLAT_UVB_249_0022.fits,1
ORIGFILE,XSHOOTER_SLT_FLAT_UVB_249_0023.fits,1
ORIGFILE,XSHOOTER_SLT_FLAT_UVB_249_0024.fits,1
ORIGFILE,XSHOOTER_SLT_FLAT_UVB_249_0025.fits,1
ORIGFILE,XSHOOTER_SLT_FLAT_UVB_249_0026.fits,1
ORIGFILE,XSHOOTER_SLT_FLAT_UVB_249_0027.fits,1
ORIGFILE,XSHOOTER_SLT_FLAT_UVB_249_0028.fits,1
ORIGFILE,XSHOOTER_SLT_FLAT_UVB_249_0029.fits,1
ORIGFILE,XSHOOTER_SLT_FLAT_UVB_249_0030.fits,1
ORIGFILE,XSHOOTER_SLT_FLAT_VIS_249_0011.fits,1
ORIGFILE,XSHOOTER_SLT_FLAT_VIS_249_0012.fits,1
ORIGFILE,XSHOOTER_SLT_FLAT_VIS_249_0013.fits,1
ORIGFILE,XSHOOTER_SLT_FLAT_VIS_249_0014.fits,1
ORIGFILE,XSHOOTER_SLT_FLAT_VIS_249_0015.fits,1
ORIGFILE,XSHOOTER_SLT_FLAT_NIR_249_0011.fits,1
ORIGFILE,XSHOOTER_SLT_FLAT_NIR_249_0012.fits,1
ORIGFILE,XSHOOTER_SLT_FLAT_NIR_249_0013.fits,1
ORIGFILE,XSHOOTER_SLT_FLAT_NIR_249_0014.fits,1
ORIGFILE,XSHOOTER_SLT_FLAT_NIR_249_0015.fits,1
ORIGFILE,XSHOOTER_SLT_FLAT_NIR_249_0016.fits,1
ORIGFILE,XSHOOTER_SLT_FLAT_NIR_249_0017.fits,1
ORIGFILE,XSHOOTER_SLT_FLAT_NIR_249_0018.fits,1
ORIGFILE,XSHOOTER_SLT_FLAT_NIR_249_0019.fits,1
ORIGFILE,XSHOOTER_SLT_FLAT_NIR_249_0020.fits,1
ORIGFILE,XSHOOTER_SLT_FLAT_NIR_249_0021.fits,1
ORIGFILE,XSHOOTER_SLT_FLAT_NIR_249_0022.fits,1
ORIGFILE,XSHOOTER_SLT_FLAT_NIR_249_0023.fits,1
ORIGFILE,XSHOOTER_SLT_FLAT_NIR_249_0024.fits,1
ORIGFILE,XSHOOTER_SLT_FLAT_NIR_249_0025.fits,1
ORIGFILE,XSHOOTER_SLT_FLAT_NIR_249_0026.fits,1
ORIGFILE,XSHOOTER_SLT_FLAT_NIR_249_0027.fits,1
ORIGFILE,XSHOOTER_SLT_FLAT_NIR_249_0028.fits,1
ORIGFILE,XSHOOTER_SLT_FLAT_NIR_249_0029.fits,1
ORIGFILE,XSHOOTER_SLT_FLAT_NIR_249_0030.fits,1
ORIGFILE,XSHOOTER_SLT_ARC_UVB_249_0001.fits,1
ORIGFILE,XSHOOTER_SLT_ARC_VIS_249_0001.fits,1
ORIGFILE,XSHOOTER_SLT_ARC_NIR_249_0001.fits,1
ORIGFILE,XSHOOTER_SLT_ARC_NIR_249_0002.fits,1
ORIGFILE,XSHOOTER_SLT_ARC_NIR_249_0003.fits,1
ORIGFILE,XSHOOTER_SLT_ARC_NIR_249_0004.fits,1
ORIGFILE,XSHOOTER_GEN_DARK_UVB_249_0001.fits,1
ORIGFILE,XSHOOTER_GEN_DARK_VIS_249_0001.fits,1
ORIGFILE,XSHOOTER_GEN_DARK_UVB_249_0002.fits,1
ORIGFILE,XSHOOTER_GEN_DARK_VIS_249_0002.fits,1
ORIGFILE,XSHOOTER_GEN_DARK_UVB_249_0003.fits,1
ORIGFILE,XSHOOTER_GEN_DARK_VIS_249_0003.fits,1
ORIGFILE,XSHOOTER_IMG_BIAS_250_0001.fits,1
ORIGFILE,XSHOOTER_IMG_BIAS_250_0002.fits,1
ORIGFILE,XSHOOTER_IMG_BIAS_250_0003.fits,1
ORIGFILE,XSHOOTER_IMG_BIAS_250_0004.fits,1
ORIGFILE,XSHOOTER_IMG_BIAS_250_0005.fits,1
ORIGFILE,XSHOOTER_IMG_BIAS_250_0006.fits,1
ORIGFILE,XSHOOTER_IMG_BIAS_250_0007.fits,1
ORIGFILE,XSHOOTER_IMG_BIAS_250_0008.fits,1
ORIGFILE,XSHOOTER_IMG_BIAS_250_0009.fits,1
ORIGFILE,XSHOOTER_IMG_BIAS_250_0010.fits,1
ORIGFILE,XSHOOTER_GEN_BIAS_UVB_250_0001.fits,1
ORIGFILE,XSHOOTER_GEN_BIAS_VIS_250_0001.fits,1
ORIGFILE,XSHOOTER_GEN_BIAS_UVB_250_0002.fits,1
ORIGFILE,XSHOOTER_GEN_BIAS_VIS_250_0002.fits,1
ORIGFILE,XSHOOTER_GEN_BIAS_UVB_250_0003.fits,1
ORIGFILE,XSHOOTER_GEN_BIAS_VIS_250_0003.fits,1
ORIGFILE,XSHOOTER_GEN_BIAS_UVB_250_0004.fits,1
ORIGFILE,XSHOOTER_GEN_BIAS_VIS_250_0004.fits,1
ORIGFILE,XSHOOTER_GEN_DARK_NIR_250_0002.fits,1
ORIGFILE,XSHOOTER_GEN_DARK_NIR_250_0003.fits,1
ORIGFILE,XSHOOTER_GEN_DARK_NIR_250_0004.fits,1
ORIGFILE,XSHOOTER_GEN_BIAS_UVB_250_0005.fits,1
ORIGFILE,XSHOOTER_GEN_BIAS_VIS_250_0005.fits,1
ORIGFILE,XSHOOTER_GEN_BIAS_UVB_250_0006.fits,1
ORIGFILE,XSHOOTER_GEN_BIAS_VIS_250_0006.fits,1
ORIGFILE,XSHOOTER_GEN_BIAS_UVB_250_0007.fits,1
ORIGFILE,XSHOOTER_GEN_BIAS_VIS_250_0007.fits,1
ORIGFILE,XSHOOTER_GEN_BIAS_UVB_250_0008.fits,1
ORIGFILE,XSHOOTER_GEN_BIAS_VIS_250_0008.fits,1
ORIGFILE,XSHOOTER_GEN_BIAS_UVB_250_0009.fits,1
ORIGFILE,XSHOOTER_GEN_BIAS_VIS_250_0009.fits,1
ORIGFILE,XSHOOTER_GEN_BIAS_UVB_250_0010.fits,1
ORIGFILE,XSHOOTER_GEN_BIAS_VIS_250_0010.fits,1
ORIGFILE,XSHOOTER_GEN_BIAS_UVB_250_0011.fits,1
ORIGFILE,XSHOOTER_GEN_BIAS_VIS_250_0011.fits,1
ORIGFILE,XSHOOTER_GEN_BIAS_UVB_250_0012.fits,1
ORIGFILE,XSHOOTER_GEN_BIAS_VIS_250_0012.fits,1
ORIGFILE,XSHOOTER_GEN_BIAS_UVB_250_0013.fits,1
ORIGFILE,XSHOOTER_GEN_BIAS_VIS_250_0013.fits,1
ORIGFILE,XSHOOTER_GEN_BIAS_UVB_250_0014.fits,1
ORIGFILE,XSHOOTER_GEN_BIAS_VIS_250_0014.fits,1
ORIGFILE,XSHOOTER_GEN_BIAS_UVB_250_0015.fits,1
ORIGFILE,XSHOOTER_GEN_BIAS_VIS_250_0015.fits,1
ORIGFILE,XSHOOTER_GEN_BIAS_UVB_250_0016.fits,1
ORIGFILE,XSHOOTER_GEN_BIAS_VIS_250_0016.fits,1
ORIGFILE,XSHOOTER_GEN_BIAS_UVB_250_0017.fits,1
ORIGFILE,XSHOOTER_GEN_BIAS_VIS_250_0017.fits,1
ORIGFILE,XSHOOTER_GEN_BIAS_UVB_250_0018.fits,1
ORIGFILE,XSHOOTER_GEN_BIAS_VIS_250_0018.fits,1
ORIGFILE,XSHOOTER_GEN_BIAS_UVB_250_0019.fits,1
ORIGFILE,XSHOOTER_GEN_BIAS_VIS_250_0019.fits,1
ORIGFILE,XSHOOTER_GEN_BIAS_UVB_250_0020.fits,1
ORIGFILE,XSHOOTER_GEN_BIAS_VIS_250_0020.fits,1
ORIGFILE,XSHOOTER_GEN_BIAS_UVB_250_0021.fits,1
ORIGFILE,XSHOOTER_GEN_BIAS_VIS_250_0021.fits,1
ORIGFILE,XSHOOTER_GEN_BIAS_UVB_250_0022.fits,1
ORIGFILE,XSHOOTER_GEN_BIAS_VIS_250_0022.fits,1
ORIGFILE,XSHOOTER_GEN_BIAS_UVB_250_0023.fits,1
ORIGFILE,XSHOOTER_GEN_BIAS_VIS_250_0023.fits,1
ORIGFILE,XSHOOTER_GEN_BIAS_UVB_250_0024.fits,1
ORIGFILE,XSHOOTER_GEN_BIAS_VIS_250_0024.fits,1
ORIGFILE,XSHOOTER_GEN_BIAS_UVB_250_0025.fits,1
ORIGFILE,XSHOOTER_GEN_BIAS_VIS_250_0025.fits,1
ORIGFILE,XSHOOTER_GEN_BIAS_UVB_250_0026.fits,1
ORIGFILE,XSHOOTER_GEN_BIAS_VIS_250_0026.fits,1
ORIGFILE,XSHOOTER_GEN_BIAS_UVB_250_0027.fits,1
ORIGFILE,XSHOOTER_GEN_BIAS_VIS_250_0027.fits,1
ORIGFILE,XSHOOTER_GEN_BIAS_UVB_250_0028.fits,1
ORIGFILE,XSHOOTER_GEN_BIAS_VIS_250_0028.fits,1
ORIGFILE,XSHOOTER_GEN_BIAS_UVB_250_0029.fits,1
ORIGFILE,XSHOOTER_GEN_BIAS_VIS_250_0029.fits,1
ORIGFILE,XSHOOTER_GEN_BIAS_UVB_250_0030.fits,1
ORIGFILE,XSHOOTER_GEN_BIAS_VIS_250_0030.fits,1
ORIGFILE,XSHOOTER_SLT_AFC_NIR_247_0009.fits,1
ORIGFILE,XSHOOTER_SLT_FLAT_NIR_252_0027.fits,1
ORIGFILE,XSHOOTER_SLT_FLAT_NIR_252_0028.fits,1
ORIGFILE,XSHOOTER_SLT_FLAT_NIR_252_0029.fits,1
ORIGFILE,XSHOOTER_SLT_FLAT_NIR_252_0030.fits,1
ORIGFILE,XSHOOTER_SLT_FLAT_VIS_252_0016.fits,1
ORIGFILE,XSHOOTER_SLT_FLAT_VIS_252_0017.fits,1
ORIGFILE,XSHOOTER_SLT_FLAT_VIS_252_0018.fits,1
ORIGFILE,XSHOOTER_SLT_FLAT_VIS_252_0019.fits,1
ORIGFILE,XSHOOTER_SLT_FLAT_VIS_252_0020.fits,1
ORIGFILE,XSHOOTER_GEN_DARK_UVB_252_0001.fits,1
ORIGFILE,XSHOOTER_GEN_DARK_VIS_252_0001.fits,1
ORIGFILE,XSHOOTER_GEN_DARK_UVB_252_0002.fits,1
ORIGFILE,XSHOOTER_GEN_DARK_VIS_252_0002.fits,1
ORIGFILE,XSHOOTER_SLT_FCK_UVB_250_0001.fits,1
ORIGFILE,XSHOOTER_SLT_FCK_VIS_250_0001.fits,1
ORIGFILE,XSHOOTER_SLT_FCK_NIR_250_0001.fits,1
ORIGFILE,XSHOOTER_SLT_FCK_NIR_250_0002.fits,1
ORIGFILE,XSHOOTER_SLT_ODEF_UVB_250_0001.fits,1
ORIGFILE,XSHOOTER_SLT_ODEF_UVB_250_0002.fits,1
ORIGFILE,XSHOOTER_SLT_ODEF_VIS_250_0001.fits,1
ORIGFILE,XSHOOTER_SLT_ODEF_NIR_250_0001.fits,1
ORIGFILE,XSHOOTER_SLT_ODEF_NIR_250_0002.fits,1
ORIGFILE,XSHOOTER_SLT_WAVE_UVB_250_0001.fits,1
ORIGFILE,XSHOOTER_SLT_WAVE_VIS_250_0001.fits,1
ORIGFILE,XSHOOTER_SLT_WAVE_NIR_250_0001.fits,1
ORIGFILE,XSHOOTER_SLT_WAVE_NIR_250_0002.fits,1
ORIGFILE,XSHOOTER_SLT_FLAT_UVB_250_0001.fits,1
ORIGFILE,XSHOOTER_SLT_FLAT_UVB_250_0002.fits,1
ORIGFILE,XSHOOTER_SLT_FLAT_UVB_250_0003.fits,1
ORIGFILE,XSHOOTER_SLT_FLAT_UVB_250_0004.fits,1
ORIGFILE,XSHOOTER_SLT_FLAT_UVB_250_0005.fits,1
ORIGFILE,XSHOOTER_SLT_FLAT_UVB_250_0006.fits,1
ORIGFILE,XSHOOTER_SLT_FLAT_UVB_250_0007.fits,1
ORIGFILE,XSHOOTER_SLT_FLAT_UVB_250_0008.fits,1
ORIGFILE,XSHOOTER_SLT_FLAT_UVB_250_0009.fits,1
ORIGFILE,XSHOOTER_SLT_FLAT_UVB_250_0010.fits,1
ORIGFILE,XSHOOTER_SLT_FLAT_VIS_250_0001.fits,1
ORIGFILE,XSHOOTER_SLT_FLAT_VIS_250_0002.fits,1
ORIGFILE,XSHOOTER_SLT_FLAT_VIS_250_0003.fits,1
ORIGFILE,XSHOOTER_SLT_FLAT_VIS_250_0004.fits,1
ORIGFILE,XSHOOTER_SLT_FLAT_VIS_250_0005.fits,1
ORIGFILE,XSHOOTER_SLT_FLAT_NIR_250_0001.fits,1
ORIGFILE,XSHOOTER_SLT_FLAT_NIR_250_0002.fits,1
ORIGFILE,XSHOOTER_SLT_FLAT_NIR_250_0003.fits,1
ORIGFILE,XSHOOTER_SLT_FLAT_NIR_250_0004.fits,1
ORIGFILE,XSHOOTER_SLT_FLAT_NIR_250_0005.fits,1
ORIGFILE,XSHOOTER_SLT_FLAT_NIR_250_0006.fits,1
ORIGFILE,XSHOOTER_SLT_FLAT_NIR_250_0007.fits,1
ORIGFILE,XSHOOTER_SLT_FLAT_NIR_250_0008.fits,1
ORIGFILE,XSHOOTER_SLT_FLAT_NIR_250_0009.fits,1
ORIGFILE,XSHOOTER_SLT_FLAT_NIR_250_0010.fits,1
ORIGFILE,XSHOOTER_SLT_FLAT_NIR_250_0011.fits,1
ORIGFILE,XSHOOTER_SLT_FLAT_NIR_250_0012.fits,1
ORIGFILE,XSHOOTER_SLT_FLAT_NIR_250_0013.fits,1
ORIGFILE,XSHOOTER_SLT_FLAT_NIR_250_0014.fits,1
ORIGFILE,XSHOOTER_SLT_FLAT_NIR_250_0015.fits,1
ORIGFILE,XSHOOTER_SLT_FLAT_NIR_250_0016.fits,1
ORIGFILE,XSHOOTER_SLT_FLAT_NIR_250_0017.fits,1
ORIGFILE,XSHOOTER_SLT_FLAT_NIR_250_0018.fits,1
ORIGFILE,XSHOOTER_SLT_FLAT_NIR_250_0019.fits,1
ORIGFILE,XSHOOTER_SLT_FLAT_NIR_250_0020.fits,1
ORIGFILE,XSHOOTER_SLT_ARC_UVB_250_0001.fits,1
ORIGFILE,XSHOOTER_SLT_ARC_VIS_250_0001.fits,1
ORIGFILE,XSHOOTER_SLT_ARC_NIR_250_0001.fits,1
ORIGFILE,XSHOOTER_SLT_ARC_NIR_250_0002.fits,1
ORIGFILE,XSHOOTER_SLT_ARC_NIR_250_0003.fits,1
ORIGFILE,XSHOOTER_SLT_ARC_NIR_250_0004.fits,1
ORIGFILE,XSHOOTER_GEN_FLAT_VIS_250_0001.fits,1
ORIGFILE,XSHOOTER_GEN_FLAT_VIS_250_0002.fits,1
ORIGFILE,XSHOOTER_GEN_FLAT_VIS_250_0003.fits,1
ORIGFILE,XSHOOTER_GEN_FLAT_VIS_250_0004.fits,1
ORIGFILE,XSHOOTER_GEN_FLAT_VIS_250_0005.fits,1
ORIGFILE,XSHOOTER_GEN_FLAT_VIS_250_0006.fits,1
ORIGFILE,XSHOOTER_GEN_FLAT_VIS_250_0007.fits,1
ORIGFILE,XSHOOTER_GEN_FLAT_VIS_250_0008.fits,1
ORIGFILE,XSHOOTER_GEN_FLAT_VIS_250_0009.fits,1
ORIGFILE,XSHOOTER_GEN_FLAT_VIS_250_0010.fits,1
ORIGFILE,XSHOOTER_GEN_FLAT_VIS_250_0011.fits,1
ORIGFILE,XSHOOTER_GEN_FLAT_VIS_250_0012.fits,1
ORIGFILE,XSHOOTER_GEN_FLAT_VIS_250_0013.fits,1
ORIGFILE,XSHOOTER_GEN_FLAT_VIS_250_0014.fits,1
ORIGFILE,XSHOOTER_GEN_FLAT_VIS_250_0015.fits,1
ORIGFILE,XSHOOTER_GEN_FLAT_VIS_250_0016.fits,1
ORIGFILE,XSHOOTER_GEN_FLAT_VIS_250_0017.fits,1
ORIGFILE,XSHOOTER_GEN_FLAT_VIS_250_0018.fits,1
ORIGFILE,XSHOOTER_GEN_FLAT_VIS_250_0019.fits,1
ORIGFILE,XSHOOTER_GEN_FLAT_VIS_250_0020.fits,1
ORIGFILE,XSHOOTER_GEN_FLAT_VIS_250_0021.fits,1
ORIGFILE,XSHOOTER_GEN_FLAT_VIS_251_0001.fits,1
ORIGFILE,XSHOOTER_GEN_FLAT_VIS_251_0002.fits,1
ORIGFILE,XSHOOTER_GEN_FLAT_VIS_251_0003.fits,1
ORIGFILE,XSHOOTER_GEN_FLAT_VIS_251_0004.fits,1
ORIGFILE,XSHOOTER_GEN_FLAT_VIS_251_0005.fits,1
ORIGFILE,XSHOOTER_GEN_FLAT_VIS_251_0006.fits,1
ORIGFILE,XSHOOTER_GEN_FLAT_VIS_251_0007.fits,1
ORIGFILE,XSHOOTER_GEN_FLAT_VIS_251_0008.fits,1
ORIGFILE,XSHOOTER_GEN_FLAT_VIS_251_0009.fits,1
ORIGFILE,XSHOOTER_GEN_FLAT_VIS_251_0010.fits,1
ORIGFILE,XSHOOTER_GEN_FLAT_VIS_251_0011.fits,1
ORIGFILE,XSHOOTER_GEN_FLAT_VIS_251_0012.fits,1
ORIGFILE,XSHOOTER_GEN_FLAT_VIS_251_0013.fits,1
ORIGFILE,XSHOOTER_GEN_FLAT_VIS_251_0014.fits,1
ORIGFILE,XSHOOTER_GEN_FLAT_VIS_251_0015.fits,1
ORIGFILE,XSHOOTER_GEN_FLAT_VIS_251_0016.fits,1
ORIGFILE,XSHOOTER_GEN_FLAT_UVB_251_0001.fits,1
ORIGFILE,XSHOOTER_GEN_FLAT_UVB_251_0002.fits,1
ORIGFILE,XSHOOTER_GEN_FLAT_UVB_251_0003.fits,1
ORIGFILE,XSHOOTER_GEN_FLAT_UVB_251_0004.fits,1
ORIGFILE,XSHOOTER_GEN_FLAT_UVB_251_0005.fits,1
ORIGFILE,XSHOOTER_GEN_FLAT_UVB_251_0006.fits,1
ORIGFILE,XSHOOTER_GEN_FLAT_UVB_251_0007.fits,1
ORIGFILE,XSHOOTER_GEN_FLAT_UVB_251_0008.fits,1
ORIGFILE,XSHOOTER_GEN_FLAT_UVB_251_0009.fits,1
ORIGFILE,XSHOOTER_GEN_FLAT_UVB_251_0010.fits,1
ORIGFILE,XSHOOTER_GEN_FLAT_UVB_251_0011.fits,1
ORIGFILE,XSHOOTER_GEN_FLAT_UVB_251_0012.fits,1
ORIGFILE,XSHOOTER_GEN_FLAT_UVB_251_0013.fits,1
ORIGFILE,XSHOOTER_GEN_FLAT_UVB_251_0014.fits,1
ORIGFILE,XSHOOTER_GEN_FLAT_UVB_251_0015.fits,1
ORIGFILE,XSHOOTER_GEN_FLAT_UVB_251_0016.fits,1
ORIGFILE,XSHOOTER_GEN_FLAT_UVB_251_0017.fits,1
ORIGFILE,XSHOOTER_GEN_FLAT_UVB_251_0018.fits,1
ORIGFILE,XSHOOTER_GEN_FLAT_UVB_251_0019.fits,1
ORIGFILE,XSHOOTER_GEN_FLAT_UVB_251_0020.fits,1
ORIGFILE,XSHOOTER_GEN_FLAT_UVB_251_0021.fits,1
ORIGFILE,XSHOOTER_GEN_FLAT_UVB_251_0022.fits,1
ORIGFILE,XSHOOTER_GEN_FLAT_UVB_251_0023.fits,1
ORIGFILE,XSHOOTER_GEN_FLAT_UVB_251_0024.fits,1
ORIGFILE,XSHOOTER_GEN_FLAT_UVB_251_0025.fits,1
ORIGFILE,XSHOOTER_GEN_FLAT_UVB_251_0026.fits,1
ORIGFILE,XSHOOTER_GEN_FLAT_UVB_251_0027.fits,1
ORIGFILE,XSHOOTER_GEN_FLAT_UVB_251_0028.fits,1
ORIGFILE,XSHOOTER_GEN_FLAT_UVB_251_0029.fits,1
ORIGFILE,XSHOOTER_GEN_FLAT_UVB_251_0030.fits,1
ORIGFILE,XSHOOTER_GEN_FLAT_UVB_251_0031.fits,1
ORIGFILE,XSHOOTER_GEN_FLAT_UVB_251_0032.fits,1
ORIGFILE,XSHOOTER_GEN_FLAT_UVB_251_0033.fits,1
ORIGFILE,XSHOOTER_GEN_FLAT_UVB_251_0034.fits,1
ORIGFILE,XSHOOTER_GEN_FLAT_UVB_251_0035.fits,1
ORIGFILE,XSHOOTER_GEN_FLAT_UVB_251_0036.fits,1
ORIGFILE,XSHOOTER_GEN_FLAT_UVB_251_0037.fits,1
ORIGFILE,XSHOOTER_GEN_FLAT_UVB_251_0038.fits,1
ORIGFILE,XSHOOTER_GEN_FLAT_UVB_251_0039.fits,1
ORIGFILE,XSHOOTER_GEN_FLAT_UVB_251_0040.fits,1
ORIGFILE,XSHOOTER_GEN_FLAT_UVB_251_0041.fits,1
ORIGFILE,XSHOOTER_GEN_FLAT_UVB_251_0042.fits,1
ORIGFILE,XSHOOTER_GEN_FLAT_UVB_251_0043.fits,1
ORIGFILE,XSHOOTER_GEN_FLAT_UVB_251_0044.fits,1
ORIGFILE,XSHOOTER_GEN_FLAT_UVB_251_0045.fits,1
ORIGFILE,XSHOOTER_GEN_FLAT_UVB_251_0046.fits,1
ORIGFILE,XSHOOTER_GEN_FLAT_UVB_251_0047.fits,1
ORIGFILE,XSHOOTER_GEN_FLAT_UVB_251_0048.fits,1
ORIGFILE,XSHOOTER_GEN_FLAT_UVB_251_0049.fits,1
ORIGFILE,XSHOOTER_GEN_FLAT_UVB_251_0050.fits,1
ORIGFILE,XSHOOTER_GEN_FLAT_UVB_251_0051.fits,1
ORIGFILE,XSHOOTER_GEN_FLAT_UVB_251_0052.fits,1
ORIGFILE,XSHOOTER_GEN_FLAT_UVB_251_0053.fits,1
ORIGFILE,XSHOOTER_GEN_FLAT_UVB_251_0054.fits,1
ORIGFILE,XSHOOTER_GEN_FLAT_UVB_251_0055.fits,1
ORIGFILE,XSHOOTER_GEN_FLAT_UVB_251_0056.fits,1
ORIGFILE,XSHOOTER_GEN_FLAT_UVB_251_0057.fits,1
ORIGFILE,XSHOOTER_GEN_FLAT_UVB_251_0058.fits,1
ORIGFILE,XSHOOTER_GEN_FLAT_UVB_251_0059.fits,1
ORIGFILE,XSHOOTER_GEN_FLAT_UVB_251_0060.fits,1
ORIGFILE,XSHOOTER_GEN_FLAT_UVB_251_0061.fits,1
ORIGFILE,XSHOOTER_GEN_FLAT_UVB_251_0062.fits,1
ORIGFILE,XSHOOTER_GEN_FLAT_UVB_251_0063.fits,1
ORIGFILE,XSHOOTER_GEN_FLAT_UVB_251_0064.fits,1
ORIGFILE,XSHOOTER_GEN_FLAT_UVB_251_0065.fits,1
ORIGFILE,XSHOOTER_GEN_FLAT_UVB_251_0066.fits,1
ORIGFILE,XSHOOTER_GEN_FLAT_UVB_251_0067.fits,1
ORIGFILE,XSHOOTER_GEN_FLAT_UVB_251_0068.fits,1
ORIGFILE,XSHOOTER_GEN_FLAT_UVB_251_0069.fits,1
ORIGFILE,XSHOOTER_GEN_FLAT_UVB_251_0070.fits,1
ORIGFILE,XSHOOTER_GEN_FLAT_UVB_251_0071.fits,1
ORIGFILE,XSHOOTER_GEN_FLAT_UVB_251_0072.fits,1
ORIGFILE,XSHOOTER_GEN_FLAT_UVB_251_0073.fits,1
ORIGFILE,XSHOOTER_GEN_FLAT_UVB_251_0074.fits,1
ORIGFILE,XSHOOTER_GEN_FLAT_UVB_251_0075.fits,1
ORIGFILE,XSHOOTER_GEN_FLAT_UVB_251_0076.fits,1
ORIGFILE,XSHOOTER_GEN_FLAT_UVB_251_0077.fits,1
ORIGFILE,XSHOOTER_GEN_FLAT_UVB_251_0078.fits,1
ORIGFILE,XSHOOTER_GEN_FLAT_UVB_251_0079.fits,1
ORIGFILE,XSHOOTER_GEN_FLAT_UVB_251_0080.fits,1
ORIGFILE,XSHOOTER_GEN_FLAT_UVB_251_0081.fits,1
ORIGFILE,XSHOOTER_GEN_FLAT_UVB_251_0082.fits,1
ORIGFILE,XSHOOTER_GEN_FLAT_UVB_251_0083.fits,1
ORIGFILE,XSHOOTER_GEN_FLAT_UVB_251_0084.fits,1
ORIGFILE,XSHOOTER_GEN_FLAT_UVB_251_0085.fits,1
ORIGFILE,XSHOOTER_GEN_FLAT_UVB_251_0086.fits,1
ORIGFILE,XSHOOTER_GEN_FLAT_UVB_251_0087.fits,1
ORIGFILE,XSHOOTER_GEN_FLAT_UVB_251_0088.fits,1
ORIGFILE,XSHOOTER_GEN_FLAT_UVB_251_0089.fits,1
ORIGFILE,XSHOOTER_GEN_FLAT_UVB_251_0090.fits,1
ORIGFILE,XSHOOTER_GEN_FLAT_UVB_251_0091.fits,1
ORIGFILE,XSHOOTER_GEN_FLAT_UVB_251_0092.fits,1
ORIGFILE,XSHOOTER_GEN_FLAT_UVB_251_0093.fits,1
ORIGFILE,XSHOOTER_GEN_FLAT_UVB_251_0094.fits,1
ORIGFILE,XSHOOTER_GEN_FLAT_UVB_251_0095.fits,1
ORIGFILE,XSHOOTER_GEN_FLAT_UVB_251_0096.fits,1
ORIGFILE,XSHOOTER_GEN_FLAT_UVB_251_0097.fits,1
ORIGFILE,XSHOOTER_GEN_FLAT_UVB_251_0098.fits,1
ORIGFILE,XSHOOTER_GEN_FLAT_UVB_251_0099.fits,1
ORIGFILE,XSHOOTER_GEN_FLAT_UVB_251_0100.fits,1
ORIGFILE,XSHOOTER_GEN_FLAT_UVB_251_0101.fits,1
ORIGFILE,XSHOOTER_GEN_FLAT_UVB_251_0102.fits,1
ORIGFILE,XSHOOTER_GEN_FLAT_UVB_251_0103.fits,1
ORIGFILE,XSHOOTER_GEN_FLAT_UVB_251_0104.fits,1
ORIGFILE,XSHOOTER_GEN_FLAT_UVB_251_0105.fits,1
ORIGFILE,XSHOOTER_GEN_FLAT_UVB_251_0106.fits,1
ORIGFILE,XSHOOTER_GEN_FLAT_UVB_251_0107.fits,1
ORIGFILE,XSHOOTER_GEN_FLAT_UVB_251_0108.fits,1
ORIGFILE,XSHOOTER_GEN_FLAT_UVB_251_0109.fits,1
ORIGFILE,XSHOOTER_GEN_FLAT_UVB_251_0110.fits,1
ORIGFILE,XSHOOTER_GEN_FLAT_UVB_251_0111.fits,1
ORIGFILE,XSHOOTER_GEN_FLAT_VIS_251_0017.fits,1
ORIGFILE,XSHOOTER_GEN_FLAT_VIS_251_0018.fits,1
ORIGFILE,XSHOOTER_GEN_FLAT_VIS_251_0019.fits,1
ORIGFILE,XSHOOTER_GEN_FLAT_VIS_251_0020.fits,1
ORIGFILE,XSHOOTER_GEN_FLAT_VIS_251_0021.fits,1
ORIGFILE,XSHOOTER_GEN_FLAT_VIS_251_0022.fits,1
ORIGFILE,XSHOOTER_GEN_FLAT_VIS_251_0023.fits,1
ORIGFILE,XSHOOTER_GEN_FLAT_VIS_251_0024.fits,1
ORIGFILE,XSHOOTER_GEN_FLAT_VIS_251_0025.fits,1
ORIGFILE,XSHOOTER_GEN_FLAT_VIS_251_0026.fits,1
ORIGFILE,XSHOOTER_GEN_FLAT_VIS_251_0027.fits,1
ORIGFILE,XSHOOTER_GEN_FLAT_VIS_251_0028.fits,1
ORIGFILE,XSHOOTER_GEN_FLAT_VIS_251_0029.fits,1
ORIGFILE,XSHOOTER_GEN_FLAT_VIS_251_0030.fits,1
ORIGFILE,XSHOOTER_GEN_FLAT_VIS_251_0031.fits,1
ORIGFILE,XSHOOTER_GEN_FLAT_VIS_251_0032.fits,1
ORIGFILE,XSHOOTER_GEN_FLAT_VIS_251_0033.fits,1
ORIGFILE,XSHOOTER_GEN_FLAT_VIS_251_0034.fits,1
ORIGFILE,XSHOOTER_GEN_FLAT_VIS_251_0035.fits,1
ORIGFILE,XSHOOTER_GEN_FLAT_VIS_251_0036.fits,1
ORIGFILE,XSHOOTER_GEN_FLAT_VIS_251_0037.fits,1
ORIGFILE,XSHOOTER_GEN_FLAT_VIS_251_0038.fits,1
ORIGFILE,XSHOOTER_GEN_FLAT_VIS_251_0039.fits,1
ORIGFILE,XSHOOTER_GEN_FLAT_VIS_251_0040.fits,1
ORIGFILE,XSHOOTER_GEN_FLAT_VIS_251_0041.fits,1
ORIGFILE,XSHOOTER_GEN_FLAT_VIS_251_0042.fits,1
ORIGFILE,XSHOOTER_GEN_FLAT_VIS_251_0043.fits,1
ORIGFILE,XSHOOTER_GEN_FLAT_VIS_251_0044.fits,1
ORIGFILE,XSHOOTER_GEN_FLAT_VIS_251_0045.fits,1
ORIGFILE,XSHOOTER_GEN_FLAT_VIS_251_0046.fits,1
ORIGFILE,XSHOOTER_GEN_FLAT_VIS_251_0047.fits,1
ORIGFILE,XSHOOTER_GEN_FLAT_VIS_251_0048.fits,1
ORIGFILE,XSHOOTER_GEN_FLAT_VIS_251_0049.fits,1
ORIGFILE,XSHOOTER_GEN_FLAT_VIS_251_0050.fits,1
ORIGFILE,XSHOOTER_GEN_FLAT_VIS_251_0051.fits,1
ORIGFILE,XSHOOTER_GEN_FLAT_VIS_251_0052.fits,1
ORIGFILE,XSHOOTER_GEN_FLAT_VIS_251_0053.fits,1
ORIGFILE,XSHOOTER_GEN_FLAT_VIS_251_0054.fits,1
ORIGFILE,XSHOOTER_GEN_FLAT_VIS_251_0055.fits,1
ORIGFILE,XSHOOTER_GEN_FLAT_VIS_251_0056.fits,1
ORIGFILE,XSHOOTER_GEN_FLAT_VIS_251_0057.fits,1
ORIGFILE,XSHOOTER_GEN_FLAT_VIS_251_0058.fits,1
ORIGFILE,XSHOOTER_GEN_FLAT_VIS_251_0059.fits,1
ORIGFILE,XSHOOTER_GEN_FLAT_VIS_251_0060.fits,1
ORIGFILE,XSHOOTER_GEN_FLAT_VIS_251_0061.fits,1
ORIGFILE,XSHOOTER_GEN_FLAT_VIS_251_0062.fits,1
ORIGFILE,XSHOOTER_GEN_FLAT_VIS_251_0063.fits,1
ORIGFILE,XSHOOTER_GEN_FLAT_VIS_251_0064.fits,1
ORIGFILE,XSHOOTER_GEN_FLAT_VIS_251_0065.fits,1
ORIGFILE,XSHOOTER_GEN_FLAT_VIS_251_0066.fits,1
ORIGFILE,XSHOOTER_GEN_FLAT_VIS_251_0067.fits,1
ORIGFILE,XSHOOTER_GEN_FLAT_VIS_251_0068.fits,1
ORIGFILE,XSHOOTER_GEN_FLAT_VIS_251_0069.fits,1
ORIGFILE,XSHOOTER_GEN_FLAT_VIS_251_0070.fits,1
ORIGFILE,XSHOOTER_GEN_FLAT_VIS_251_0071.fits,1
ORIGFILE,XSHOOTER_GEN_FLAT_VIS_251_0072.fits,1
ORIGFILE,XSHOOTER_GEN_FLAT_VIS_251_0073.fits,1
ORIGFILE,XSHOOTER_GEN_FLAT_VIS_251_0074.fits,1
ORIGFILE,XSHOOTER_GEN_FLAT_VIS_251_0075.fits,1
ORIGFILE,XSHOOTER_GEN_FLAT_VIS_251_0076.fits,1
ORIGFILE,XSHOOTER_GEN_FLAT_VIS_251_0077.fits,1
ORIGFILE,XSHOOTER_GEN_FLAT_VIS_251_0078.fits,1
ORIGFILE,XSHOOTER_GEN_FLAT_VIS_251_0079.fits,1
ORIGFILE,XSHOOTER_GEN_FLAT_VIS_251_0080.fits,1
ORIGFILE,XSHOOTER_GEN_FLAT_VIS_251_0081.fits,1
ORIGFILE,XSHOOTER_GEN_FLAT_VIS_251_0082.fits,1
ORIGFILE,XSHOOTER_GEN_FLAT_VIS_251_0083.fits,1
ORIGFILE,XSHOOTER_GEN_FLAT_VIS_251_0084.fits,1
ORIGFILE,XSHOOTER_GEN_FLAT_VIS_251_0085.fits,1
ORIGFILE,XSHOOTER_GEN_FLAT_VIS_251_0086.fits,1
ORIGFILE,XSHOOTER_GEN_FLAT_VIS_251_0087.fits,1
ORIGFILE,XSHOOTER_GEN_FLAT_VIS_251_0088.fits,1
ORIGFILE,XSHOOTER_GEN_FLAT_VIS_251_0089.fits,1
ORIGFILE,XSHOOTER_GEN_FLAT_VIS_251_0090.fits,1
ORIGFILE,XSHOOTER_IMG_BIAS_251_0001.fits,1
ORIGFILE,XSHOOTER_IMG_BIAS_251_0002.fits,1
ORIGFILE,XSHOOTER_IMG_BIAS_251_0003.fits,1
ORIGFILE,XSHOOTER_IMG_BIAS_251_0004.fits,1
ORIGFILE,XSHOOTER_IMG_BIAS_251_0005.fits,1
ORIGFILE,XSHOOTER_IMG_BIAS_251_0006.fits,1
ORIGFILE,XSHOOTER_IMG_BIAS_251_0007.fits,1
ORIGFILE,XSHOOTER_IMG_BIAS_251_0008.fits,1
ORIGFILE,XSHOOTER_IMG_BIAS_251_0009.fits,1
ORIGFILE,XSHOOTER_IMG_BIAS_251_0010.fits,1
ORIGFILE,XSHOOTER_GEN_BIAS_UVB_251_0001.fits,1
ORIGFILE,XSHOOTER_GEN_BIAS_VIS_251_0001.fits,1
ORIGFILE,XSHOOTER_GEN_BIAS_UVB_251_0002.fits,1
ORIGFILE,XSHOOTER_GEN_BIAS_VIS_251_0002.fits,1
ORIGFILE,XSHOOTER_GEN_BIAS_UVB_251_0003.fits,1
ORIGFILE,XSHOOTER_GEN_BIAS_VIS_251_0003.fits,1
ORIGFILE,XSHOOTER_GEN_BIAS_UVB_251_0004.fits,1
ORIGFILE,XSHOOTER_GEN_BIAS_VIS_251_0004.fits,1
ORIGFILE,XSHOOTER_GEN_DARK_NIR_251_0002.fits,1
ORIGFILE,XSHOOTER_GEN_DARK_NIR_251_0003.fits,1
ORIGFILE,XSHOOTER_GEN_DARK_NIR_251_0004.fits,1
ORIGFILE,XSHOOTER_GEN_BIAS_UVB_251_0005.fits,1
ORIGFILE,XSHOOTER_GEN_BIAS_VIS_251_0005.fits,1
ORIGFILE,XSHOOTER_GEN_BIAS_UVB_251_0006.fits,1
ORIGFILE,XSHOOTER_GEN_BIAS_VIS_251_0006.fits,1
ORIGFILE,XSHOOTER_GEN_BIAS_UVB_251_0007.fits,1
ORIGFILE,XSHOOTER_GEN_BIAS_VIS_251_0007.fits,1
ORIGFILE,XSHOOTER_GEN_BIAS_UVB_251_0008.fits,1
ORIGFILE,XSHOOTER_GEN_BIAS_VIS_251_0008.fits,1
ORIGFILE,XSHOOTER_GEN_BIAS_UVB_251_0009.fits,1
ORIGFILE,XSHOOTER_GEN_BIAS_VIS_251_0009.fits,1
ORIGFILE,XSHOOTER_GEN_BIAS_UVB_251_0010.fits,1
ORIGFILE,XSHOOTER_GEN_BIAS_VIS_251_0010.fits,1
ORIGFILE,XSHOOTER_GEN_BIAS_UVB_251_0011.fits,1
ORIGFILE,XSHOOTER_GEN_BIAS_VIS_251_0011.fits,1
ORIGFILE,XSHOOTER_GEN_BIAS_UVB_251_0012.fits,1
ORIGFILE,XSHOOTER_GEN_BIAS_VIS_251_0012.fits,1
ORIGFILE,XSHOOTER_GEN_BIAS_UVB_251_0013.fits,1
ORIGFILE,XSHOOTER_GEN_BIAS_VIS_251_0013.fits,1
ORIGFILE,XSHOOTER_GEN_BIAS_UVB_251_0014.fits,1
ORIGFILE,XSHOOTER_GEN_BIAS_VIS_251_0014.fits,1
ORIGFILE,XSHOOTER_GEN_BIAS_UVB_251_0015.fits,1
ORIGFILE,XSHOOTER_GEN_BIAS_VIS_251_0015.fits,1
ORIGFILE,XSHOOTER_GEN_BIAS_UVB_251_0016.fits,1
ORIGFILE,XSHOOTER_GEN_BIAS_VIS_251_0016.fits,1
ORIGFILE,XSHOOTER_GEN_BIAS_UVB_251_0017.fits,1
ORIGFILE,XSHOOTER_GEN_BIAS_VIS_251_0017.fits,1
ORIGFILE,XSHOOTER_GEN_BIAS_UVB_251_0018.fits,1
ORIGFILE,XSHOOTER_GEN_BIAS_VIS_251_0018.fits,1
ORIGFILE,XSHOOTER_GEN_BIAS_UVB_251_0019.fits,1
ORIGFILE,XSHOOTER_GEN_BIAS_VIS_251_0019.fits,1
ORIGFILE,XSHOOTER_GEN_BIAS_UVB_251_0020.fits,1
ORIGFILE,XSHOOTER_GEN_BIAS_VIS_251_0020.fits,1
ORIGFILE,XSHOOTER_GEN_BIAS_UVB_251_0021.fits,1
ORIGFILE,XSHOOTER_GEN_BIAS_VIS_251_0021.fits,1
ORIGFILE,XSHOOTER_GEN_BIAS_UVB_251_0022.fits,1
ORIGFILE,XSHOOTER_GEN_BIAS_VIS_251_0022.fits,1
ORIGFILE,XSHOOTER_GEN_BIAS_UVB_251_0023.fits,1
ORIGFILE,XSHOOTER_GEN_BIAS_VIS_251_0023.fits,1
ORIGFILE,XSHOOTER_GEN_BIAS_UVB_251_0024.fits,1
ORIGFILE,XSHOOTER_GEN_BIAS_VIS_251_0024.fits,1
ORIGFILE,XSHOOTER_GEN_BIAS_UVB_251_0025.fits,1
ORIGFILE,XSHOOTER_GEN_BIAS_VIS_251_0025.fits,1
ORIGFILE,XSHOOTER_GEN_BIAS_UVB_251_0026.fits,1
ORIGFILE,XSHOOTER_GEN_BIAS_VIS_251_0026.fits,1
ORIGFILE,XSHOOTER_GEN_BIAS_UVB_251_0027.fits,1
ORIGFILE,XSHOOTER_GEN_BIAS_VIS_251_0027.fits,1
ORIGFILE,XSHOOTER_GEN_BIAS_UVB_251_0028.fits,1
ORIGFILE,XSHOOTER_GEN_BIAS_VIS_251_0028.fits,1
ORIGFILE,XSHOOTER_GEN_BIAS_UVB_251_0029.fits,1
ORIGFILE,XSHOOTER_GEN_BIAS_VIS_251_0029.fits,1
ORIGFILE,XSHOOTER_GEN_BIAS_UVB_251_0030.fits,1
ORIGFILE,XSHOOTER_GEN_BIAS_VIS_251_0030.fits,1
ORIGFILE,XSHOOTER_GEN_DARK_UVB_252_0003.fits,1
ORIGFILE,XSHOOTER_SLT_AFC_UVB_247_0004.fits,1
ORIGFILE,XSHOOTER_SLT_AFC_UVB_247_0010.fits,1
ORIGFILE,XSHOOTER_SLT_AFC_VIS_247_0010.fits,1
ORIGFILE,XSHOOTER_SLT_AFC_NIR_247_0010.fits,1
ORIGFILE,XSHOOTER_SLT_AFC_UVB_247_0011.fits,1
ORIGFILE,XSHOOTER_SLT_AFC_VIS_247_0011.fits,1
ORIGFILE,XSHOOTER_SLT_AFC_NIR_247_0011.fits,1
ORIGFILE,XSHOOTER_SLT_AFC_UVB_247_0012.fits,1
ORIGFILE,XSHOOTER_SLT_AFC_NIR_247_0012.fits,1
ORIGFILE,XSHOOTER_SLT_AFC_VIS_247_0012.fits,1
ORIGFILE,XSHOOTER_SLT_FLAT_UVB_251_0001.fits,1
ORIGFILE,XSHOOTER_SLT_FLAT_UVB_251_0002.fits,1
ORIGFILE,XSHOOTER_SLT_FLAT_UVB_251_0003.fits,1
ORIGFILE,XSHOOTER_SLT_FLAT_UVB_251_0004.fits,1
ORIGFILE,XSHOOTER_SLT_FLAT_UVB_251_0005.fits,1
ORIGFILE,XSHOOTER_SLT_FLAT_UVB_251_0006.fits,1
ORIGFILE,XSHOOTER_SLT_FLAT_UVB_251_0007.fits,1
ORIGFILE,XSHOOTER_SLT_FLAT_UVB_251_0008.fits,1
ORIGFILE,XSHOOTER_SLT_FLAT_UVB_251_0009.fits,1
ORIGFILE,XSHOOTER_SLT_FLAT_UVB_251_0010.fits,1
ORIGFILE,XSHOOTER_SLT_FLAT_VIS_251_0001.fits,1
ORIGFILE,XSHOOTER_SLT_FLAT_VIS_251_0002.fits,1
ORIGFILE,XSHOOTER_SLT_FLAT_VIS_251_0003.fits,1
ORIGFILE,XSHOOTER_SLT_FLAT_VIS_251_0004.fits,1
ORIGFILE,XSHOOTER_SLT_FLAT_VIS_251_0005.fits,1
ORIGFILE,XSHOOTER_SLT_FLAT_NIR_251_0001.fits,1
ORIGFILE,XSHOOTER_SLT_FLAT_NIR_251_0002.fits,1
ORIGFILE,XSHOOTER_SLT_FLAT_NIR_251_0003.fits,1
ORIGFILE,XSHOOTER_SLT_FLAT_NIR_251_0004.fits,1
ORIGFILE,XSHOOTER_SLT_FLAT_NIR_251_0005.fits,1
ORIGFILE,XSHOOTER_SLT_FLAT_NIR_251_0006.fits,1
ORIGFILE,XSHOOTER_SLT_FLAT_NIR_251_0007.fits,1
ORIGFILE,XSHOOTER_SLT_FLAT_NIR_251_0008.fits,1
ORIGFILE,XSHOOTER_SLT_FLAT_NIR_251_0009.fits,1
ORIGFILE,XSHOOTER_SLT_FLAT_NIR_251_0010.fits,1
ORIGFILE,XSHOOTER_SLT_ARC_UVB_251_0001.fits,1
ORIGFILE,XSHOOTER_SLT_ARC_VIS_251_0001.fits,1
ORIGFILE,XSHOOTER_SLT_ARC_NIR_251_0001.fits,1
ORIGFILE,XSHOOTER_SLT_ARC_NIR_251_0002.fits,1
ORIGFILE,XSHOOTER_SLT_AFC_UVB_252_0001.fits,1
ORIGFILE,XSHOOTER_SLT_AFC_VIS_252_0001.fits,1
ORIGFILE,XSHOOTER_SLT_AFC_NIR_252_0001.fits,1
ORIGFILE,XSHOOTER_SLT_AFC_UVB_252_0002.fits,1
ORIGFILE,XSHOOTER_SLT_AFC_NIR_252_0002.fits,1
ORIGFILE,XSHOOTER_SLT_AFC_VIS_252_0002.fits,1
ORIGFILE,XSHOOTER_SLT_AFC_UVB_252_0003.fits,1
ORIGFILE,XSHOOTER_SLT_AFC_VIS_252_0003.fits,1
ORIGFILE,XSHOOTER_SLT_AFC_NIR_252_0003.fits,1
ORIGFILE,XSHOOTER_SLT_OBJ_UVB_252_0001.fits,1
ORIGFILE,XSHOOTER_SLT_OBJ_VIS_252_0001.fits,1
ORIGFILE,XSHOOTER_SLT_OBJ_NIR_252_0001.fits,1
ORIGFILE,XSHOOTER_SLT_OBJ_UVB_252_0002.fits,1
ORIGFILE,XSHOOTER_SLT_OBJ_VIS_252_0002.fits,1
ORIGFILE,XSHOOTER_SLT_OBJ_NIR_252_0002.fits,1
ORIGFILE,XSHOOTER_SLT_AFC_UVB_252_0004.fits,1
ORIGFILE,XSHOOTER_SLT_AFC_VIS_252_0004.fits,1
ORIGFILE,XSHOOTER_SLT_AFC_NIR_252_0004.fits,1
ORIGFILE,XSHOOTER_SLT_AFC_UVB_252_0005.fits,1
ORIGFILE,XSHOOTER_SLT_AFC_NIR_252_0005.fits,1
ORIGFILE,XSHOOTER_SLT_AFC_VIS_252_0005.fits,1
ORIGFILE,XSHOOTER_SLT_AFC_UVB_252_0006.fits,1
ORIGFILE,XSHOOTER_SLT_AFC_NIR_252_0006.fits,1
ORIGFILE,XSHOOTER_SLT_AFC_VIS_252_0006.fits,1
ORIGFILE,XSHOOTER_SLT_AFC_UVB_252_0007.fits,1
ORIGFILE,XSHOOTER_SLT_AFC_VIS_252_0007.fits,1
ORIGFILE,XSHOOTER_SLT_AFC_NIR_252_0007.fits,1
ORIGFILE,XSHOOTER_SLT_AFC_UVB_252_0008.fits,1
ORIGFILE,XSHOOTER_SLT_AFC_VIS_252_0008.fits,1
ORIGFILE,XSHOOTER_SLT_AFC_NIR_252_0008.fits,1
ORIGFILE,XSHOOTER_SLT_AFC_UVB_252_0009.fits,1
ORIGFILE,XSHOOTER_SLT_AFC_NIR_252_0009.fits,1
ORIGFILE,XSHOOTER_SLT_AFC_VIS_252_0009.fits,1
ORIGFILE,XSHOOTER_SLT_AFC_UVB_252_0010.fits,1
ORIGFILE,XSHOOTER_SLT_AFC_VIS_252_0010.fits,1
ORIGFILE,XSHOOTER_SLT_AFC_NIR_252_0010.fits,1
ORIGFILE,XSHOOTER_SLT_AFC_UVB_252_0011.fits,1
ORIGFILE,XSHOOTER_SLT_AFC_NIR_252_0011.fits,1
ORIGFILE,XSHOOTER_SLT_AFC_VIS_252_0011.fits,1
ORIGFILE,XSHOOTER_SLT_AFC_UVB_252_0012.fits,1
ORIGFILE,XSHOOTER_SLT_AFC_NIR_252_0012.fits,1
ORIGFILE,XSHOOTER_SLT_AFC_VIS_252_0012.fits,1
ORIGFILE,XSHOOTER_SLT_AFC_UVB_252_0013.fits,1
ORIGFILE,XSHOOTER_SLT_AFC_NIR_252_0013.fits,1
ORIGFILE,XSHOOTER_SLT_AFC_VIS_252_0013.fits,1
ORIGFILE,XSHOOTER_SLT_AFC_UVB_252_0014.fits,1
ORIGFILE,XSHOOTER_SLT_AFC_NIR_252_0014.fits,1
ORIGFILE,XSHOOTER_SLT_AFC_VIS_252_0014.fits,1
ORIGFILE,XSHOOTER_SLT_AFC_UVB_252_0015.fits,1
ORIGFILE,XSHOOTER_SLT_AFC_VIS_252_0015.fits,1
ORIGFILE,XSHOOTER_SLT_AFC_NIR_252_0015.fits,1
ORIGFILE,XSHOOTER_SLT_AFC_UVB_252_0016.fits,1
ORIGFILE,XSHOOTER_SLT_AFC_VIS_252_0016.fits,1
ORIGFILE,XSHOOTER_SLT_AFC_NIR_252_0016.fits,1
ORIGFILE,XSHOOTER_SLT_AFC_UVB_252_0017.fits,1
ORIGFILE,XSHOOTER_SLT_AFC_VIS_252_0017.fits,1
ORIGFILE,XSHOOTER_SLT_AFC_NIR_252_0017.fits,1
ORIGFILE,XSHOOTER_SLT_AFC_UVB_252_0018.fits,1
ORIGFILE,XSHOOTER_SLT_AFC_NIR_252_0018.fits,1
ORIGFILE,XSHOOTER_SLT_AFC_VIS_252_0018.fits,1
ORIGFILE,XSHOOTER_IMG_BIAS_252_0001.fits,1
ORIGFILE,XSHOOTER_IMG_BIAS_252_0002.fits,1
ORIGFILE,XSHOOTER_IMG_BIAS_252_0003.fits,1
ORIGFILE,XSHOOTER_IMG_BIAS_252_0004.fits,1
ORIGFILE,XSHOOTER_IMG_BIAS_252_0005.fits,1
ORIGFILE,XSHOOTER_IMG_BIAS_252_0006.fits,1
ORIGFILE,XSHOOTER_IMG_BIAS_252_0007.fits,1
ORIGFILE,XSHOOTER_IMG_BIAS_252_0008.fits,1
ORIGFILE,XSHOOTER_IMG_BIAS_252_0009.fits,1
ORIGFILE,XSHOOTER_IMG_BIAS_252_0010.fits,1
ORIGFILE,XSHOOTER_GEN_BIAS_UVB_252_0001.fits,1
ORIGFILE,XSHOOTER_GEN_BIAS_VIS_252_0001.fits,1
ORIGFILE,XSHOOTER_GEN_BIAS_UVB_252_0002.fits,1
ORIGFILE,XSHOOTER_GEN_BIAS_VIS_252_0002.fits,1
ORIGFILE,XSHOOTER_GEN_BIAS_UVB_252_0003.fits,1
ORIGFILE,XSHOOTER_GEN_BIAS_VIS_252_0003.fits,1
ORIGFILE,XSHOOTER_GEN_BIAS_UVB_252_0004.fits,1
ORIGFILE,XSHOOTER_GEN_BIAS_VIS_252_0004.fits,1
ORIGFILE,XSHOOTER_GEN_DARK_NIR_252_0002.fits,1
ORIGFILE,XSHOOTER_GEN_DARK_NIR_252_0003.fits,1
ORIGFILE,XSHOOTER_GEN_DARK_NIR_252_0004.fits,1
ORIGFILE,XSHOOTER_GEN_BIAS_UVB_252_0005.fits,1
ORIGFILE,XSHOOTER_GEN_BIAS_VIS_252_0005.fits,1
ORIGFILE,XSHOOTER_GEN_BIAS_UVB_252_0006.fits,1
ORIGFILE,XSHOOTER_GEN_BIAS_VIS_252_0006.fits,1
ORIGFILE,XSHOOTER_GEN_BIAS_UVB_252_0007.fits,1
ORIGFILE,XSHOOTER_GEN_BIAS_VIS_252_0007.fits,1
ORIGFILE,XSHOOTER_GEN_BIAS_UVB_252_0008.fits,1
ORIGFILE,XSHOOTER_GEN_BIAS_VIS_252_0008.fits,1
ORIGFILE,XSHOOTER_GEN_BIAS_UVB_252_0009.fits,1
ORIGFILE,XSHOOTER_GEN_BIAS_VIS_252_0009.fits,1
ORIGFILE,XSHOOTER_GEN_BIAS_UVB_252_0010.fits,1
ORIGFILE,XSHOOTER_GEN_BIAS_VIS_252_0010.fits,1
ORIGFILE,XSHOOTER_GEN_BIAS_UVB_252_0011.fits,1
ORIGFILE,XSHOOTER_GEN_BIAS_VIS_252_0011.fits,1
ORIGFILE,XSHOOTER_GEN_BIAS_UVB_252_0012.fits,1
ORIGFILE,XSHOOTER_GEN_BIAS_VIS_252_0012.fits,1
ORIGFILE,XSHOOTER_GEN_BIAS_UVB_252_0013.fits,1
ORIGFILE,XSHOOTER_GEN_BIAS_VIS_252_0013.fits,1
ORIGFILE,XSHOOTER_GEN_BIAS_UVB_252_0014.fits,1
ORIGFILE,XSHOOTER_GEN_BIAS_VIS_252_0014.fits,1
ORIGFILE,XSHOOTER_GEN_BIAS_UVB_252_0015.fits,1
ORIGFILE,XSHOOTER_GEN_BIAS_VIS_252_0015.fits,1
ORIGFILE,XSHOOTER_GEN_BIAS_UVB_252_0016.fits,1
ORIGFILE,XSHOOTER_GEN_BIAS_VIS_252_0016.fits,1
ORIGFILE,XSHOOTER_GEN_BIAS_UVB_252_0017.fits,1
ORIGFILE,XSHOOTER_GEN_BIAS_VIS_252_0017.fits,1
ORIGFILE,XSHOOTER_GEN_BIAS_UVB_252_0018.fits,1
ORIGFILE,XSHOOTER_GEN_BIAS_VIS_252_0018.fits,1
ORIGFILE,XSHOOTER_GEN_BIAS_UVB_252_0019.fits,1
ORIGFILE,XSHOOTER_GEN_BIAS_VIS_252_0019.fits,1
ORIGFILE,XSHOOTER_GEN_BIAS_UVB_252_0020.fits,1
ORIGFILE,XSHOOTER_GEN_BIAS_VIS_252_0020.fits,1
ORIGFILE,XSHOOTER_GEN_BIAS_UVB_252_0021.fits,1
ORIGFILE,XSHOOTER_GEN_BIAS_VIS_252_0021.fits,1
ORIGFILE,XSHOOTER_GEN_BIAS_UVB_252_0022.fits,1
ORIGFILE,XSHOOTER_GEN_BIAS_VIS_252_0022.fits,1
ORIGFILE,XSHOOTER_GEN_BIAS_UVB_252_0023.fits,1
ORIGFILE,XSHOOTER_GEN_BIAS_VIS_252_0023.fits,1
ORIGFILE,XSHOOTER_GEN_BIAS_UVB_252_0024.fits,1
ORIGFILE,XSHOOTER_GEN_BIAS_VIS_252_0024.fits,1
ORIGFILE,XSHOOTER_GEN_BIAS_UVB_252_0025.fits,1
ORIGFILE,XSHOOTER_GEN_BIAS_VIS_252_0025.fits,1
ORIGFILE,XSHOOTER_GEN_BIAS_UVB_252_0026.fits,1
ORIGFILE,XSHOOTER_GEN_BIAS_VIS_252_0026.fits,1
ORIGFILE,XSHOOTER_GEN_BIAS_UVB_252_0027.fits,1
ORIGFILE,XSHOOTER_GEN_BIAS_VIS_252_0027.fits,1
ORIGFILE,XSHOOTER_GEN_BIAS_UVB_252_0028.fits,1
ORIGFILE,XSHOOTER_GEN_BIAS_VIS_252_0028.fits,1
ORIGFILE,XSHOOTER_GEN_BIAS_UVB_252_0029.fits,1
ORIGFILE,XSHOOTER_GEN_BIAS_VIS_252_0029.fits,1
ORIGFILE,XSHOOTER_GEN_BIAS_UVB_252_0030.fits,1
ORIGFILE,XSHOOTER_GEN_BIAS_VIS_252_0030.fits,1
ORIGFILE,XSHOOTER_GEN_DARK_NIR_252_0005.fits,1
ORIGFILE,XSHOOTER_GEN_DARK_NIR_252_0006.fits,1
ORIGFILE,XSHOOTER_GEN_DARK_NIR_252_0007.fits,1
ORIGFILE,XSHOOTER_GEN_DARK_NIR_252_0008.fits,1
ORIGFILE,XSHOOTER_GEN_DARK_NIR_252_0009.fits,1
ORIGFILE,XSHOOTER_GEN_DARK_NIR_252_0010.fits,1
ORIGFILE,XSHOOTER_GEN_DARK_NIR_252_0011.fits,1
ORIGFILE,XSHOOTER_GEN_DARK_NIR_252_0012.fits,1
ORIGFILE,XSHOOTER_GEN_DARK_NIR_252_0013.fits,1
ORIGFILE,XSHOOTER_GEN_DARK_NIR_252_0014.fits,1
ORIGFILE,XSHOOTER_GEN_DARK_NIR_252_0015.fits,1
ORIGFILE,XSHOOTER_GEN_DARK_NIR_252_0016.fits,1
ORIGFILE,XSHOOTER_GEN_DARK_NIR_252_0017.fits,1
ORIGFILE,XSHOOTER_GEN_DARK_NIR_252_0018.fits,1
ORIGFILE,XSHOOTER_GEN_DARK_NIR_252_0019.fits,1
ORIGFILE,XSHOOTER_SLT_AFC_UVB_247_0013.fits,1
ORIGFILE,XSHOOTER_SLT_AFC_VIS_247_0013.fits,1
ORIGFILE,XSHOOTER_SLT_AFC_NIR_247_0013.fits,1
ORIGFILE,XSHOOTER_SLT_AFC_UVB_247_0014.fits,1
ORIGFILE,XSHOOTER_SLT_AFC_NIR_247_0014.fits,1
ORIGFILE,XSHOOTER_SLT_AFC_VIS_247_0014.fits,1
ORIGFILE,XSHOOTER_GEN_AFC_UVB_252_0003.fits,1
ORIGFILE,XSHOOTER_GEN_AFC_NIR_252_0003.fits,1
ORIGFILE,XSHOOTER_GEN_AFC_VIS_252_0003.fits,1
ORIGFILE,XSHOOTER_SLT_AFC_UVB_247_0015.fits,1
ORIGFILE,XSHOOTER_SLT_AFC_VIS_247_0015.fits,1
ORIGFILE,XSHOOTER_SLT_AFC_NIR_247_0015.fits,1
ORIGFILE,XSHOOTER_IMG_BIAS_247_0001.fits,1
ORIGFILE,XSHOOTER_IMG_BIAS_247_0002.fits,1
ORIGFILE,XSHOOTER_SLT_FCK_UVB_252_0001.fits,1
ORIGFILE,XSHOOTER_SLT_FCK_VIS_252_0001.fits,1
ORIGFILE,XSHOOTER_SLT_FCK_NIR_252_0001.fits,1
ORIGFILE,XSHOOTER_SLT_FCK_NIR_252_0002.fits,1
ORIGFILE,XSHOOTER_SLT_ODEF_UVB_252_0001.fits,1
ORIGFILE,XSHOOTER_SLT_ODEF_UVB_252_0002.fits,1
ORIGFILE,XSHOOTER_SLT_ODEF_VIS_252_0001.fits,1
ORIGFILE,XSHOOTER_SLT_ODEF_NIR_252_0001.fits,1
ORIGFILE,XSHOOTER_SLT_ODEF_NIR_252_0002.fits,1
ORIGFILE,XSHOOTER_SLT_WAVE_UVB_252_0001.fits,1
ORIGFILE,XSHOOTER_SLT_WAVE_VIS_252_0001.fits,1
ORIGFILE,XSHOOTER_SLT_WAVE_NIR_252_0001.fits,1
ORIGFILE,XSHOOTER_SLT_WAVE_NIR_252_0002.fits,1
ORIGFILE,XSHOOTER_SLT_FLAT_NIR_252_0001.fits,1
ORIGFILE,XSHOOTER_SLT_FLAT_NIR_252_0002.fits,1
ORIGFILE,XSHOOTER_SLT_FLAT_NIR_252_0003.fits,1
ORIGFILE,XSHOOTER_SLT_FLAT_NIR_252_0004.fits,1
ORIGFILE,XSHOOTER_SLT_FLAT_NIR_252_0005.fits,1
ORIGFILE,XSHOOTER_SLT_FLAT_NIR_252_0006.fits,1
ORIGFILE,XSHOOTER_SLT_FLAT_NIR_252_0007.fits,1
ORIGFILE,XSHOOTER_SLT_FLAT_NIR_252_0008.fits,1
ORIGFILE,XSHOOTER_SLT_FLAT_NIR_252_0009.fits,1
ORIGFILE,XSHOOTER_SLT_FLAT_NIR_252_0010.fits,1
ORIGFILE,XSHOOTER_SLT_FLAT_UVB_252_0001.fits,1
ORIGFILE,XSHOOTER_SLT_FLAT_UVB_252_0002.fits,1
ORIGFILE,XSHOOTER_SLT_FLAT_UVB_252_0003.fits,1
ORIGFILE,XSHOOTER_SLT_FLAT_UVB_252_0004.fits,1
ORIGFILE,XSHOOTER_SLT_FLAT_UVB_252_0005.fits,1
ORIGFILE,XSHOOTER_SLT_FLAT_UVB_252_0006.fits,1
ORIGFILE,XSHOOTER_SLT_FLAT_UVB_252_0007.fits,1
ORIGFILE,XSHOOTER_SLT_FLAT_UVB_252_0008.fits,1
ORIGFILE,XSHOOTER_SLT_FLAT_UVB_252_0009.fits,1
ORIGFILE,XSHOOTER_SLT_FLAT_UVB_252_0010.fits,1
ORIGFILE,XSHOOTER_SLT_FLAT_VIS_252_0001.fits,1
ORIGFILE,XSHOOTER_SLT_FLAT_VIS_252_0002.fits,1
ORIGFILE,XSHOOTER_SLT_FLAT_VIS_252_0003.fits,1
ORIGFILE,XSHOOTER_SLT_FLAT_VIS_252_0004.fits,1
ORIGFILE,XSHOOTER_SLT_FLAT_VIS_252_0005.fits,1
ORIGFILE,XSHOOTER_SLT_FLAT_UVB_252_0011.fits,1
ORIGFILE,XSHOOTER_SLT_FLAT_UVB_252_0012.fits,1
ORIGFILE,XSHOOTER_SLT_FLAT_UVB_252_0013.fits,1
ORIGFILE,XSHOOTER_SLT_FLAT_UVB_252_0014.fits,1
ORIGFILE,XSHOOTER_SLT_FLAT_UVB_252_0015.fits,1
ORIGFILE,XSHOOTER_SLT_FLAT_UVB_252_0016.fits,1
ORIGFILE,XSHOOTER_SLT_FLAT_UVB_252_0017.fits,1
ORIGFILE,XSHOOTER_SLT_FLAT_UVB_252_0018.fits,1
ORIGFILE,XSHOOTER_SLT_FLAT_UVB_252_0019.fits,1
ORIGFILE,XSHOOTER_SLT_FLAT_UVB_252_0020.fits,1
ORIGFILE,XSHOOTER_SLT_FLAT_VIS_252_0006.fits,1
ORIGFILE,XSHOOTER_SLT_FLAT_VIS_252_0007.fits,1
ORIGFILE,XSHOOTER_SLT_FLAT_VIS_252_0008.fits,1
ORIGFILE,XSHOOTER_SLT_FLAT_VIS_252_0009.fits,1
ORIGFILE,XSHOOTER_SLT_FLAT_VIS_252_0010.fits,1
ORIGFILE,XSHOOTER_SLT_FLAT_NIR_252_0011.fits,1
ORIGFILE,XSHOOTER_SLT_FLAT_NIR_252_0012.fits,1
ORIGFILE,XSHOOTER_SLT_FLAT_NIR_252_0013.fits,1
ORIGFILE,XSHOOTER_SLT_FLAT_NIR_252_0014.fits,1
ORIGFILE,XSHOOTER_SLT_FLAT_NIR_252_0015.fits,1
ORIGFILE,XSHOOTER_SLT_FLAT_NIR_252_0016.fits,1
ORIGFILE,XSHOOTER_SLT_FLAT_NIR_252_0017.fits,1
ORIGFILE,XSHOOTER_SLT_FLAT_NIR_252_0018.fits,1
ORIGFILE,XSHOOTER_SLT_FLAT_NIR_252_0019.fits,1
ORIGFILE,XSHOOTER_SLT_FLAT_NIR_252_0020.fits,1
ORIGFILE,XSHOOTER_SLT_FLAT_VIS_252_0011.fits,1
ORIGFILE,XSHOOTER_SLT_FLAT_VIS_252_0012.fits,1
ORIGFILE,XSHOOTER_SLT_FLAT_VIS_252_0013.fits,1
ORIGFILE,XSHOOTER_SLT_FLAT_VIS_252_0014.fits,1
ORIGFILE,XSHOOTER_SLT_AFC_VIS_247_0003.fits,1
ORIGFILE,XSHOOTER_SLT_AFC_UVB_247_0005.fits,1
ORIGFILE,XSHOOTER_SLT_AFC_VIS_247_0005.fits,1
ORIGFILE,XSHOOTER_SLT_AFC_NIR_247_0005.fits,1
ORIGFILE,XSHOOTER_SLT_AFC_UVB_247_0006.fits,1
ORIGFILE,XSHOOTER_SLT_AFC_NIR_247_0006.fits,1
ORIGFILE,XSHOOTER_SLT_AFC_VIS_247_0006.fits,1
ORIGFILE,XSHOOTER_SLT_AFC_UVB_247_0007.fits,1
ORIGFILE,XSHOOTER_SLT_AFC_VIS_247_0007.fits,1
ORIGFILE,XSHOOTER_SLT_AFC_NIR_247_0007.fits,1
ORIGFILE,XSHOOTER_SLT_AFC_UVB_247_0008.fits,1
ORIGFILE,XSHOOTER_SLT_AFC_VIS_247_0008.fits,1
ORIGFILE,XSHOOTER_SLT_AFC_NIR_247_0008.fits,1
ORIGFILE,XSHOOTER_SLT_AFC_UVB_247_0009.fits,1
ORIGFILE,XSHOOTER_SLT_AFC_VIS_247_0009.fits,1
ORIGFILE,XSHOOTER_SLT_FLAT_VIS_252_0015.fits,1
ORIGFILE,XSHOOTER_SLT_AFC_VIS_247_0004.fits,1
ORIGFILE,XSHOOTER_SLT_FLAT_UVB_252_0021.fits,1
ORIGFILE,XSHOOTER_SLT_FLAT_UVB_252_0022.fits,1
ORIGFILE,XSHOOTER_SLT_FLAT_UVB_252_0023.fits,1
ORIGFILE,XSHOOTER_SLT_FLAT_UVB_252_0024.fits,1
ORIGFILE,XSHOOTER_SLT_FLAT_UVB_252_0025.fits,1
ORIGFILE,XSHOOTER_SLT_FLAT_UVB_252_0026.fits,1
ORIGFILE,XSHOOTER_SLT_FLAT_UVB_252_0027.fits,1
ORIGFILE,XSHOOTER_SLT_FLAT_UVB_252_0028.fits,1
ORIGFILE,XSHOOTER_SLT_FLAT_UVB_252_0029.fits,1
ORIGFILE,XSHOOTER_SLT_FLAT_UVB_252_0030.fits,1
ORIGFILE,XSHOOTER_SLT_FLAT_NIR_252_0021.fits,1
ORIGFILE,XSHOOTER_SLT_FLAT_NIR_252_0022.fits,1
ORIGFILE,XSHOOTER_SLT_FLAT_NIR_252_0023.fits,1
ORIGFILE,XSHOOTER_SLT_FLAT_NIR_252_0024.fits,1
ORIGFILE,XSHOOTER_SLT_FLAT_NIR_252_0026.fits,1
CTYPE1,RA---TAN,2
CTYPE2,DEC--TAN,2
ESO DET EXP NAME,XSHOOTER_IFU_FLAT_NIR_252_0002,2
ESO DET EXP NAME,XSHOOTER_IFU_FLAT_NIR_252_0001,2
ESO DET EXP NAME,XSHOOTER_GEN_AFC_NIR_252_0002,2
ESO DET EXP NAME,XSHOOTER_GEN_AFC_NIR_252_0001,2
ESO DET EXP NAME,XSHOOTER_IFU_FLAT_NIR_251_0002,2
ESO DET EXP NAME,XSHOOTER_IFU_FLAT_NIR_251_0001,2
ESO DET EXP NAME,XSHOOTER_GEN_AFC_NIR_251_0002,2
ESO DET EXP NAME,XSHOOTER_GEN_AFC_NIR_251_0001,2
ESO DET EXP NAME,XSHOOTER_IFU_FLAT_NIR_250_0002,2
ESO DET EXP NAME,XSHOOTER_IFU_FLAT_NIR_250_0001,2
ESO DET EXP NAME,XSHOOTER_GEN_AFC_NIR_250_0003,2
ESO DET EXP NAME,XSHOOTER_GEN_AFC_NIR_250_0002,2
ESO DET EXP NAME,XSHOOTER_GEN_AFC_NIR_250_0001,2
ESO DET EXP NAME,XSHOOTER_IFU_FLAT_NIR_249_0002,2
ESO DET EXP NAME,XSHOOTER_IFU_FLAT_NIR_249_0001,2
ESO DET EXP NAME,XSHOOTER_GEN_AFC_NIR_249_0002,2
ESO DET EXP NAME,XSHOOTER_GEN_AFC_NIR_249_0001,2
ESO DET EXP NAME,XSHOOTER_IFU_FLAT_NIR_247_0002,2
ESO DET EXP NAME,XSHOOTER_IFU_FLAT_NIR_247_0001,2
ESO DET EXP NAME,XSHOOTER_GEN_AFC_NIR_247_0002,2
ESO DET EXP NAME,XSHOOTER_GEN_AFC_NIR_247_0001,2
ESO DET EXP NAME,XSHOOTER_IFU_FLAT_NIR_248_0002,2
ESO DET EXP NAME,XSHOOTER_IFU_FLAT_NIR_248_0001,2
ESO DET EXP NAME,XSHOOTER_GEN_AFC_NIR_248_0002,2
ESO DET EXP NAME,XSHOOTER_GEN_AFC_NIR_248_0001,2
ESO DET EXP NAME,XSHOOTER_SLT_OBJ_NIR_248_0002,2
ESO DET EXP NAME,XSHOOTER_SLT_OBJ_NIR_248_0001,2
ESO DET EXP NAME,XSHOOTER_SLT_AFC_NIR_248_0003,2
ESO DET EXP NAME,XSHOOTER_SLT_AFC_NIR_248_0002,2
ESO DET EXP NAME,XSHOOTER_SLT_AFC_NIR_248_0001,2
ESO DPR CATG,ACQUISITION,2
ESO OCS DET4 IMGNAME,XSHOOTER_SLT_AG_,2
ESO TPL START,2026-09-04T20:30:25,2
ESO TPL START,2026-09-04T13:12:03,2
ESO TPL START,2026-09-04T13:20:42,2
ESO TPL START,2026-09-05T11:10:22,2
ESO TPL START,2026-09-05T11:01:45,2
ESO TPL START,2026-09-05T12:46:15,2
ESO TPL START,2026-09-09T11:27:24,2
ESO TPL START,2026-09-09T19:34:19,2
ESO TPL START,2026-09-09T11:25:02,2
ESO TPL START,2026-09-09T11:04:20,2
ESO TPL START,2026-09-07T11:04:21,2
ESO TPL START,2026-09-07T11:05:02,2
ESO TPL START,2026-09-07T11:32:33,2
ESO TPL START,2026-09-05T12:47:49,2
ESO TPL START,2026-09-05T11:13:04,2
ESO TPL START,2026-09-05T11:11:16,2
ESO TPL START,2026-09-05T11:15:55,2
ESO TPL START,2026-09-05T11:22:20,2
ESO TPL START,2026-09-05T11:23:01,2
ESO TPL START,2026-09-05T11:24:42,2
ESO TPL START,2026-09-05T20:43:52,2
ESO TPL START,2026-09-05T20:52:32,2
ESO TPL START,2026-09-04T16:54:26,2
ESO TPL START,2026-09-04T20:21:45,2
ESO TPL START,2026-09-06T12:50:19,2
ESO TPL START,2026-09-06T12:47:41,2
ESO TPL START,2026-09-06T11:50:48,2
ESO TPL START,2026-09-06T11:42:08,2
ESO TPL START,2026-09-06T12:49:18,2
ESO TPL START,2026-09-07T10:57:54,2
ESO TPL START,2026-09-07T10:53:16,2
ESO TPL START,2026-09-07T10:55:03,2
ESO TPL START,2026-09-07T10:52:22,2
ESO TPL START,2026-09-06T19:35:54,2
ESO TPL START,2026-09-07T10:43:43,2
ESO TPL START,2026-09-06T19:44:32,2
ESO TPL START,2026-09-07T11:06:43,2
ESO TPL START,2026-09-07T11:34:12,2
ESO TPL START,2026-09-09T19:42:57,2
ESO TPL START,2026-09-09T11:25:42,2
ESO TPL START,2026-09-09T11:13:57,2
ESO TPL START,2026-09-09T11:13:03,2
ESO TPL START,2026-09-09T11:18:34,2
ESO TPL START,2026-09-09T11:15:42,2
ESO TPL START,2026-09-08T20:41:40,2
ESO TPL START,2026-09-07T11:35:18,2
ESO TPL START,2026-09-08T09:07:27,2
ESO TPL START,2026-09-07T19:59:12,2
ESO TPL START,2026-09-07T19:50:32,2
ESO TPL START,2026-09-08T09:36:33,2
ESO TPL START,2026-09-08T09:34:47,2
ESO TPL START,2026-09-08T08:58:45,2
ESO TPL START,2026-09-08T20:32:59,2
OBJECT,OBJECT,2
ORIGFILE,XSHOOTER_IFU_FLAT_VIS_248_0001.fits,2
ORIGFILE,XSHOOTER_GEN_DARK_UVB_248_0001.fits,2
ORIGFILE,XSHOOTER_GEN_DARK_VIS_248_0001.fits,2
ORIGFILE,XSHOOTER_GEN_DARK_UVB_248_0002.fits,2
ORIGFILE,XSHOOTER_GEN_DARK_VIS_248_0002.fits,2
ORIGFILE,XSHOOTER_SLT_AFC_UVB_248_0001.fits,2
ORIGFILE,XSHOOTER_SLT_AFC_VIS_248_0001.fits,2
ORIGFILE,XSHOOTER_SLT_AFC_NIR_248_0001.fits,2
ORIGFILE,XSHOOTER_SLT_AFC_UVB_248_0002.fits,2
ORIGFILE,XSHOOTER_GEN_AFC_UVB_247_0001.fits,2
ORIGFILE,XSHOOTER_GEN_AFC_NIR_247_0001.fits,2
ORIGFILE,XSHOOTER_GEN_AFC_VIS_247_0001.fits,2
ORIGFILE,XSHOOTER_GEN_AFC_UVB_247_0002.fits,2
ORIGFILE,XSHOOTER_GEN_AFC_NIR_247_0002.fits,2
ORIGFILE,XSHOOTER_GEN_AFC_VIS_247_0002.fits,2
ORIGFILE,XSHOOTER_SLT_AFC_VIS_248_0002.fits,2
ORIGFILE,XSHOOTER_SLT_AFC_NIR_248_0002.fits,2
ORIGFILE,XSHOOTER_SLT_AFC_UVB_248_0003.fits,2
ORIGFILE,XSHOOTER_IFU_FLAT_UVB_247_0001.fits,2
ORIGFILE,XSHOOTER_IFU_FLAT_UVB_247_0002.fits,2
ORIGFILE,XSHOOTER_IFU_FLAT_VIS_247_0001.fits,2
ORIGFILE,XSHOOTER_IFU_FLAT_NIR_247_0001.fits,2
ORIGFILE,XSHOOTER_IFU_FLAT_NIR_247_0002.fits,2
ORIGFILE,XSHOOTER_SLT_AFC_NIR_248_0003.fits,2
ORIGFILE,XSHOOTER_SLT_AFC_VIS_248_0003.fits,2
ORIGFILE,XSHOOTER_SLT_OBJ_UVB_248_0001.fits,2
ORIGFILE,XSHOOTER_SLT_OBJ_VIS_248_0001.fits,2
ORIGFILE,XSHOOTER_SLT_OBJ_NIR_248_0001.fits,2
ORIGFILE,XSHOOTER_SLT_OBJ_UVB_248_0002.fits,2
ORIGFILE,XSHOOTER_SLT_OBJ_VIS_248_0002.fits,2
ORIGFILE,XSHOOTER_SLT_OBJ_NIR_248_0002.fits,2
ORIGFILE,XSHOOTER_IFU_FLAT_NIR_248_0001.fits,2
ORIGFILE,XSHOOTER_IFU_FLAT_NIR_248_0002.fits,2
ORIGFILE,XSHOOTER_IFU_FLAT_UVB_248_0001.fits,2
ORIGFILE,XSHOOTER_IFU_FLAT_UVB_248_0002.fits,2
ORIGFILE,XSHOOTER_GEN_AFC_UVB_248_0001.fits,2
ORIGFILE,XSHOOTER_GEN_AFC_NIR_248_0001.fits,2
ORIGFILE,XSHOOTER_GEN_AFC_VIS_248_0001.fits,2
ORIGFILE,XSHOOTER_GEN_DARK_UVB_247_0001.fits,2
ORIGFILE,XSHOOTER_GEN_DARK_VIS_247_0001.fits,2
ORIGFILE,XSHOOTER_GEN_AFC_UVB_248_0002.fits,2
ORIGFILE,XSHOOTER_GEN_AFC_VIS_248_0002.fits,2
ORIGFILE,XSHOOTER_GEN_AFC_NIR_248_0002.fits,2
ORIGFILE,XSHOOTER_GEN_AFC_UVB_249_0001.fits,2
ORIGFILE,XSHOOTER_GEN_AFC_NIR_249_0001.fits,2
ORIGFILE,XSHOOTER_GEN_AFC_VIS_249_0001.fits,2
ORIGFILE,XSHOOTER_GEN_AFC_UVB_249_0002.fits,2
ORIGFILE,XSHOOTER_GEN_AFC_VIS_249_0002.fits,2
ORIGFILE,XSHOOTER_GEN_AFC_NIR_249_0002.fits,2
ORIGFILE,XSHOOTER_IFU_FLAT_UVB_249_0001.fits,2
ORIGFILE,XSHOOTER_IFU_FLAT_UVB_249_0002.fits,2
ORIGFILE,XSHOOTER_IFU_FLAT_VIS_249_0001.fits,2
ORIGFILE,XSHOOTER_IFU_FLAT_NIR_249_0001.fits,2
ORIGFILE,XSHOOTER_IFU_FLAT_NIR_249_0002.fits,2
ORIGFILE,XSHOOTER_GEN_AFC_UVB_250_0001.fits,2
ORIGFILE,XSHOOTER_GEN_AFC_NIR_250_0001.fits,2
ORIGFILE,XSHOOTER_GEN_AFC_VIS_250_0001.fits,2
ORIGFILE,XSHOOTER_GEN_AFC_UVB_250_0002.fits,2
ORIGFILE,XSHOOTER_GEN_AFC_NIR_250_0002.fits,2
ORIGFILE,XSHOOTER_GEN_AFC_VIS_250_0002.fits,2
ORIGFILE,XSHOOTER_GEN_AFC_UVB_250_0003.fits,2
ORIGFILE,XSHOOTER_GEN_AFC_NIR_250_0003.fits,2
ORIGFILE,XSHOOTER_GEN_AFC_VIS_250_0003.fits,2
ORIGFILE,XSHOOTER_IFU_FLAT_UVB_250_0001.fits,2
ORIGFILE,XSHOOTER_IFU_FLAT_UVB_250_0002.fits,2
ORIGFILE,XSHOOTER_IFU_FLAT_VIS_250_0001.fits,2
ORIGFILE,XSHOOTER_IFU_FLAT_NIR_250_0001.fits,2
ORIGFILE,XSHOOTER_IFU_FLAT_NIR_250_0002.fits,2
ORIGFILE,XSHOOTER_GEN_AFC_UVB_251_0001.fits,2
ORIGFILE,XSHOOTER_GEN_AFC_NIR_251_0001.fits,2
ORIGFILE,XSHOOTER_GEN_AFC_VIS_251_0001.fits,2
ORIGFILE,XSHOOTER_GEN_AFC_UVB_251_0002.fits,2
ORIGFILE,XSHOOTER_GEN_AFC_NIR_251_0002.fits,2
ORIGFILE,XSHOOTER_GEN_AFC_VIS_251_0002.fits,2
ORIGFILE,XSHOOTER_IFU_FLAT_UVB_251_0001.fits,2
ORIGFILE,XSHOOTER_IFU_FLAT_UVB_251_0002.fits,2
ORIGFILE,XSHOOTER_IFU_FLAT_VIS_251_0001.fits,2
ORIGFILE,XSHOOTER_IFU_FLAT_NIR_251_0001.fits,2
ORIGFILE,XSHOOTER_IFU_FLAT_NIR_251_0002.fits,2
ORIGFILE,XSHOOTER_GEN_AFC_UVB_252_0001.fits,2
ORIGFILE,XSHOOTER_GEN_AFC_NIR_252_0001.fits,2
ORIGFILE,XSHOOTER_GEN_AFC_VIS_252_0001.fits,2
ORIGFILE,XSHOOTER_GEN_AFC_UVB_252_0002.fits,2
ORIGFILE,XSHOOTER_GEN_AFC_NIR_252_0002.fits,2
ORIGFILE,XSHOOTER_GEN_AFC_VIS_252_0002.fits,2
ORIGFILE,XSHOOTER_IFU_FLAT_UVB_252_0001.fits,2
ORIGFILE,XSHOOTER_IFU_FLAT_UVB_252_0002.fits,2
ORIGFILE,XSHOOTER_IFU_FLAT_VIS_252_0001.fits,2
ORIGFILE,XSHOOTER_IFU_FLAT_NIR_252_0001.fits,2
ORIGFILE,XSHOOTER_IFU_FLAT_NIR_252_0002.fits,2
ESO DPR TYPE,"LAMP,DORDERDEF",3
ESO DPR TYPE,"LAMP,QORDERDEF",3
ESO OCS DET1 IMGNAME,XSHOOTER_SLT_FCK_UVB_,3
ESO OCS DET1 IMGNAME,XSHOOTER_SLT_WAVE_UVB_,3
ESO OCS DET2 IMGNAME,XSHOOTER_SLT_FCK_VIS_,3
ESO OCS DET2 IMGNAME,XSHOOTER_SLT_ODEF_VIS_,3
ESO OCS DET2 IMGNAME,XSHOOTER_SLT_WAVE_VIS_,3
ESO TPL ID,XSHOOTER_slt_cal_VISLampFlatSinglePinhole,3
ESO TPL PRESEQ,XSHOOTER_slt_cal_VISLampFlatSinglePinhole.seq,3
ESO TPL START,2026-09-04T10:41:50,3
ESO TPL START,2026-09-06T10:38:07,3
ESO TPL START,2026-09-06T11:15:10,3
ESO TPL START,2026-09-09T10:48:28,3
ESO TPL START,2026-09-09T10:58:54,3
ESO TPL START,2026-09-09T11:01:46,3
ESO TPL START,2026-09-09T10:40:31,3
ESO TPL START,2026-09-09T10:33:44,3
ESO TPL START,2026-09-06T11:16:16,3
ESO TPL START,2026-09-06T10:44:46,3
ESO TPL START,2026-09-04T13:00:07,3
ESO TPL START,2026-09-05T10:28:54,3
ESO TPL START,2026-09-05T10:44:52,3
ESO TPL START,2026-09-05T10:31:55,3
ESO TPL START,2026-09-04T10:43:16,3
ESO TPL START,2026-09-04T10:42:37,3
ESO TPL START,2026-09-04T11:44:16,3
ESO TPL START,2026-09-04T12:14:40,3
OBJECT,"LAMP,DORDERDEF",3
OBJECT,"LAMP,QORDERDEF",3
ESO DPR TYPE,"BIAS,LINEARITY,DETCHAR",5
ESO OCS DET1 IMGNAME,XSHOOTER_SLT_ARC_UVB_,5
ESO OCS DET2 IMGNAME,XSHOOTER_SLT_ARC_VIS_,5
ESO TPL START,2026-09-09T12:03:28,5
ESO TPL START,2026-09-09T11:47:05,5
ESO TPL START,2026-09-07T11:19:37,5
ESO TPL START,2026-09-06T12:03:17,5
ESO TPL START,2026-09-09T12:22:28,5
ESO TPL START,2026-09-06T12:36:46,5
ESO TPL START,2026-09-06T12:13:15,5
ESO TPL START,2026-09-05T12:01:47,5
ESO TPL START,2026-09-05T11:59:34,5
ESO TPL START,2026-09-05T12:39:27,5
ESO TPL START,2026-09-04T16:18:59,5
ESO TPL START,2026-09-04T15:52:03,5
ESO TPL START,2026-09-08T09:22:44,5
ESO TPL START,2026-09-09T12:09:41,5
ESO TPL START,2026-09-04T16:50:35,5
ESO TPL START,2026-09-04T14:36:29,5
ESO TPL START,2026-09-04T14:02:52,5
ESO TPL START,2026-09-04T13:40:32,5
ESO TPL START,2026-09-04T14:50:15,5
ESO TPL START,2026-09-04T14:21:45,5
ESO TPL START,2026-09-05T11:44:29,5
ESO TPL START,2026-09-04T15:31:30,5
OBJECT,"BIAS,LINEARITY,DETCHAR",5
ESO INS OPTI5 ID,PS11,6
ESO INS OPTI5 NAME,Pin_row,6
ESO OBS START,2026-09-04T23:52:21,6
ESO OBS START,2026-09-04T17:12:07,6
ESO OBS START,2026-09-05T16:23:39,6
ESO OBS START,2026-09-06T13:50:01,6
ESO OBS START,2026-09-09T15:45:03,6
ESO OCS DET1 IMGNAME,XSHOOTER_SLT_ODEF_UVB_,6
ESO OCS DET3 IMGNAME,XSHOOTER_SLT_FCK_NIR_,6
ESO OCS DET3 IMGNAME,XSHOOTER_SLT_ODEF_NIR_,6
ESO OCS DET3 IMGNAME,XSHOOTER_SLT_WAVE_NIR_,6
ESO TPL ID,XSHOOTER_slt_cal_NIRArcsSinglePinhole,6
ESO TPL ID,XSHOOTER_slt_cal_UVBVisArcsMultiplePinhole,6
ESO TPL ID,XSHOOTER_slt_cal_NIRLampFlatSinglePinhole,6
ESO TPL ID,XSHOOTER_slt_cal_UVBLampFlatSinglePinhole,6
ESO TPL ID,XSHOOTER_slt_cal_NIRArcsMultiplePinhole,6
ESO TPL ID,XSHOOTER_slt_cal_UVBVisArcsSinglePinhole,6
ESO TPL ID,XSHOOTER_slt_AFC,6
ESO TPL PRESEQ,XSHOOTER_slt_cal_UVBLampFlatSinglePinhole.seq,6
ESO TPL PRESEQ,XSHOOTER_slt_cal_NIRArcsSinglePinhole.seq,6
ESO TPL PRESEQ,XSHOOTER_slt_cal_UVBVisArcsSinglePinhole.seq,6
ESO TPL PRESEQ,XSHOOTER_slt_cal_NIRLampFlatSinglePinhole.seq,6
ESO TPL PRESEQ,XSHOOTER_slt_cal_NIRArcsMultiplePinhole.seq,6
ESO TPL PRESEQ,XSHOOTER_slt_cal_UVBVisArcsMultiplePinhole.seq,6
ESO TPL START,2026-09-04T17:12:07,6
ESO TPL START,2026-09-05T07:06:31,6
ESO TPL START,2026-09-04T23:52:21,6
ESO TPL START,2026-09-04T20:20:24,6
ESO TPL START,2026-09-08T20:31:39,6
ESO TPL START,2026-09-06T19:34:34,6
ESO TPL START,2026-09-06T13:50:02,6
ESO TPL START,2026-09-09T15:45:03,6
ESO TPL START,2026-09-09T19:32:59,6
ESO TPL START,2026-09-09T05:46:40,6
ESO TPL START,2026-09-08T08:57:39,6
ESO TPL START,2026-09-05T20:42:49,6
ESO TPL START,2026-09-05T16:23:39,6
ESO TPL START,2026-09-06T04:21:00,6
ESO TPL START,2026-09-05T23:17:09,6
ESO TPL VERSION,$Revision: 227497 $,6
ESO TPL VERSION,$Revision: 412820 $,6
ESO DPR TECH,"ECHELLE,MULTI-PINHOLE",9
ESO DPR TYPE,"LAMP,ORDERDEF",9
ESO OBS PROG ID,117.2AMR.001,9
ESO OBS PROG ID,117.29VD.001,9
ESO OBS PROG ID,117.2ADK.001,9
ESO OBS PROG ID,116.28T9.001,9
ESO OBS PROG ID,116.293P.001,9
ESO OBS PROG ID,117.2AV4.001,9
ESO OBS PROG ID,115.27XT.011,9
ESO OBS START,2026-09-05T07:31:45,9
ESO OBS START,2026-09-04T03:12:49,9
ESO OBS START,2026-09-04T04:34:02,9
ESO OBS START,2026-09-04T04:11:57,9
ESO OBS START,2026-09-04T02:40:35,9
ESO OBS START,2026-09-04T01:39:50,9
ESO OBS START,2026-09-05T07:17:14,9
ESO OBS START,2026-09-05T07:38:53,9
ESO OBS START,2026-09-05T08:38:09,9
ESO OBS START,2026-09-09T09:04:38,9
ESO OBS START,2026-09-09T08:05:24,9
ESO OBS START,2026-09-05T08:49:24,9
ESO OBS START,2026-09-05T09:00:21,9
ESO OBS START,2026-09-06T06:04:42,9
ESO OBS START,2026-09-06T05:05:58,9
ESO OBS START,2026-09-06T07:49:14,9
ESO OBS START,2026-09-06T08:59:29,9
ESO OBS START,2026-09-09T09:19:29,9
ESO OBS START,2026-09-09T07:02:08,9
ESO OBS START,2026-09-09T05:56:54,9
ESO TPL START,2026-09-04T03:12:49,9
ESO TPL START,2026-09-05T07:17:14,9
ESO TPL START,2026-09-05T08:38:09,9
ESO TPL START,2026-09-05T08:49:24,9
ESO TPL START,2026-09-04T13:10:35,9
ESO TPL START,2026-09-04T04:11:58,9
ESO TPL START,2026-09-04T04:34:02,9
ESO TPL START,2026-09-05T07:38:53,9
ESO TPL START,2026-09-05T07:31:45,9
ESO TPL START,2026-09-06T03:30:15,9
ESO TPL START,2026-09-07T10:42:19,9
ESO TPL START,2026-09-09T11:02:51,9
ESO TPL START,2026-09-06T07:49:14,9
ESO TPL START,2026-09-09T09:04:38,9
ESO TPL START,2026-09-09T05:40:10,9
ESO TPL START,2026-09-09T09:19:29,9
ESO TPL START,2026-09-09T08:05:24,9
ESO TPL START,2026-09-09T07:02:08,9
ESO TPL START,2026-09-09T05:56:54,9
ESO TPL START,2026-09-06T05:05:58,9
ESO TPL START,2026-09-05T06:59:54,9
ESO TPL START,2026-09-05T09:00:21,9
ESO TPL START,2026-09-05T11:00:17,9
ESO TPL START,2026-09-06T08:59:29,9
ESO TPL START,2026-09-06T06:04:42,9
ESO TPL START,2026-09-04T01:39:50,9
ESO TPL START,2026-09-04T02:40:35,9
ESO TPL START,2026-09-06T11:40:39,9
ESO TPL START,2026-09-05T23:08:33,9
ESO TPL START,2026-09-07T19:48:56,9
OBJECT,"LAMP,ORDERDEF",9
ESO INS FILT1 ID,PS8,10
ESO INS FILT1 ID,PS1,10
ESO INS FILT1 ID,PS10,10
ESO INS FILT1 ID,PS11,10
ESO INS FILT1 NAME,B,10
ESO INS FILT1 NAME,u_prime,10
ESO INS FILT1 NAME,i_prime,10
ESO INS FILT1 NAME,I,10
ESO TPL ID,XSHOOTER_slt_cal_UVBVisArcs,10
ESO TPL PRESEQ,XSHOOTER_cal_UVBVisArcs.seq,10
ESO TPL START,2026-09-04T14:08:07,10
ESO TPL START,2026-09-04T10:04:33,10
ESO TPL START,2026-09-04T16:01:33,10
ESO TPL START,2026-09-05T11:26:19,10
ESO TPL START,2026-09-05T11:42:30,10
ESO TPL START,2026-09-05T11:53:14,10
ESO TPL START,2026-09-04T13:47:44,10
ESO TPL START,2026-09-04T13:51:35,10
ESO TPL START,2026-09-04T14:26:34,10
ESO TPL START,2026-09-04T14:40:48,10
ESO TPL START,2026-09-04T13:26:56,10
ESO TPL START,2026-09-04T14:11:14,10
ESO TPL START,2026-09-04T16:35:18,10
ESO TPL START,2026-09-04T16:24:06,10
ESO TPL START,2026-09-05T22:53:55,10
ESO TPL START,2026-09-05T22:45:15,10
ESO TPL START,2026-09-04T13:21:40,10
ESO TPL START,2026-09-04T15:16:52,10
ESO TPL START,2026-09-05T22:55:48,10
ESO TPL START,2026-09-06T12:41:23,10
ESO TPL START,2026-09-05T22:57:31,10
ESO TPL START,2026-09-06T10:00:47,10
ESO TPL START,2026-09-06T12:08:31,10
ESO TPL START,2026-09-06T12:20:22,10
ESO TPL START,2026-09-06T12:26:25,10
ESO TPL START,2026-09-06T11:51:45,10
ESO TPL START,2026-09-08T09:08:24,10
ESO TPL START,2026-09-08T09:30:02,10
ESO TPL START,2026-09-09T09:56:34,10
ESO TPL START,2026-09-07T10:05:09,10
ESO TPL START,2026-09-07T11:28:42,10
ESO TPL START,2026-09-07T11:08:20,10
ESO TPL START,2026-09-07T11:24:51,10
ESO TPL START,2026-09-06T12:44:29,10
ESO TPL START,2026-09-05T22:54:52,10
ESO TPL START,2026-09-05T22:56:40,10
ESO TPL START,2026-09-05T22:59:18,10
ESO TPL START,2026-09-05T22:58:27,10
ESO TPL START,2026-09-05T12:29:32,10
ESO TPL START,2026-09-05T12:43:39,10
ESO TPL START,2026-09-05T12:11:19,10
ESO TPL START,2026-09-05T09:51:31,10
ESO TPL START,2026-09-04T15:23:26,10
ESO TPL START,2026-09-09T11:30:53,10
ESO TPL START,2026-09-09T11:28:58,10
ESO TPL START,2026-09-09T11:55:41,10
ESO TPL START,2026-09-09T12:19:25,10
ESO TPL START,2026-09-09T12:13:03,10
ESO TPL START,2026-09-09T12:06:55,10
ESO TPL START,2026-09-08T08:20:35,10
ESO TPL START,2026-09-04T15:20:26,10
ESO TPL START,2026-09-04T16:41:26,10
ESO TPL START,2026-09-05T22:44:23,10
ESO TPL START,2026-09-05T22:43:31,10
ESO TPL START,2026-09-04T15:34:49,10
ESO OBS START,2026-09-08T20:31:39,11
ESO OBS START,2026-09-09T19:32:59,11
ESO OBS START,2026-09-06T19:34:34,11
ESO OBS START,2026-09-04T20:20:24,11
ESO OBS START,2026-09-05T20:42:48,11
ESO TPL START,2026-09-06T07:58:28,11
ESO DPR TYPE,"LAMP,FMTCHK",12
ESO OCS DET1 IMGNAME,XSHOOTER_SLT_OBJ_UVB_,12
ESO OCS DET2 IMGNAME,XSHOOTER_IFU_FLAT_VIS_,12
ESO OCS DET2 IMGNAME,XSHOOTER_SLT_OBJ_VIS_,12
ESO OCS DET3 IMGNAME,XSHOOTER_SLT_OBJ_NIR_,12
ESO OCS DET3 IMGNAME,XSHOOTER_SLT_ARC_NIR_,12
ESO TPL ID,XSHOOTER_ifu_cal_VISLampFlat,12
ESO TPL ID,XSHOOTER_slt_cal_NIRArcs,12
ESO TPL PRESEQ,XSHOOTER_cal_NIRArcs.seq,12
OBJECT,"LAMP,FMTCHK",12
ESO OBS START,2026-09-07T19:48:56,14
ESO OBS PROG ID,117.2A26.002,15
ESO OBS START,2026-09-05T06:59:54,15
ESO OBS START,2026-09-05T23:08:33,15
ESO OBS START,2026-09-09T05:40:10,15
ESO OBS START,2026-09-06T03:30:14,15
ESO OCS DET1 IMGNAME,XSHOOTER_GEN_DARK_UVB_,15
ESO OCS DET2 IMGNAME,XSHOOTER_GEN_DARK_VIS_,15
ESO DPR CATG,SCIENCE,18
ESO DPR TYPE,"STD,FLUX",18
ESO INS OPTI2 ID,PEL,18
ESO INS OPTI2 NAME,PEL,18
ESO OBS CONTAINER TYPE,C,18
ESO OBS PROG ID,117.2AZZ.001,18
ESO TPL ID,XSHOOTER_slt_cal_SpecphotNodding,18
ESO TPL ID,XSHOOTER_slt_obs_AutoNodOnSlit,18
ESO TPL NAME,XSHOOTER Specphot observations with AutoNodOnSl,18
ESO TPL NAME,XSHOOTER observations with AutoNodOnSlit offset,18
ESO TPL START,2026-09-06T08:04:26,18
OBJECT,"STD,FLUX",18
OBJECT,EUCLJ0353-4950,18
ESO DPR TYPE,OBJECT,20
ESO DPR TECH,"ECHELLE,PINHOLE",21
ESO INS LAMP1 ID,SPL1,22
ESO INS LAMP1 NAME,ThAr_Lamp,22
ESO INS OPTI3 ID,PS4,22
ESO INS OPTI3 NAME,Pin_row,22
ESO INS OPTI5 ID,PS12,22
ESO INS OPTI5 ID,PS7,22
ESO INS OPTI5 ID,PS5,22
ESO INS OPTI5 NAME,0.6x11,22
ESO INS OPTI5 NAME,0.6x11JH,22
ESO INS OPTI5 NAME,1.2x11,22
ESO INS OPTI5 ID,PS4,24
ESO INS OPTI5 NAME,1.0x12.6,24
ESO OCS DET1 IMGNAME,XSHOOTER_IFU_FLAT_UVB_,24
ESO OCS DET3 IMGNAME,XSHOOTER_IFU_FLAT_NIR_,24
ESO TPL ID,XSHOOTER_ifu_cal_UVBLampFlat,24
ESO TPL ID,XSHOOTER_ifu_cal_NIRLampFlat,24
ESO OBS PROG ID,117.29J7.001,27
ESO INS FILT1 ID,PS2,28
ESO INS FILT1 NAME,g_prime,28
ESO OBS PROG ID,117.2A29.002,29
ESO OBS START,2026-09-06T07:58:28,29
ESO DET EXP TYPE,Dark,30
ESO DET FRAM TYPE,Dark,30
ESO DPR TYPE,"BIAS,DETCHECK",30
ESO OCS DET1 IMGNAME,XSHOOTER_GEN_AFC_UVB_,30
ESO OCS DET2 IMGNAME,XSHOOTER_GEN_AFC_VIS_,30
ESO OCS DET3 IMGNAME,XSHOOTER_GEN_AFC_NIR_,30
ESO OCS DET4 IMGNAME,XSHOOTER_IMG_DETLIN_,30
ESO TPL ID,XSHOOTER_gen_cal_DarkUVBVis,30
ESO TPL PRESEQ,XSHOOTER_gen_cal_DarkUVBVis.seq,30
OBJECT,"BIAS,DETCHECK",30
ESO INS OPTI5 ID,PS10,32
ESO INS OPTI5 ID,PS3,32
ESO INS OPTI5 NAME,0.4x11,32
ESO INS OPTI5 NAME,0.9x11,32
ESO TEL DOME STATUS,VIGNETTED,33
ESO DPR TYPE,"LAMP,WAVE",34
ESO INS FILT1 ID,PS3,34
ESO INS FILT1 NAME,r_prime,34
OBJECT,"LAMP,WAVE",34
ESO OBS START,2026-09-05T12:54:02,35
ESO TPL ID,XSHOOTER_img_cal_DetLin,35
ESO TPL PRESEQ,XSHOOTER_img_cal_DetLin.seq,35
ESO TPL START,2026-09-05T12:54:03,35
ESO TPL VERSION,$Revision: 250324 $,35
ESO DPR TECH,"ECHELLE,SLIT,NODDING",36
ESO OBS AMBI TRANS,4THK,36
ESO OBS PROG ID,117.2A9F.001,36
ESO OBS PROG ID,117.2AET.002,36
ESO TPL PRESEQ,XSHOOTER_obs_AutoNodOnSlit.seq,36
ESO TPL VERSION,$Revision: 413099 $,36
ESO OBS START,2026-09-07T23:24:59,37
ESO OBS START,2026-09-08T01:32:44,37
ESO OBS START,2026-09-08T00:31:55,37
ESO OBS START,2026-09-08T01:16:48,37
ESO OBS START,2026-09-08T03:06:43,37
ESO OBS START,2026-09-08T03:25:44,37
ESO TPL START,2026-09-08T00:31:56,37
ESO TPL START,2026-09-08T01:16:48,37
ESO TPL START,2026-09-07T23:25:00,37
ESO TPL START,2026-09-08T03:06:44,37
ESO TPL START,2026-09-08T01:32:44,37
ESO TPL START,2026-09-08T03:25:45,37
ESO INS OPTI5 ID,PS9,40
ESO INS OPTI5 NAME,0.9x11JH,40
ESO DPR TECH,"ECHELLE,IFU",48
ESO INS MIRR1 ID,Tel,48
ESO INS MIRR1 NAME,Tel,48
ESO OBS CONTAINER TYPE,G,56
ESO TPL ID,XSHOOTER_gen_cal_DarkNIR,56
ESO TPL NAME,DarkNIR,56
ESO TPL PRESEQ,XSHOOTER_gen_cal_DarkNIR.seq,56
ESO TPL VERSION,$Revision: 212182 $,56
ESO INS OPTI3 ID,PS8,58
ESO INS OPTI3 NAME,1.6x11,58
ESO INS MODE,IFUSPEC,60
ESO INS OPTI2 ID,IFU,60
ESO INS OPTI2 NAME,IFU,60
ESO INS PATH,IFUSPEC,60
ESO TEL MOON PHASE,New Moon,60
ESO TPL ID,XSHOOTER_img_cal_Dark,60
ESO TPL NAME,Attached/Stand-alone Calibration Template,60
ESO TPL PRESEQ,XSHOOTER_img_cal_Dark.seq,60
ESO TPL VERSION,$Revision: 255950 $,60
ESO TPL VERSION,$Revision: 365357 $,60
ESO INS OPTI4 ID,PS4,62
ESO INS OPTI4 NAME,Pin_row,62
ESO INS OPTI4 ID,PS8,63
ESO INS OPTI4 NAME,1.5x11,63
ESO TPL START,2026-09-04T10:05:28,63
ESO TPL START,2026-09-05T09:52:26,63
ESO TPL START,2026-09-09T09:57:29,63
ESO TPL START,2026-09-07T10:05:55,63
ESO TPL START,2026-09-06T10:01:40,63
ESO TPL START,2026-09-08T08:21:20,63
ESO OCS DET4 IMGNAME,XSHOOTER_IMG_BIAS_,65
ESO OBS PROG ID,60.A-9022(C),69
ESO OBS CONTAINER TYPE,T,72
ESO OCS DET3 IMGNAME,XSHOOTER_GEN_DARK_NIR_,74
ESO OCS DET1 IMGNAME,XSHOOTER_SLT_AFC_UVB_,77
ESO OCS DET2 IMGNAME,XSHOOTER_SLT_AFC_VIS_,77
ESO OCS DET3 IMGNAME,XSHOOTER_SLT_AFC_NIR_,77
ESO DET READ CLOCK,100k/1pt/hg/2x2,80
ESO INS FILT1 ID,PS9,82
ESO INS FILT1 NAME,V,82
ESO TPL ID,XSHOOTER_gen_cal_AFC,90
ESO TPL VERSION,$Revision: 260688 $,90
ESO TPL NAME,XSHOOTER AFC observations,96
ESO TPL PRESEQ,XSHOOTER_gen_cal_AFC.seq,96
ESO ADA GUID STATUS,OFF,98
ESO DPR TYPE,"FLAT,SKY",100
ESO INS OPTI4 ID,PS2,100
ESO INS OPTI4 NAME,1.2x11,100
ESO OBS START,2026-09-05T22:42:29,100
ESO OCS DET4 IMGNAME,XSHOOTER_IMG_FLAT_,100
ESO TPL ID,XSHOOTER_img_cal_Flat,100
ESO TPL NAME,Attached Calibration Template,100
ESO TPL PRESEQ,XSHOOTER_img_cal_Flat.seq,100
ESO TPL VERSION,$Revision: 347285 $,100
OBJECT,"FLAT,SKY",100
ESO DET READ CLOCK,100k/1pt/hg/1x2,102
ESO DPR TYPE,DARK,104
ESO INS FILT1 ID,PS12,104
ESO INS FILT1 NAME,z_prime,104
OBJECT,DARK,104
ESO OCS DET2 IMGNAME,XSHOOTER_SLT_FLAT_VIS_,110
ESO TPL ID,XSHOOTER_slt_cal_VISLampFlat,110
ESO OCS DET1 IMGNAME,XSHOOTER_GEN_FLAT_UVB_,111
ESO OCS DET2 IMGNAME,XSHOOTER_GEN_FLAT_VIS_,111
ESO TPL ID,XSHOOTER_gen_tec_VISCCDLin,111
ESO TPL ID,XSHOOTER_gen_tec_UVBCCDLin,111
ESO TPL PRESEQ,XSHOOTER_gen_tec_VISCCDLin.seq,111
ESO TPL PRESEQ,XSHOOTER_gen_tec_UVBCCDLin.seq,111
ESO OBS START,2026-09-08T08:20:35,113
ESO INS OPTI3 ID,PS2,115
ESO INS OPTI3 NAME,1.3x11,115
ESO TPL PRESEQ,XSHOOTER_cal_VISLampFlat.seq,122
ESO INS LAMP5 ID,FFL3,125
ESO INS LAMP5 NAME,VIS_FF_lamp,125
ESO INS LAMP6 ID,FFL4,125
ESO INS LAMP6 NAME,NIR_FF_lamp,125
ESO INS OPTI5 ID,PS1,126
ESO INS OPTI5 NAME,Pin_0.5,126
ESO DPR TYPE,"LAMP,QFLAT",127
ESO DPR TYPE,"LAMP,DFLAT",127
OBJECT,"LAMP,QFLAT",127
OBJECT,"LAMP,DFLAT",127
ESO INS FILT1 ID,PS6,129
ESO INS FILT1 NAME,R,129
ESO INS LAMP3 ID,FFL1,130
ESO INS LAMP3 NAME,UVB_Low_D2,130
ESO INS LAMP4 ID,FFL2,130
ESO INS LAMP4 NAME,UVB_High,130
ESO OBS AMBI TRANS,3THN,132
ESO DET READ CLOCK,400k/1pt/lg/1x2,134
ESO INS OPTI3 ID,PS5,141
ESO INS OPTI3 NAME,Pin_0.5,141
ESO INS OPTI4 ID,PS5,141
ESO INS OPTI4 NAME,Pin_0.5,141
ESO OBS START,2026-09-07T10:05:08,141
ESO INS OPTI3 ID,PS6,146
ESO INS OPTI3 NAME,0.5x11,146
ESO INS MIRR1 ID,ThAr_D2,152
ESO INS MIRR1 NAME,ThAr_D2,152
ESO OCS DET3 IMGNAME,XSHOOTER_SLT_FLAT_NIR_,160
ESO TPL ID,XSHOOTER_slt_cal_NIRLampFlat,160
ESO INS OPTI4 ID,PS3,163
ESO INS OPTI4 NAME,0.7x11,163
ESO ADA GUID STATUS,ON,171
ESO OBS START,2026-09-06T10:00:46,180
ESO OCS DET1 IMGNAME,XSHOOTER_GEN_BIAS_UVB_,180
ESO OCS DET2 IMGNAME,XSHOOTER_GEN_BIAS_VIS_,180
ESO TPL PRESEQ,XSHOOTER_cal_NIRLampFlat.seq,184
ESO DET READ CLOCK,400k/1pt/lg/2x2,190
ESO DET EXP TYPE,Led,192
ESO DET FRAM TYPE,Led,192
ESO OBS START,2026-09-05T09:51:30,193
ESO OBS START,2026-09-09T09:56:33,195
ESO DET CHIP1 ID,CCD57-10IE,197
ESO DET CHIP1 NAME,E2V57IE,197
ESO DET DATE,2026-04-03T19:14:17.000,197
ESO DET DID,ESO-VLT-XSHOOT_C - Rev 349158,197
ESO DET ID,CCD ACE - Rev 391107,197
ESO DET NAME,shtccd - E2V CCD5,197
ESO DET OUT1 NAME,L,197
ESO DET READ CLOCK,acetecE2V57I_ENG.clk,197
ESO DET READ SPEED,fast,197
ESO INS MODE,IMAG,197
ESO INS PATH,IMAG,197
ESO OCS ARM,AGCCD,197
ESO SEQ ARM,AGC,197
ESO OBS AMBI TRANS,2CLR,201
ESO TEL MOON PHASE,Last Quarter,209
ESO DET READ CLOCK,400k/1pt/lg/AFC,214
ESO DET READ SPEED,1pt/400k/lg/AFC,214
ESO INS OPTI3 ID,PS3,220
ESO INS OPTI3 NAME,0.8x11,220
ESO DPR TYPE,"FLAT,LINEARITY,DETCHAR",222
ESO TPL VERSION,$Revision: 192763 $,222
OBJECT,"FLAT,LINEARITY,DETCHAR",222
ESO TPL ID,XSHOOTER_slt_acq,227
ESO TPL NAME,XSHOOTER acquisition,227
ESO TPL PRESEQ,XSHOOTER_acq.seq,227
ESO TPL VERSION,$Revision: 364961 $,227
ESO OCS DET1 IMGNAME,XSHOOTER_SLT_FLAT_UVB_,230
ESO TPL ID,XSHOOTER_slt_cal_UVBLampFlat,230
ESO DET READ CLOCK,100k/1pt/hg,233
ESO TEL DOME STATUS,FULLY-OPEN,236
ESO INS OPTI4 ID,PS7,239
ESO INS OPTI4 NAME,0.9x11,239
ESO INS OPTI4 ID,PS6,247
ESO INS OPTI4 NAME,0.4x11,247
ESO INS OPTI5 ID,PS2,247
ESO INS OPTI5 NAME,5.0x11,247
ESO TPL PRESEQ,XSHOOTER_cal_UVBLampFlat.seq,254
ESO TPL NAME,Technical Template,257
ESO ADA ABSROT PPOS,POS,269
ESO TEL DATE,2000-01-01T00:00:00,269
ESO TEL DID,ESO-VLT-DIC.TCS,269
ESO TEL FOCU ID,CA,269
ESO TEL ID,v 414021,269
ESO TEL OPER,"I, Condor",269
ESO TEL TARG COORDTYPE,M,269
ESO TEL TARG EPOCHSYSTEM,J,269
ESO TEL TRAK STATUS,NORMAL,269
RADECSYS,FK5,269
TELESCOP,ESO-VLT-U3,269
ESO INS OPTI3 ID,PS1,282
ESO INS OPTI3 NAME,5.0x11,282
ESO INS OPTI4 ID,PS1,296
ESO INS OPTI4 NAME,5.0x11,296
ESO DET READ CLOCK,400k/1pt/lg,304
ESO DPR TYPE,"LAMP,FLAT",306
OBJECT,"LAMP,FLAT",306
ESO OBS START,2026-09-04T10:04:32,314
ESO DPR TECH,ECHELLE,321
ESO DPR TYPE,"LAMP,AFC",321
OBJECT,"LAMP,AFC",321
ESO INS LAMP2 ID,SPL2,333
ESO INS LAMP2 NAME,ArHgNeXe_Lamp,333
ESO INS OPTI3 ID,PS7,333
ESO INS OPTI3 NAME,1.0x11,333
ESO OBS AOMODE,NO_AO,369
ESO TPL ID,XSHOOTER_gen_cal_BiasDark,378
ESO TPL PRESEQ,XSHOOTER_gen_cal_BiasDark.seq,378
ESO TPL VERSION,$Revision: 387257 $,378
ESO INS TILT1 MODE,AUTO,384
ESO INS TILT2 MODE,AUTO,384
ESO INS TILT3 MODE,AUTO,384
ESO DET CHIP ID,ESO-Hawaii2RG,407
ESO DET CHIP NAME,Hawaii2RG,407
ESO DET CHIP TYPE,IR,407
ESO DET CON OPMODE,NORMAL,407
ESO DET DID,ESO-VLT-DIC.IRACE-1.48,407
ESO DET FRAM TYPE,INT,407
ESO DET IRACE ADC1 NAME,ADC-RG,407
ESO DET IRACE ADC2 NAME,ADC-RG,407
ESO DET NCORRS NAME,NonDest,407
ESO DET VOLT1 CLKHINM1,clk1Hi FSYNCB,407
ESO DET VOLT1 CLKHINM10,clk10Hi MODECTRL1,407
ESO DET VOLT1 CLKHINM11,clk11Hi MODECTRL2,407
ESO DET VOLT1 CLKHINM12,clock12Hi HORIWMEN,407
ESO DET VOLT1 CLKHINM13,clock13Hi VERTWMEN,407
ESO DET VOLT1 CLKHINM14,clock14Hi CSB,407
ESO DET VOLT1 CLKHINM15,clock15Hi DATACLK,407
ESO DET VOLT1 CLKHINM16,clock16Hi DATAIN,407
ESO DET VOLT1 CLKHINM2,clk2Hi VCLK,407
ESO DET VOLT1 CLKHINM3,clk3Hi LSYNCB,407
ESO DET VOLT1 CLKHINM4,clk4Hi HCLK,407
ESO DET VOLT1 CLKHINM5,clk5Hi READEN,407
ESO DET VOLT1 CLKHINM6,clk6Hi RESETEN,407
ESO DET VOLT1 CLKHINM7,clk7Hi MAINRESETB,407
ESO DET VOLT1 CLKHINM8,clk8Hi BUFDISABLE,407
ESO DET VOLT1 CLKHINM9,clk9Hi FASTENPAD,407
ESO DET VOLT1 CLKLONM1,clk1Lo FSYNCB,407
ESO DET VOLT1 CLKLONM10,clk10Lo MODECTRL1,407
ESO DET VOLT1 CLKLONM11,clk11Lo MODECTRL2,407
ESO DET VOLT1 CLKLONM12,clock12Lo HORIWMEN,407
ESO DET VOLT1 CLKLONM13,clock13Lo VERTWMEN,407
ESO DET VOLT1 CLKLONM14,clock14Lo CSB,407
ESO DET VOLT1 CLKLONM15,clock15Lo DATACLK,407
ESO DET VOLT1 CLKLONM16,clock16Lo DATAIN,407
ESO DET VOLT1 CLKLONM2,clk2Lo VCLK,407
ESO DET VOLT1 CLKLONM3,clk3Lo LSYNCB,407
ESO DET VOLT1 CLKLONM4,clk4Lo HCLK,407
ESO DET VOLT1 CLKLONM5,clk5Lo READEN,407
ESO DET VOLT1 CLKLONM6,clk6Lo RESETEN,407
ESO DET VOLT1 CLKLONM7,clk7Lo MAINRESETB,407
ESO DET VOLT1 CLKLONM8,clk8Lo BUFDISABLE,407
ESO DET VOLT1 CLKLONM9,clk9Lo FASTENPAD,407
ESO DET VOLT1 DCNM1,DC1 VDD,407
ESO DET VOLT1 DCNM10,DC10,407
ESO DET VOLT1 DCNM11,DC11,407
ESO DET VOLT1 DCNM12,DC12,407
ESO DET VOLT1 DCNM13,DC13,407
ESO DET VOLT1 DCNM14,DC14,407
ESO DET VOLT1 DCNM15,DC15,407
ESO DET VOLT1 DCNM2,DC2 VDDA,407
ESO DET VOLT1 DCNM3,DC3 VBIASPOWER,407
ESO DET VOLT1 DCNM4,DC4 DSUB,407
ESO DET VOLT1 DCNM5,DC5 VRESET,407
ESO DET VOLT1 DCNM6,DC6 BIASGATE,407
ESO DET VOLT1 DCNM7,DC7 EXTREF,407
ESO DET VOLT1 DCNM8,DC8 VLOAD,407
ESO DET VOLT1 DCNM9,DC9,407
ESO SEQ ARM,NIR,407
ESO DET READ SPEED,1pt/100k/hg,415
ESO DPR TYPE,BIAS,420
OBJECT,BIAS,420
ESO INS OPTI2 ID,PIN,435
ESO INS OPTI2 NAME,PIN,435
ESO DPR TECH,"ECHELLE,SLIT",436
ESO INS OPTI3 ID,PS9,544
ESO INS OPTI3 NAME,1.0x12.6,544
ESO INS OPTI4 ID,PS9,550
ESO INS OPTI4 NAME,1.0x12.6,550
ESO DET CHIP1 ID,Catherine,561
ESO DET CHIP1 NAME,MIT/LL CCID-20,561
ESO DET NAME,shdetv - shdetv,561
ESO DET OUT1 ID,A,561
ESO DET OUT1 NAME,A,561
ESO SEQ ARM,VIS,561
ESO OBS CONTAINER TYPE,U,579
ESO TPL VERSION,$Revision: 192749 $,585
ESO INS MODE,SLITSPEC,597
ESO INS PATH,SLITSPEC,597
ESO DET READ SPEED,1pt/400k/lg,628
ESO INS OPTI2 ID,MIR,637
ESO INS OPTI2 NAME,MIR,637
ESO OBS CONTAINER PARENT TYPE,U,656
ESO DET CHIP1 ID,Pisces Austr II,696
ESO DET CHIP1 NAME,e2v CC44-82,696
ESO DET NAME,shdetb - shdetb,696
ESO DET OUT1 ID,R,696
ESO DET OUT1 NAME,R,696
ESO SEQ ARM,UVB,696
ESO INS ADC1 MODE,AUTO,711
ESO INS ADC2 MODE,AUTO,711
ESO INS ADC3 MODE,AUTO,711
ESO INS ADC4 MODE,AUTO,711
ESO INS OPTI2 ID,SLOT,711
ESO INS OPTI2 NAME,SLOT,711
ESO OBS OBSERVER,UNKNOWN,725
ESO OBS PI-COI NAME,UNKNOWN,725
OBSERVER,UNKNOWN,725
PI-COI,UNKNOWN,725
ESO DPR TECH,IMAGE,990
ESO INS MODE,CALIB,1007
ESO INS PATH,CALIB,1007
ESO TPL NAME,Stand-alone Daytime Calibration Template,1029
ESO OBS PI-COI NAME,Paranal Observatory,1136
PI-COI,Paranal Observatory,1136
ESO INS ADC1 MODE,OFF,1150
ESO INS ADC2 MODE,OFF,1150
ESO INS ADC3 MODE,OFF,1150
ESO INS ADC4 MODE,OFF,1150
ESO DET EXP TYPE,Normal,1232
ESO DET FRAM TYPE,Normal,1232
ESO DET CHIP1 DATE,2005-04-22,1257
ESO DET DATE,2005-04-22,1257
ESO DET DID,"ESO-VLT-DIC.XSHOOT_CCD,ESO-VLT-DIC.FCDDCS",1257
ESO DET ID,CCD FIERA - Rev: 412361,1257
ESO DET SHUT ID,VA 25mm BistableCCD Sensor1,1257
ESO DET SHUT TYPE,Iris on Slit,1257
ESO DET TLM1 ID,CCD Sensor1,1257
ESO DET TLM1 NAME,CCD T1,1257
ESO DET TLM2 ID,CCD Sensor2,1257
ESO DET TLM2 NAME,CCD T2,1257
ESO DET TLM3 ID,Box Temp,1257
ESO DET TLM3 NAME,EBOX T,1257
ESO DET TLM4 ID,Vacuum,1257
ESO DET TLM4 NAME,Vacuum,1257
ESO INS OPTI5 ID,PS8,1288
ESO INS OPTI5 NAME,Blind,1288
ESO INS FILT1 ID,PS5,1444
ESO INS FILT1 NAME,U,1444
CTYPE1,PIXEL,1452
CTYPE2,PIXEL,1452
ESO DET READ MODE,normal,1454
ESO DET SOFW MODE,Normal,1454
ESO INS TILT1 MODE,STAT,1477
ESO INS TILT2 MODE,STAT,1477
ESO INS TILT3 MODE,STAT,1477
ESO INS MIRR1 ID,Sphere,1551
ESO INS MIRR1 NAME,Sphere,1551
ESO OBS PROG ID,60.A-9820(A),1568
TELESCOP,Tel name not set,1592
ESO DPR CATG,CALIB,1841
ESO INS DATE,2005-04-01,1861
ESO INS DID1,XSHOOTER_ICS-402729,1861
ESO INS DID2,PRIMARY-FITS-1.2,1861
ESO INS ID,XSHOOTER/176642,1861
ESO INS OPTI2 TYPE,MIRROR,1861
ESO INS OPTI3 TYPE,SLIT,1861
ESO INS OPTI4 TYPE,SLIT,1861
ESO INS OPTI5 TYPE,SLIT,1861
ESO INS SENS21 ID,CA1F1,1861
ESO INS SENS21 NAME,Cab.1 Flow rate,1861
ESO INS SENS60 ID,NPM,1861
ESO INS SENS60 NAME,NIR cryo. P,1861
ESO INS SENS81 ID,RANGE,1861
ESO INS SENS81 NAME,Heater Range,1861
ESO INS SENS82 ID,HEATR,1861
ESO INS SENS82 NAME,Heater output,1861
ESO INS SENSOR1 ID,tms,1861
ESO INS SENSOR1 NAME,Temperatures,1861
ESO INS SENSOR4 ID,ccc1,1861
ESO INS SENSOR4 NAME,Cooling ctrl. 1,1861
ESO INS SENSOR5 ID,bal,1861
ESO INS SENSOR5 NAME,NIR Pressure Mon.,1861
ESO INS SENSOR6 ID,cryo,1861
ESO INS SENSOR6 NAME,NIR Cryostat Mon.,1861
ESO INS SENSOR7 ID,lake,1861
ESO INS SENSOR7 NAME,NIR Head Temp.,1861
ESO INS SHUT1 ID,INSH,1861
ESO INS SHUT1 NAME,Instrument shutter,1861
ESO INS SWSIM,NORMAL,1861
ESO INS TEMP1 ID,TMUC,1861
ESO INS TEMP1 NAME,UVB Camera temp.,1861
ESO INS TEMP10 ID,TMA,1861
ESO INS TEMP10 NAME,Ambient temp.,1861
ESO INS TEMP11 ID,TMADC,1861
ESO INS TEMP11 NAME,BB UVB ADC temp.,1861
ESO INS TEMP2 ID,TMUP,1861
ESO INS TEMP2 NAME,UVB Prism temp.,1861
ESO INS TEMP21 ID,CA1OT,1861
ESO INS TEMP21 NAME,Cab.1 outlet temp.,1861
ESO INS TEMP22 ID,CA1IT,1861
ESO INS TEMP22 NAME,Cab.1 inlet temp.,1861
ESO INS TEMP23 ID,CA1CT,1861
ESO INS TEMP23 NAME,Cab.1 temp.,1861
ESO INS TEMP24 ID,CA1AT,1861
ESO INS TEMP24 NAME,Cab.1 Amb. temp.,1861
ESO INS TEMP3 ID,TMUB,1861
ESO INS TEMP3 NAME,UVB bench temp.,1861
ESO INS TEMP4 ID,TMVC,1861
ESO INS TEMP4 NAME,VIS Camera temp.,1861
ESO INS TEMP5 ID,TMVP,1861
ESO INS TEMP5 NAME,VIS Prism temp.,1861
ESO INS TEMP6 ID,TMVB,1861
ESO INS TEMP6 NAME,VIS bench temp.,1861
ESO INS TEMP7 ID,TMUCR,1861
ESO INS TEMP7 NAME,UVB cryo. temp.,1861
ESO INS TEMP8 ID,TMVCR,1861
ESO INS TEMP8 NAME,VIS cryo. temp.,1861
ESO INS TEMP80 ID,OBCT,1861
ESO INS TEMP80 NAME,OB Cover Tel.,1861
ESO INS TEMP81 ID,OBCB,1861
ESO INS TEMP81 NAME,OB Cover Tank,1861
ESO INS TEMP82 ID,OBPR,1861
ESO INS TEMP82 NAME,OB Prism1,1861
ESO INS TEMP83 ID,OBCL,1861
ESO INS TEMP83 NAME,OB Corrector Lens,1861
ESO INS TEMP84 ID,CP,1861
ESO INS TEMP84 NAME,Cryo. Cold Plate,1861
ESO INS TEMP85 ID,RS,1861
ESO INS TEMP85 NAME,Cryo. rad. shield,1861
ESO INS TEMP86 ID,DCB,1861
ESO INS TEMP86 NAME,CCD Copper bar,1861
ESO INS TEMP9 ID,TMNCR,1861
ESO INS TEMP9 NAME,NIR cryo. temp.,1861
ESO INS TEMP90 ID,NHT,1861
ESO INS TEMP90 NAME,NIR Head temp.,1861
ESO INS TILT1 ID,afcs1,1861
ESO INS TILT1 NAME,Flexure comp. UVB,1861
ESO INS TILT2 ID,afcs2,1861
ESO INS TILT2 NAME,Flexure comp. VIS,1861
ESO INS TILT3 ID,afcs3,1861
ESO INS TILT3 NAME,Flexure comp. NIR,1861
ESO OBS DID,ESO-VLT-DIC.OBS-2.2,1861
ESO TPL DID,ESO-VLT-DIC.TPL-1.9,1861
INSTRUME,XSHOOTER,1861
ORIGIN,ESO,1861
